scenario_version,policy_grid_version,detector_set_version,scenario_id,detector_id,policy_id,seed,A,H,loss,loss_p90_term,contain_frac,breach_frac,false_alerts
v1.0,v1.0,v1.0,S0_nominal,D0_weak,P_alpha0.15,0,0.9090909090909091,1.0,0.09690909090909094,,0.0,0.0,3.0
v1.0,v1.0,v1.0,S0_nominal,D0_weak,P_alpha0.15,1,0.9090909090909091,1.0,0.09290909090909094,,0.0,0.0,1.0
v1.0,v1.0,v1.0,S0_nominal,D0_weak,P_alpha0.15,2,0.9090909090909091,1.0,0.09090909090909094,,0.0,0.0,0.0
v1.0,v1.0,v1.0,S0_nominal,D0_weak,P_alpha0.15,3,0.9090909090909091,1.0,0.09090909090909094,,0.0,0.0,0.0
v1.0,v1.0,v1.0,S0_nominal,D0_weak,P_alpha0.15,4,0.9090909090909091,1.0,0.09290909090909094,,0.0,0.0,1.0
v1.0,v1.0,v1.0,S0_nominal,D0_weak,P_alpha0.15,5,0.9090909090909091,1.0,0.09290909090909094,,0.0,0.0,1.0
v1.0,v1.0,v1.0,S0_nominal,D0_weak,P_alpha0.15,6,0.9090909090909091,1.0,0.09290909090909094,,0.0,0.0,1.0
v1.0,v1.0,v1.0,S0_nominal,D0_weak,P_alpha0.15,7,0.9090909090909091,1.0,0.09290909090909094,,0.0,0.0,1.0
v1.0,v1.0,v1.0,S0_nominal,D0_weak,P_alpha0.15,8,0.9090909090909091,1.0,0.09290909090909094,,0.0,0.0,1.0
v1.0,v1.0,v1.0,S0_nominal,D0_weak,P_alpha0.15,9,0.9090909090909091,1.0,0.09090909090909094,,0.0,0.0,0.0
v1.0,v1.0,v1.0,S0_nominal,D0_weak,P_alpha0.15,10,0.9090909090909091,1.0,0.09290909090909094,,0.0,0.0,1.0
v1.0,v1.0,v1.0,S0_nominal,D0_weak,P_alpha0.15,11,0.9090909090909091,1.0,0.09290909090909094,,0.0,0.0,1.0
v1.0,v1.0,v1.0,S0_nominal,D0_weak,P_alpha0.15,12,0.9090909090909091,1.0,0.09290909090909094,,0.0,0.0,1.0
v1.0,v1.0,v1.0,S0_nominal,D0_weak,P_alpha0.15,13,0.9090909090909091,1.0,0.09290909090909094,,0.0,0.0,1.0
v1.0,v1.0,v1.0,S0_nominal,D0_weak,P_alpha0.15,14,0.9090909090909091,1.0,0.09090909090909094,,0.0,0.0,0.0
v1.0,v1.0,v1.0,S0_nominal,D0_weak,P_alpha0.15,15,0.9090909090909091,1.0,0.09490909090909094,,0.0,0.0,2.0
v1.0,v1.0,v1.0,S0_nominal,D0_weak,P_alpha0.15,16,0.9090909090909091,1.0,0.09090909090909094,,0.0,0.0,0.0
v1.0,v1.0,v1.0,S0_nominal,D0_weak,P_alpha0.15,17,0.9090909090909091,1.0,0.09490909090909094,,0.0,0.0,2.0
v1.0,v1.0,v1.0,S0_nominal,D0_weak,P_alpha0.15,18,0.9090909090909091,1.0,0.09090909090909094,,0.0,0.0,0.0
v1.0,v1.0,v1.0,S0_nominal,D0_weak,P_alpha0.15,19,0.9090909090909091,1.0,0.09490909090909094,,0.0,0.0,2.0
v1.0,v1.0,v1.0,S0_nominal,D0_weak,P_alpha0.15,20,0.9090909090909091,1.0,0.09290909090909094,,0.0,0.0,1.0
v1.0,v1.0,v1.0,S0_nominal,D0_weak,P_alpha0.15,21,0.9090909090909091,1.0,0.09690909090909094,,0.0,0.0,3.0
v1.0,v1.0,v1.0,S0_nominal,D0_weak,P_alpha0.15,22,0.9090909090909091,1.0,0.09090909090909094,,0.0,0.0,0.0
v1.0,v1.0,v1.0,S0_nominal,D0_weak,P_alpha0.15,23,0.9090909090909091,1.0,0.09290909090909094,,0.0,0.0,1.0
v1.0,v1.0,v1.0,S0_nominal,D0_weak,P_alpha0.15,24,0.9090909090909091,1.0,0.09490909090909094,,0.0,0.0,2.0
v1.0,v1.0,v1.0,S0_nominal,D0_weak,P_alpha0.15,25,0.9090909090909091,1.0,0.09290909090909094,,0.0,0.0,1.0
v1.0,v1.0,v1.0,S0_nominal,D0_weak,P_alpha0.15,26,0.9090909090909091,1.0,0.09090909090909094,,0.0,0.0,0.0
v1.0,v1.0,v1.0,S0_nominal,D0_weak,P_alpha0.15,27,0.9090909090909091,1.0,0.09090909090909094,,0.0,0.0,0.0
v1.0,v1.0,v1.0,S0_nominal,D0_weak,P_alpha0.15,28,0.9090909090909091,1.0,0.09090909090909094,,0.0,0.0,0.0
v1.0,v1.0,v1.0,S0_nominal,D0_weak,P_alpha0.15,29,0.9090909090909091,1.0,0.09490909090909094,,0.0,0.0,2.0
v1.0,v1.0,v1.0,S0_nominal,D0_weak,P_alpha0.15,30,0.9090909090909091,1.0,0.09090909090909094,,0.0,0.0,0.0
v1.0,v1.0,v1.0,S0_nominal,D0_weak,P_alpha0.15,31,0.9090909090909091,1.0,0.09490909090909094,,0.0,0.0,2.0
v1.0,v1.0,v1.0,S0_nominal,D0_weak,P_alpha0.15,32,0.9090909090909091,1.0,0.09290909090909094,,0.0,0.0,1.0
v1.0,v1.0,v1.0,S0_nominal,D0_weak,P_alpha0.15,33,0.9090909090909091,1.0,0.09490909090909094,,0.0,0.0,2.0
v1.0,v1.0,v1.0,S0_nominal,D0_weak,P_alpha0.15,34,0.9090909090909091,1.0,0.09290909090909094,,0.0,0.0,1.0
v1.0,v1.0,v1.0,S0_nominal,D0_weak,P_alpha0.15,35,0.9090909090909091,1.0,0.09290909090909094,,0.0,0.0,1.0
v1.0,v1.0,v1.0,S0_nominal,D0_weak,P_alpha0.15,36,0.9090909090909091,1.0,0.09290909090909094,,0.0,0.0,1.0
v1.0,v1.0,v1.0,S0_nominal,D0_weak,P_alpha0.15,37,0.9090909090909091,1.0,0.09490909090909094,,0.0,0.0,2.0
v1.0,v1.0,v1.0,S0_nominal,D0_weak,P_alpha0.15,38,0.9090909090909091,1.0,0.09290909090909094,,0.0,0.0,1.0
v1.0,v1.0,v1.0,S0_nominal,D0_weak,P_alpha0.15,39,0.9090909090909091,1.0,0.09090909090909094,,0.0,0.0,0.0
v1.0,v1.0,v1.0,S0_nominal,D0_weak,P_alpha0.30,0,0.9090909090909091,1.0,0.09690909090909094,,0.0,0.0,3.0
v1.0,v1.0,v1.0,S0_nominal,D0_weak,P_alpha0.30,1,0.9090909090909091,1.0,0.09290909090909094,,0.0,0.0,1.0
v1.0,v1.0,v1.0,S0_nominal,D0_weak,P_alpha0.30,2,0.9090909090909091,1.0,0.09090909090909094,,0.0,0.0,0.0
v1.0,v1.0,v1.0,S0_nominal,D0_weak,P_alpha0.30,3,0.9090909090909091,1.0,0.09090909090909094,,0.0,0.0,0.0
v1.0,v1.0,v1.0,S0_nominal,D0_weak,P_alpha0.30,4,0.9090909090909091,1.0,0.09290909090909094,,0.0,0.0,1.0
v1.0,v1.0,v1.0,S0_nominal,D0_weak,P_alpha0.30,5,0.9090909090909091,1.0,0.09290909090909094,,0.0,0.0,1.0
v1.0,v1.0,v1.0,S0_nominal,D0_weak,P_alpha0.30,6,0.9090909090909091,1.0,0.09290909090909094,,0.0,0.0,1.0
v1.0,v1.0,v1.0,S0_nominal,D0_weak,P_alpha0.30,7,0.9090909090909091,1.0,0.09290909090909094,,0.0,0.0,1.0
v1.0,v1.0,v1.0,S0_nominal,D0_weak,P_alpha0.30,8,0.9090909090909091,1.0,0.09290909090909094,,0.0,0.0,1.0
v1.0,v1.0,v1.0,S0_nominal,D0_weak,P_alpha0.30,9,0.9090909090909091,1.0,0.09090909090909094,,0.0,0.0,0.0
v1.0,v1.0,v1.0,S0_nominal,D0_weak,P_alpha0.30,10,0.9090909090909091,1.0,0.09290909090909094,,0.0,0.0,1.0
v1.0,v1.0,v1.0,S0_nominal,D0_weak,P_alpha0.30,11,0.9090909090909091,1.0,0.09290909090909094,,0.0,0.0,1.0
v1.0,v1.0,v1.0,S0_nominal,D0_weak,P_alpha0.30,12,0.9090909090909091,1.0,0.09290909090909094,,0.0,0.0,1.0
v1.0,v1.0,v1.0,S0_nominal,D0_weak,P_alpha0.30,13,0.9090909090909091,1.0,0.09290909090909094,,0.0,0.0,1.0
v1.0,v1.0,v1.0,S0_nominal,D0_weak,P_alpha0.30,14,0.9090909090909091,1.0,0.09090909090909094,,0.0,0.0,0.0
v1.0,v1.0,v1.0,S0_nominal,D0_weak,P_alpha0.30,15,0.9090909090909091,1.0,0.09490909090909094,,0.0,0.0,2.0
v1.0,v1.0,v1.0,S0_nominal,D0_weak,P_alpha0.30,16,0.9090909090909091,1.0,0.09090909090909094,,0.0,0.0,0.0
v1.0,v1.0,v1.0,S0_nominal,D0_weak,P_alpha0.30,17,0.9090909090909091,1.0,0.09490909090909094,,0.0,0.0,2.0
v1.0,v1.0,v1.0,S0_nominal,D0_weak,P_alpha0.30,18,0.9090909090909091,1.0,0.09090909090909094,,0.0,0.0,0.0
v1.0,v1.0,v1.0,S0_nominal,D0_weak,P_alpha0.30,19,0.9090909090909091,1.0,0.09490909090909094,,0.0,0.0,2.0
v1.0,v1.0,v1.0,S0_nominal,D0_weak,P_alpha0.30,20,0.9090909090909091,1.0,0.09290909090909094,,0.0,0.0,1.0
v1.0,v1.0,v1.0,S0_nominal,D0_weak,P_alpha0.30,21,0.9090909090909091,1.0,0.09690909090909094,,0.0,0.0,3.0
v1.0,v1.0,v1.0,S0_nominal,D0_weak,P_alpha0.30,22,0.9090909090909091,1.0,0.09090909090909094,,0.0,0.0,0.0
v1.0,v1.0,v1.0,S0_nominal,D0_weak,P_alpha0.30,23,0.9090909090909091,1.0,0.09290909090909094,,0.0,0.0,1.0
v1.0,v1.0,v1.0,S0_nominal,D0_weak,P_alpha0.30,24,0.9090909090909091,1.0,0.09490909090909094,,0.0,0.0,2.0
v1.0,v1.0,v1.0,S0_nominal,D0_weak,P_alpha0.30,25,0.9090909090909091,1.0,0.09290909090909094,,0.0,0.0,1.0
v1.0,v1.0,v1.0,S0_nominal,D0_weak,P_alpha0.30,26,0.9090909090909091,1.0,0.09090909090909094,,0.0,0.0,0.0
v1.0,v1.0,v1.0,S0_nominal,D0_weak,P_alpha0.30,27,0.9090909090909091,1.0,0.09090909090909094,,0.0,0.0,0.0
v1.0,v1.0,v1.0,S0_nominal,D0_weak,P_alpha0.30,28,0.9090909090909091,1.0,0.09090909090909094,,0.0,0.0,0.0
v1.0,v1.0,v1.0,S0_nominal,D0_weak,P_alpha0.30,29,0.9090909090909091,1.0,0.09490909090909094,,0.0,0.0,2.0
v1.0,v1.0,v1.0,S0_nominal,D0_weak,P_alpha0.30,30,0.9090909090909091,1.0,0.09090909090909094,,0.0,0.0,0.0
v1.0,v1.0,v1.0,S0_nominal,D0_weak,P_alpha0.30,31,0.9090909090909091,1.0,0.09490909090909094,,0.0,0.0,2.0
v1.0,v1.0,v1.0,S0_nominal,D0_weak,P_alpha0.30,32,0.9090909090909091,1.0,0.09290909090909094,,0.0,0.0,1.0
v1.0,v1.0,v1.0,S0_nominal,D0_weak,P_alpha0.30,33,0.9090909090909091,1.0,0.09490909090909094,,0.0,0.0,2.0
v1.0,v1.0,v1.0,S0_nominal,D0_weak,P_alpha0.30,34,0.9090909090909091,1.0,0.09290909090909094,,0.0,0.0,1.0
v1.0,v1.0,v1.0,S0_nominal,D0_weak,P_alpha0.30,35,0.9090909090909091,1.0,0.09290909090909094,,0.0,0.0,1.0
v1.0,v1.0,v1.0,S0_nominal,D0_weak,P_alpha0.30,36,0.9090909090909091,1.0,0.09290909090909094,,0.0,0.0,1.0
v1.0,v1.0,v1.0,S0_nominal,D0_weak,P_alpha0.30,37,0.9090909090909091,1.0,0.09490909090909094,,0.0,0.0,2.0
v1.0,v1.0,v1.0,S0_nominal,D0_weak,P_alpha0.30,38,0.9090909090909091,1.0,0.09290909090909094,,0.0,0.0,1.0
v1.0,v1.0,v1.0,S0_nominal,D0_weak,P_alpha0.30,39,0.9090909090909091,1.0,0.09090909090909094,,0.0,0.0,0.0
v1.0,v1.0,v1.0,S0_nominal,D0_weak,P_alpha0.45,0,0.9090909090909091,1.0,0.09690909090909094,,0.0,0.0,3.0
v1.0,v1.0,v1.0,S0_nominal,D0_weak,P_alpha0.45,1,0.9090909090909091,1.0,0.09290909090909094,,0.0,0.0,1.0
v1.0,v1.0,v1.0,S0_nominal,D0_weak,P_alpha0.45,2,0.9090909090909091,1.0,0.09090909090909094,,0.0,0.0,0.0
v1.0,v1.0,v1.0,S0_nominal,D0_weak,P_alpha0.45,3,0.9090909090909091,1.0,0.09090909090909094,,0.0,0.0,0.0
v1.0,v1.0,v1.0,S0_nominal,D0_weak,P_alpha0.45,4,0.9090909090909091,1.0,0.09290909090909094,,0.0,0.0,1.0
v1.0,v1.0,v1.0,S0_nominal,D0_weak,P_alpha0.45,5,0.9090909090909091,1.0,0.09290909090909094,,0.0,0.0,1.0
v1.0,v1.0,v1.0,S0_nominal,D0_weak,P_alpha0.45,6,0.9090909090909091,1.0,0.09290909090909094,,0.0,0.0,1.0
v1.0,v1.0,v1.0,S0_nominal,D0_weak,P_alpha0.45,7,0.9090909090909091,1.0,0.09290909090909094,,0.0,0.0,1.0
v1.0,v1.0,v1.0,S0_nominal,D0_weak,P_alpha0.45,8,0.9090909090909091,1.0,0.09290909090909094,,0.0,0.0,1.0
v1.0,v1.0,v1.0,S0_nominal,D0_weak,P_alpha0.45,9,0.9090909090909091,1.0,0.09090909090909094,,0.0,0.0,0.0
v1.0,v1.0,v1.0,S0_nominal,D0_weak,P_alpha0.45,10,0.9090909090909091,1.0,0.09290909090909094,,0.0,0.0,1.0
v1.0,v1.0,v1.0,S0_nominal,D0_weak,P_alpha0.45,11,0.9090909090909091,1.0,0.09290909090909094,,0.0,0.0,1.0
v1.0,v1.0,v1.0,S0_nominal,D0_weak,P_alpha0.45,12,0.9090909090909091,1.0,0.09290909090909094,,0.0,0.0,1.0
v1.0,v1.0,v1.0,S0_nominal,D0_weak,P_alpha0.45,13,0.9090909090909091,1.0,0.09290909090909094,,0.0,0.0,1.0
v1.0,v1.0,v1.0,S0_nominal,D0_weak,P_alpha0.45,14,0.9090909090909091,1.0,0.09090909090909094,,0.0,0.0,0.0
v1.0,v1.0,v1.0,S0_nominal,D0_weak,P_alpha0.45,15,0.9090909090909091,1.0,0.09490909090909094,,0.0,0.0,2.0
v1.0,v1.0,v1.0,S0_nominal,D0_weak,P_alpha0.45,16,0.9090909090909091,1.0,0.09090909090909094,,0.0,0.0,0.0
v1.0,v1.0,v1.0,S0_nominal,D0_weak,P_alpha0.45,17,0.9090909090909091,1.0,0.09490909090909094,,0.0,0.0,2.0
v1.0,v1.0,v1.0,S0_nominal,D0_weak,P_alpha0.45,18,0.9090909090909091,1.0,0.09090909090909094,,0.0,0.0,0.0
v1.0,v1.0,v1.0,S0_nominal,D0_weak,P_alpha0.45,19,0.9090909090909091,1.0,0.09490909090909094,,0.0,0.0,2.0
v1.0,v1.0,v1.0,S0_nominal,D0_weak,P_alpha0.45,20,0.9090909090909091,1.0,0.09290909090909094,,0.0,0.0,1.0
v1.0,v1.0,v1.0,S0_nominal,D0_weak,P_alpha0.45,21,0.9090909090909091,1.0,0.09690909090909094,,0.0,0.0,3.0
v1.0,v1.0,v1.0,S0_nominal,D0_weak,P_alpha0.45,22,0.9090909090909091,1.0,0.09090909090909094,,0.0,0.0,0.0
v1.0,v1.0,v1.0,S0_nominal,D0_weak,P_alpha0.45,23,0.9090909090909091,1.0,0.09290909090909094,,0.0,0.0,1.0
v1.0,v1.0,v1.0,S0_nominal,D0_weak,P_alpha0.45,24,0.9090909090909091,1.0,0.09490909090909094,,0.0,0.0,2.0
v1.0,v1.0,v1.0,S0_nominal,D0_weak,P_alpha0.45,25,0.9090909090909091,1.0,0.09290909090909094,,0.0,0.0,1.0
v1.0,v1.0,v1.0,S0_nominal,D0_weak,P_alpha0.45,26,0.9090909090909091,1.0,0.09090909090909094,,0.0,0.0,0.0
v1.0,v1.0,v1.0,S0_nominal,D0_weak,P_alpha0.45,27,0.9090909090909091,1.0,0.09090909090909094,,0.0,0.0,0.0
v1.0,v1.0,v1.0,S0_nominal,D0_weak,P_alpha0.45,28,0.9090909090909091,1.0,0.09090909090909094,,0.0,0.0,0.0
v1.0,v1.0,v1.0,S0_nominal,D0_weak,P_alpha0.45,29,0.9090909090909091,1.0,0.09490909090909094,,0.0,0.0,2.0
v1.0,v1.0,v1.0,S0_nominal,D0_weak,P_alpha0.45,30,0.9090909090909091,1.0,0.09090909090909094,,0.0,0.0,0.0
v1.0,v1.0,v1.0,S0_nominal,D0_weak,P_alpha0.45,31,0.9090909090909091,1.0,0.09490909090909094,,0.0,0.0,2.0
v1.0,v1.0,v1.0,S0_nominal,D0_weak,P_alpha0.45,32,0.9090909090909091,1.0,0.09290909090909094,,0.0,0.0,1.0
v1.0,v1.0,v1.0,S0_nominal,D0_weak,P_alpha0.45,33,0.9090909090909091,1.0,0.09490909090909094,,0.0,0.0,2.0
v1.0,v1.0,v1.0,S0_nominal,D0_weak,P_alpha0.45,34,0.9090909090909091,1.0,0.09290909090909094,,0.0,0.0,1.0
v1.0,v1.0,v1.0,S0_nominal,D0_weak,P_alpha0.45,35,0.9090909090909091,1.0,0.09290909090909094,,0.0,0.0,1.0
v1.0,v1.0,v1.0,S0_nominal,D0_weak,P_alpha0.45,36,0.9090909090909091,1.0,0.09290909090909094,,0.0,0.0,1.0
v1.0,v1.0,v1.0,S0_nominal,D0_weak,P_alpha0.45,37,0.9090909090909091,1.0,0.09490909090909094,,0.0,0.0,2.0
v1.0,v1.0,v1.0,S0_nominal,D0_weak,P_alpha0.45,38,0.9090909090909091,1.0,0.09290909090909094,,0.0,0.0,1.0
v1.0,v1.0,v1.0,S0_nominal,D0_weak,P_alpha0.45,39,0.9090909090909091,1.0,0.09090909090909094,,0.0,0.0,0.0
v1.0,v1.0,v1.0,S0_nominal,D0_weak,P_alpha0.60,0,0.9090909090909091,1.0,0.09690909090909094,,0.0,0.0,3.0
v1.0,v1.0,v1.0,S0_nominal,D0_weak,P_alpha0.60,1,0.9090909090909091,1.0,0.09290909090909094,,0.0,0.0,1.0
v1.0,v1.0,v1.0,S0_nominal,D0_weak,P_alpha0.60,2,0.9090909090909091,1.0,0.09090909090909094,,0.0,0.0,0.0
v1.0,v1.0,v1.0,S0_nominal,D0_weak,P_alpha0.60,3,0.9090909090909091,1.0,0.09090909090909094,,0.0,0.0,0.0
v1.0,v1.0,v1.0,S0_nominal,D0_weak,P_alpha0.60,4,0.9090909090909091,1.0,0.09290909090909094,,0.0,0.0,1.0
v1.0,v1.0,v1.0,S0_nominal,D0_weak,P_alpha0.60,5,0.9090909090909091,1.0,0.09290909090909094,,0.0,0.0,1.0
v1.0,v1.0,v1.0,S0_nominal,D0_weak,P_alpha0.60,6,0.9090909090909091,1.0,0.09290909090909094,,0.0,0.0,1.0
v1.0,v1.0,v1.0,S0_nominal,D0_weak,P_alpha0.60,7,0.9090909090909091,1.0,0.09290909090909094,,0.0,0.0,1.0
v1.0,v1.0,v1.0,S0_nominal,D0_weak,P_alpha0.60,8,0.9090909090909091,1.0,0.09290909090909094,,0.0,0.0,1.0
v1.0,v1.0,v1.0,S0_nominal,D0_weak,P_alpha0.60,9,0.9090909090909091,1.0,0.09090909090909094,,0.0,0.0,0.0
v1.0,v1.0,v1.0,S0_nominal,D0_weak,P_alpha0.60,10,0.9090909090909091,1.0,0.09290909090909094,,0.0,0.0,1.0
v1.0,v1.0,v1.0,S0_nominal,D0_weak,P_alpha0.60,11,0.9090909090909091,1.0,0.09290909090909094,,0.0,0.0,1.0
v1.0,v1.0,v1.0,S0_nominal,D0_weak,P_alpha0.60,12,0.9090909090909091,1.0,0.09290909090909094,,0.0,0.0,1.0
v1.0,v1.0,v1.0,S0_nominal,D0_weak,P_alpha0.60,13,0.9090909090909091,1.0,0.09290909090909094,,0.0,0.0,1.0
v1.0,v1.0,v1.0,S0_nominal,D0_weak,P_alpha0.60,14,0.9090909090909091,1.0,0.09090909090909094,,0.0,0.0,0.0
v1.0,v1.0,v1.0,S0_nominal,D0_weak,P_alpha0.60,15,0.9090909090909091,1.0,0.09490909090909094,,0.0,0.0,2.0
v1.0,v1.0,v1.0,S0_nominal,D0_weak,P_alpha0.60,16,0.9090909090909091,1.0,0.09090909090909094,,0.0,0.0,0.0
v1.0,v1.0,v1.0,S0_nominal,D0_weak,P_alpha0.60,17,0.9090909090909091,1.0,0.09490909090909094,,0.0,0.0,2.0
v1.0,v1.0,v1.0,S0_nominal,D0_weak,P_alpha0.60,18,0.9090909090909091,1.0,0.09090909090909094,,0.0,0.0,0.0
v1.0,v1.0,v1.0,S0_nominal,D0_weak,P_alpha0.60,19,0.9090909090909091,1.0,0.09490909090909094,,0.0,0.0,2.0
v1.0,v1.0,v1.0,S0_nominal,D0_weak,P_alpha0.60,20,0.9090909090909091,1.0,0.09290909090909094,,0.0,0.0,1.0
v1.0,v1.0,v1.0,S0_nominal,D0_weak,P_alpha0.60,21,0.9090909090909091,1.0,0.09690909090909094,,0.0,0.0,3.0
v1.0,v1.0,v1.0,S0_nominal,D0_weak,P_alpha0.60,22,0.9090909090909091,1.0,0.09090909090909094,,0.0,0.0,0.0
v1.0,v1.0,v1.0,S0_nominal,D0_weak,P_alpha0.60,23,0.9090909090909091,1.0,0.09290909090909094,,0.0,0.0,1.0
v1.0,v1.0,v1.0,S0_nominal,D0_weak,P_alpha0.60,24,0.9090909090909091,1.0,0.09490909090909094,,0.0,0.0,2.0
v1.0,v1.0,v1.0,S0_nominal,D0_weak,P_alpha0.60,25,0.9090909090909091,1.0,0.09290909090909094,,0.0,0.0,1.0
v1.0,v1.0,v1.0,S0_nominal,D0_weak,P_alpha0.60,26,0.9090909090909091,1.0,0.09090909090909094,,0.0,0.0,0.0
v1.0,v1.0,v1.0,S0_nominal,D0_weak,P_alpha0.60,27,0.9090909090909091,1.0,0.09090909090909094,,0.0,0.0,0.0
v1.0,v1.0,v1.0,S0_nominal,D0_weak,P_alpha0.60,28,0.9090909090909091,1.0,0.09090909090909094,,0.0,0.0,0.0
v1.0,v1.0,v1.0,S0_nominal,D0_weak,P_alpha0.60,29,0.9090909090909091,1.0,0.09490909090909094,,0.0,0.0,2.0
v1.0,v1.0,v1.0,S0_nominal,D0_weak,P_alpha0.60,30,0.9090909090909091,1.0,0.09090909090909094,,0.0,0.0,0.0
v1.0,v1.0,v1.0,S0_nominal,D0_weak,P_alpha0.60,31,0.9090909090909091,1.0,0.09490909090909094,,0.0,0.0,2.0
v1.0,v1.0,v1.0,S0_nominal,D0_weak,P_alpha0.60,32,0.9090909090909091,1.0,0.09290909090909094,,0.0,0.0,1.0
v1.0,v1.0,v1.0,S0_nominal,D0_weak,P_alpha0.60,33,0.9090909090909091,1.0,0.09490909090909094,,0.0,0.0,2.0
v1.0,v1.0,v1.0,S0_nominal,D0_weak,P_alpha0.60,34,0.9090909090909091,1.0,0.09290909090909094,,0.0,0.0,1.0
v1.0,v1.0,v1.0,S0_nominal,D0_weak,P_alpha0.60,35,0.9090909090909091,1.0,0.09290909090909094,,0.0,0.0,1.0
v1.0,v1.0,v1.0,S0_nominal,D0_weak,P_alpha0.60,36,0.9090909090909091,1.0,0.09290909090909094,,0.0,0.0,1.0
v1.0,v1.0,v1.0,S0_nominal,D0_weak,P_alpha0.60,37,0.9090909090909091,1.0,0.09490909090909094,,0.0,0.0,2.0
v1.0,v1.0,v1.0,S0_nominal,D0_weak,P_alpha0.60,38,0.9090909090909091,1.0,0.09290909090909094,,0.0,0.0,1.0
v1.0,v1.0,v1.0,S0_nominal,D0_weak,P_alpha0.60,39,0.9090909090909091,1.0,0.09090909090909094,,0.0,0.0,0.0
v1.0,v1.0,v1.0,S0_nominal,D0_weak,P_alpha0.75,0,0.9090909090909091,1.0,0.09690909090909094,,0.0,0.0,3.0
v1.0,v1.0,v1.0,S0_nominal,D0_weak,P_alpha0.75,1,0.9090909090909091,1.0,0.09290909090909094,,0.0,0.0,1.0
v1.0,v1.0,v1.0,S0_nominal,D0_weak,P_alpha0.75,2,0.9090909090909091,1.0,0.09090909090909094,,0.0,0.0,0.0
v1.0,v1.0,v1.0,S0_nominal,D0_weak,P_alpha0.75,3,0.9090909090909091,1.0,0.09090909090909094,,0.0,0.0,0.0
v1.0,v1.0,v1.0,S0_nominal,D0_weak,P_alpha0.75,4,0.9090909090909091,1.0,0.09290909090909094,,0.0,0.0,1.0
v1.0,v1.0,v1.0,S0_nominal,D0_weak,P_alpha0.75,5,0.9090909090909091,1.0,0.09290909090909094,,0.0,0.0,1.0
v1.0,v1.0,v1.0,S0_nominal,D0_weak,P_alpha0.75,6,0.9090909090909091,1.0,0.09290909090909094,,0.0,0.0,1.0
v1.0,v1.0,v1.0,S0_nominal,D0_weak,P_alpha0.75,7,0.9090909090909091,1.0,0.09290909090909094,,0.0,0.0,1.0
v1.0,v1.0,v1.0,S0_nominal,D0_weak,P_alpha0.75,8,0.9090909090909091,1.0,0.09290909090909094,,0.0,0.0,1.0
v1.0,v1.0,v1.0,S0_nominal,D0_weak,P_alpha0.75,9,0.9090909090909091,1.0,0.09090909090909094,,0.0,0.0,0.0
v1.0,v1.0,v1.0,S0_nominal,D0_weak,P_alpha0.75,10,0.9090909090909091,1.0,0.09290909090909094,,0.0,0.0,1.0
v1.0,v1.0,v1.0,S0_nominal,D0_weak,P_alpha0.75,11,0.9090909090909091,1.0,0.09290909090909094,,0.0,0.0,1.0
v1.0,v1.0,v1.0,S0_nominal,D0_weak,P_alpha0.75,12,0.9090909090909091,1.0,0.09290909090909094,,0.0,0.0,1.0
v1.0,v1.0,v1.0,S0_nominal,D0_weak,P_alpha0.75,13,0.9090909090909091,1.0,0.09290909090909094,,0.0,0.0,1.0
v1.0,v1.0,v1.0,S0_nominal,D0_weak,P_alpha0.75,14,0.9090909090909091,1.0,0.09090909090909094,,0.0,0.0,0.0
v1.0,v1.0,v1.0,S0_nominal,D0_weak,P_alpha0.75,15,0.9090909090909091,1.0,0.09490909090909094,,0.0,0.0,2.0
v1.0,v1.0,v1.0,S0_nominal,D0_weak,P_alpha0.75,16,0.9090909090909091,1.0,0.09090909090909094,,0.0,0.0,0.0
v1.0,v1.0,v1.0,S0_nominal,D0_weak,P_alpha0.75,17,0.9090909090909091,1.0,0.09490909090909094,,0.0,0.0,2.0
v1.0,v1.0,v1.0,S0_nominal,D0_weak,P_alpha0.75,18,0.9090909090909091,1.0,0.09090909090909094,,0.0,0.0,0.0
v1.0,v1.0,v1.0,S0_nominal,D0_weak,P_alpha0.75,19,0.9090909090909091,1.0,0.09490909090909094,,0.0,0.0,2.0
v1.0,v1.0,v1.0,S0_nominal,D0_weak,P_alpha0.75,20,0.9090909090909091,1.0,0.09290909090909094,,0.0,0.0,1.0
v1.0,v1.0,v1.0,S0_nominal,D0_weak,P_alpha0.75,21,0.9090909090909091,1.0,0.09690909090909094,,0.0,0.0,3.0
v1.0,v1.0,v1.0,S0_nominal,D0_weak,P_alpha0.75,22,0.9090909090909091,1.0,0.09090909090909094,,0.0,0.0,0.0
v1.0,v1.0,v1.0,S0_nominal,D0_weak,P_alpha0.75,23,0.9090909090909091,1.0,0.09290909090909094,,0.0,0.0,1.0
v1.0,v1.0,v1.0,S0_nominal,D0_weak,P_alpha0.75,24,0.9090909090909091,1.0,0.09490909090909094,,0.0,0.0,2.0
v1.0,v1.0,v1.0,S0_nominal,D0_weak,P_alpha0.75,25,0.9090909090909091,1.0,0.09290909090909094,,0.0,0.0,1.0
v1.0,v1.0,v1.0,S0_nominal,D0_weak,P_alpha0.75,26,0.9090909090909091,1.0,0.09090909090909094,,0.0,0.0,0.0
v1.0,v1.0,v1.0,S0_nominal,D0_weak,P_alpha0.75,27,0.9090909090909091,1.0,0.09090909090909094,,0.0,0.0,0.0
v1.0,v1.0,v1.0,S0_nominal,D0_weak,P_alpha0.75,28,0.9090909090909091,1.0,0.09090909090909094,,0.0,0.0,0.0
v1.0,v1.0,v1.0,S0_nominal,D0_weak,P_alpha0.75,29,0.9090909090909091,1.0,0.09490909090909094,,0.0,0.0,2.0
v1.0,v1.0,v1.0,S0_nominal,D0_weak,P_alpha0.75,30,0.9090909090909091,1.0,0.09090909090909094,,0.0,0.0,0.0
v1.0,v1.0,v1.0,S0_nominal,D0_weak,P_alpha0.75,31,0.9090909090909091,1.0,0.09490909090909094,,0.0,0.0,2.0
v1.0,v1.0,v1.0,S0_nominal,D0_weak,P_alpha0.75,32,0.9090909090909091,1.0,0.09290909090909094,,0.0,0.0,1.0
v1.0,v1.0,v1.0,S0_nominal,D0_weak,P_alpha0.75,33,0.9090909090909091,1.0,0.09490909090909094,,0.0,0.0,2.0
v1.0,v1.0,v1.0,S0_nominal,D0_weak,P_alpha0.75,34,0.9090909090909091,1.0,0.09290909090909094,,0.0,0.0,1.0
v1.0,v1.0,v1.0,S0_nominal,D0_weak,P_alpha0.75,35,0.9090909090909091,1.0,0.09290909090909094,,0.0,0.0,1.0
v1.0,v1.0,v1.0,S0_nominal,D0_weak,P_alpha0.75,36,0.9090909090909091,1.0,0.09290909090909094,,0.0,0.0,1.0
v1.0,v1.0,v1.0,S0_nominal,D0_weak,P_alpha0.75,37,0.9090909090909091,1.0,0.09490909090909094,,0.0,0.0,2.0
v1.0,v1.0,v1.0,S0_nominal,D0_weak,P_alpha0.75,38,0.9090909090909091,1.0,0.09290909090909094,,0.0,0.0,1.0
v1.0,v1.0,v1.0,S0_nominal,D0_weak,P_alpha0.75,39,0.9090909090909091,1.0,0.09090909090909094,,0.0,0.0,0.0
v1.0,v1.0,v1.0,S0_nominal,D0_weak,P_alpha0.90,0,1.0,1.0,0.006,,0.0,0.0,3.0
v1.0,v1.0,v1.0,S0_nominal,D0_weak,P_alpha0.90,1,1.0,1.0,0.002,,0.0,0.0,1.0
v1.0,v1.0,v1.0,S0_nominal,D0_weak,P_alpha0.90,2,1.0,1.0,0.0,,0.0,0.0,0.0
v1.0,v1.0,v1.0,S0_nominal,D0_weak,P_alpha0.90,3,1.0,1.0,0.0,,0.0,0.0,0.0
v1.0,v1.0,v1.0,S0_nominal,D0_weak,P_alpha0.90,4,1.0,1.0,0.002,,0.0,0.0,1.0
v1.0,v1.0,v1.0,S0_nominal,D0_weak,P_alpha0.90,5,1.0,1.0,0.002,,0.0,0.0,1.0
v1.0,v1.0,v1.0,S0_nominal,D0_weak,P_alpha0.90,6,1.0,1.0,0.002,,0.0,0.0,1.0
v1.0,v1.0,v1.0,S0_nominal,D0_weak,P_alpha0.90,7,1.0,1.0,0.002,,0.0,0.0,1.0
v1.0,v1.0,v1.0,S0_nominal,D0_weak,P_alpha0.90,8,1.0,1.0,0.002,,0.0,0.0,1.0
v1.0,v1.0,v1.0,S0_nominal,D0_weak,P_alpha0.90,9,1.0,1.0,0.0,,0.0,0.0,0.0
v1.0,v1.0,v1.0,S0_nominal,D0_weak,P_alpha0.90,10,1.0,1.0,0.002,,0.0,0.0,1.0
v1.0,v1.0,v1.0,S0_nominal,D0_weak,P_alpha0.90,11,1.0,1.0,0.002,,0.0,0.0,1.0
v1.0,v1.0,v1.0,S0_nominal,D0_weak,P_alpha0.90,12,1.0,1.0,0.002,,0.0,0.0,1.0
v1.0,v1.0,v1.0,S0_nominal,D0_weak,P_alpha0.90,13,1.0,1.0,0.002,,0.0,0.0,1.0
v1.0,v1.0,v1.0,S0_nominal,D0_weak,P_alpha0.90,14,1.0,1.0,0.0,,0.0,0.0,0.0
v1.0,v1.0,v1.0,S0_nominal,D0_weak,P_alpha0.90,15,1.0,1.0,0.004,,0.0,0.0,2.0
v1.0,v1.0,v1.0,S0_nominal,D0_weak,P_alpha0.90,16,1.0,1.0,0.0,,0.0,0.0,0.0
v1.0,v1.0,v1.0,S0_nominal,D0_weak,P_alpha0.90,17,1.0,1.0,0.004,,0.0,0.0,2.0
v1.0,v1.0,v1.0,S0_nominal,D0_weak,P_alpha0.90,18,1.0,1.0,0.0,,0.0,0.0,0.0
v1.0,v1.0,v1.0,S0_nominal,D0_weak,P_alpha0.90,19,1.0,1.0,0.004,,0.0,0.0,2.0
v1.0,v1.0,v1.0,S0_nominal,D0_weak,P_alpha0.90,20,1.0,1.0,0.002,,0.0,0.0,1.0
v1.0,v1.0,v1.0,S0_nominal,D0_weak,P_alpha0.90,21,1.0,1.0,0.006,,0.0,0.0,3.0
v1.0,v1.0,v1.0,S0_nominal,D0_weak,P_alpha0.90,22,1.0,1.0,0.0,,0.0,0.0,0.0
v1.0,v1.0,v1.0,S0_nominal,D0_weak,P_alpha0.90,23,1.0,1.0,0.002,,0.0,0.0,1.0
v1.0,v1.0,v1.0,S0_nominal,D0_weak,P_alpha0.90,24,1.0,1.0,0.004,,0.0,0.0,2.0
v1.0,v1.0,v1.0,S0_nominal,D0_weak,P_alpha0.90,25,1.0,1.0,0.002,,0.0,0.0,1.0
v1.0,v1.0,v1.0,S0_nominal,D0_weak,P_alpha0.90,26,1.0,1.0,0.0,,0.0,0.0,0.0
v1.0,v1.0,v1.0,S0_nominal,D0_weak,P_alpha0.90,27,1.0,1.0,0.0,,0.0,0.0,0.0
v1.0,v1.0,v1.0,S0_nominal,D0_weak,P_alpha0.90,28,1.0,1.0,0.0,,0.0,0.0,0.0
v1.0,v1.0,v1.0,S0_nominal,D0_weak,P_alpha0.90,29,1.0,1.0,0.004,,0.0,0.0,2.0
v1.0,v1.0,v1.0,S0_nominal,D0_weak,P_alpha0.90,30,1.0,1.0,0.0,,0.0,0.0,0.0
v1.0,v1.0,v1.0,S0_nominal,D0_weak,P_alpha0.90,31,1.0,1.0,0.004,,0.0,0.0,2.0
v1.0,v1.0,v1.0,S0_nominal,D0_weak,P_alpha0.90,32,1.0,1.0,0.002,,0.0,0.0,1.0
v1.0,v1.0,v1.0,S0_nominal,D0_weak,P_alpha0.90,33,1.0,1.0,0.004,,0.0,0.0,2.0
v1.0,v1.0,v1.0,S0_nominal,D0_weak,P_alpha0.90,34,1.0,1.0,0.002,,0.0,0.0,1.0
v1.0,v1.0,v1.0,S0_nominal,D0_weak,P_alpha0.90,35,1.0,1.0,0.002,,0.0,0.0,1.0
v1.0,v1.0,v1.0,S0_nominal,D0_weak,P_alpha0.90,36,1.0,1.0,0.002,,0.0,0.0,1.0
v1.0,v1.0,v1.0,S0_nominal,D0_weak,P_alpha0.90,37,1.0,1.0,0.004,,0.0,0.0,2.0
v1.0,v1.0,v1.0,S0_nominal,D0_weak,P_alpha0.90,38,1.0,1.0,0.002,,0.0,0.0,1.0
v1.0,v1.0,v1.0,S0_nominal,D0_weak,P_alpha0.90,39,1.0,1.0,0.0,,0.0,0.0,0.0
v1.0,v1.0,v1.0,S0_nominal,D0_weak,P_alpha1.00,0,1.0,0.9453124999999993,0.0716250000000008,,0.0,0.0,3.0
v1.0,v1.0,v1.0,S0_nominal,D0_weak,P_alpha1.00,1,1.0,0.9453124999999993,0.0676250000000008,,0.0,0.0,1.0
v1.0,v1.0,v1.0,S0_nominal,D0_weak,P_alpha1.00,2,1.0,0.9453124999999993,0.0656250000000008,,0.0,0.0,0.0
v1.0,v1.0,v1.0,S0_nominal,D0_weak,P_alpha1.00,3,1.0,0.9453124999999993,0.0656250000000008,,0.0,0.0,0.0
v1.0,v1.0,v1.0,S0_nominal,D0_weak,P_alpha1.00,4,1.0,0.9453124999999993,0.0676250000000008,,0.0,0.0,1.0
v1.0,v1.0,v1.0,S0_nominal,D0_weak,P_alpha1.00,5,1.0,0.9453124999999993,0.0676250000000008,,0.0,0.0,1.0
v1.0,v1.0,v1.0,S0_nominal,D0_weak,P_alpha1.00,6,1.0,0.9453124999999993,0.0676250000000008,,0.0,0.0,1.0
v1.0,v1.0,v1.0,S0_nominal,D0_weak,P_alpha1.00,7,1.0,0.9453124999999993,0.0676250000000008,,0.0,0.0,1.0
v1.0,v1.0,v1.0,S0_nominal,D0_weak,P_alpha1.00,8,1.0,0.9453124999999993,0.0676250000000008,,0.0,0.0,1.0
v1.0,v1.0,v1.0,S0_nominal,D0_weak,P_alpha1.00,9,1.0,0.9453124999999993,0.0656250000000008,,0.0,0.0,0.0
v1.0,v1.0,v1.0,S0_nominal,D0_weak,P_alpha1.00,10,1.0,0.9453124999999993,0.0676250000000008,,0.0,0.0,1.0
v1.0,v1.0,v1.0,S0_nominal,D0_weak,P_alpha1.00,11,1.0,0.9453124999999993,0.0676250000000008,,0.0,0.0,1.0
v1.0,v1.0,v1.0,S0_nominal,D0_weak,P_alpha1.00,12,1.0,0.9453124999999993,0.0676250000000008,,0.0,0.0,1.0
v1.0,v1.0,v1.0,S0_nominal,D0_weak,P_alpha1.00,13,1.0,0.9453124999999993,0.0676250000000008,,0.0,0.0,1.0
v1.0,v1.0,v1.0,S0_nominal,D0_weak,P_alpha1.00,14,1.0,0.9453124999999993,0.0656250000000008,,0.0,0.0,0.0
v1.0,v1.0,v1.0,S0_nominal,D0_weak,P_alpha1.00,15,1.0,0.9453124999999993,0.0696250000000008,,0.0,0.0,2.0
v1.0,v1.0,v1.0,S0_nominal,D0_weak,P_alpha1.00,16,1.0,0.9453124999999993,0.0656250000000008,,0.0,0.0,0.0
v1.0,v1.0,v1.0,S0_nominal,D0_weak,P_alpha1.00,17,1.0,0.9453124999999993,0.0696250000000008,,0.0,0.0,2.0
v1.0,v1.0,v1.0,S0_nominal,D0_weak,P_alpha1.00,18,1.0,0.9453124999999993,0.0656250000000008,,0.0,0.0,0.0
v1.0,v1.0,v1.0,S0_nominal,D0_weak,P_alpha1.00,19,1.0,0.9453124999999993,0.0696250000000008,,0.0,0.0,2.0
v1.0,v1.0,v1.0,S0_nominal,D0_weak,P_alpha1.00,20,1.0,0.9453124999999993,0.0676250000000008,,0.0,0.0,1.0
v1.0,v1.0,v1.0,S0_nominal,D0_weak,P_alpha1.00,21,1.0,0.9453124999999993,0.0716250000000008,,0.0,0.0,3.0
v1.0,v1.0,v1.0,S0_nominal,D0_weak,P_alpha1.00,22,1.0,0.9453124999999993,0.0656250000000008,,0.0,0.0,0.0
v1.0,v1.0,v1.0,S0_nominal,D0_weak,P_alpha1.00,23,1.0,0.9453124999999993,0.0676250000000008,,0.0,0.0,1.0
v1.0,v1.0,v1.0,S0_nominal,D0_weak,P_alpha1.00,24,1.0,0.9453124999999993,0.0696250000000008,,0.0,0.0,2.0
v1.0,v1.0,v1.0,S0_nominal,D0_weak,P_alpha1.00,25,1.0,0.9453124999999993,0.0676250000000008,,0.0,0.0,1.0
v1.0,v1.0,v1.0,S0_nominal,D0_weak,P_alpha1.00,26,1.0,0.9453124999999993,0.0656250000000008,,0.0,0.0,0.0
v1.0,v1.0,v1.0,S0_nominal,D0_weak,P_alpha1.00,27,1.0,0.9453124999999993,0.0656250000000008,,0.0,0.0,0.0
v1.0,v1.0,v1.0,S0_nominal,D0_weak,P_alpha1.00,28,1.0,0.9453124999999993,0.0656250000000008,,0.0,0.0,0.0
v1.0,v1.0,v1.0,S0_nominal,D0_weak,P_alpha1.00,29,1.0,0.9453124999999993,0.0696250000000008,,0.0,0.0,2.0
v1.0,v1.0,v1.0,S0_nominal,D0_weak,P_alpha1.00,30,1.0,0.9453124999999993,0.0656250000000008,,0.0,0.0,0.0
v1.0,v1.0,v1.0,S0_nominal,D0_weak,P_alpha1.00,31,1.0,0.9453124999999993,0.0696250000000008,,0.0,0.0,2.0
v1.0,v1.0,v1.0,S0_nominal,D0_weak,P_alpha1.00,32,1.0,0.9453124999999993,0.0676250000000008,,0.0,0.0,1.0
v1.0,v1.0,v1.0,S0_nominal,D0_weak,P_alpha1.00,33,1.0,0.9453124999999993,0.0696250000000008,,0.0,0.0,2.0
v1.0,v1.0,v1.0,S0_nominal,D0_weak,P_alpha1.00,34,1.0,0.9453124999999993,0.0676250000000008,,0.0,0.0,1.0
v1.0,v1.0,v1.0,S0_nominal,D0_weak,P_alpha1.00,35,1.0,0.9453124999999993,0.0676250000000008,,0.0,0.0,1.0
v1.0,v1.0,v1.0,S0_nominal,D0_weak,P_alpha1.00,36,1.0,0.9453124999999993,0.0676250000000008,,0.0,0.0,1.0
v1.0,v1.0,v1.0,S0_nominal,D0_weak,P_alpha1.00,37,1.0,0.9453124999999993,0.0696250000000008,,0.0,0.0,2.0
v1.0,v1.0,v1.0,S0_nominal,D0_weak,P_alpha1.00,38,1.0,0.9453124999999993,0.0676250000000008,,0.0,0.0,1.0
v1.0,v1.0,v1.0,S0_nominal,D0_weak,P_alpha1.00,39,1.0,0.9453124999999993,0.0656250000000008,,0.0,0.0,0.0
v1.0,v1.0,v1.0,S0_nominal,D0_weak,P_availability_first,0,1.0,0.9453124999999993,0.0716250000000008,,0.0,0.0,3.0
v1.0,v1.0,v1.0,S0_nominal,D0_weak,P_availability_first,1,1.0,0.9453124999999993,0.0676250000000008,,0.0,0.0,1.0
v1.0,v1.0,v1.0,S0_nominal,D0_weak,P_availability_first,2,1.0,0.9453124999999993,0.0656250000000008,,0.0,0.0,0.0
v1.0,v1.0,v1.0,S0_nominal,D0_weak,P_availability_first,3,1.0,0.9453124999999993,0.0656250000000008,,0.0,0.0,0.0
v1.0,v1.0,v1.0,S0_nominal,D0_weak,P_availability_first,4,1.0,0.9453124999999993,0.0676250000000008,,0.0,0.0,1.0
v1.0,v1.0,v1.0,S0_nominal,D0_weak,P_availability_first,5,1.0,0.9453124999999993,0.0676250000000008,,0.0,0.0,1.0
v1.0,v1.0,v1.0,S0_nominal,D0_weak,P_availability_first,6,1.0,0.9453124999999993,0.0676250000000008,,0.0,0.0,1.0
v1.0,v1.0,v1.0,S0_nominal,D0_weak,P_availability_first,7,1.0,0.9453124999999993,0.0676250000000008,,0.0,0.0,1.0
v1.0,v1.0,v1.0,S0_nominal,D0_weak,P_availability_first,8,1.0,0.9453124999999993,0.0676250000000008,,0.0,0.0,1.0
v1.0,v1.0,v1.0,S0_nominal,D0_weak,P_availability_first,9,1.0,0.9453124999999993,0.0656250000000008,,0.0,0.0,0.0
v1.0,v1.0,v1.0,S0_nominal,D0_weak,P_availability_first,10,1.0,0.9453124999999993,0.0676250000000008,,0.0,0.0,1.0
v1.0,v1.0,v1.0,S0_nominal,D0_weak,P_availability_first,11,1.0,0.9453124999999993,0.0676250000000008,,0.0,0.0,1.0
v1.0,v1.0,v1.0,S0_nominal,D0_weak,P_availability_first,12,1.0,0.9453124999999993,0.0676250000000008,,0.0,0.0,1.0
v1.0,v1.0,v1.0,S0_nominal,D0_weak,P_availability_first,13,1.0,0.9453124999999993,0.0676250000000008,,0.0,0.0,1.0
v1.0,v1.0,v1.0,S0_nominal,D0_weak,P_availability_first,14,1.0,0.9453124999999993,0.0656250000000008,,0.0,0.0,0.0
v1.0,v1.0,v1.0,S0_nominal,D0_weak,P_availability_first,15,1.0,0.9453124999999993,0.0696250000000008,,0.0,0.0,2.0
v1.0,v1.0,v1.0,S0_nominal,D0_weak,P_availability_first,16,1.0,0.9453124999999993,0.0656250000000008,,0.0,0.0,0.0
v1.0,v1.0,v1.0,S0_nominal,D0_weak,P_availability_first,17,1.0,0.9453124999999993,0.0696250000000008,,0.0,0.0,2.0
v1.0,v1.0,v1.0,S0_nominal,D0_weak,P_availability_first,18,1.0,0.9453124999999993,0.0656250000000008,,0.0,0.0,0.0
v1.0,v1.0,v1.0,S0_nominal,D0_weak,P_availability_first,19,1.0,0.9453124999999993,0.0696250000000008,,0.0,0.0,2.0
v1.0,v1.0,v1.0,S0_nominal,D0_weak,P_availability_first,20,1.0,0.9453124999999993,0.0676250000000008,,0.0,0.0,1.0
v1.0,v1.0,v1.0,S0_nominal,D0_weak,P_availability_first,21,1.0,0.9453124999999993,0.0716250000000008,,0.0,0.0,3.0
v1.0,v1.0,v1.0,S0_nominal,D0_weak,P_availability_first,22,1.0,0.9453124999999993,0.0656250000000008,,0.0,0.0,0.0
v1.0,v1.0,v1.0,S0_nominal,D0_weak,P_availability_first,23,1.0,0.9453124999999993,0.0676250000000008,,0.0,0.0,1.0
v1.0,v1.0,v1.0,S0_nominal,D0_weak,P_availability_first,24,1.0,0.9453124999999993,0.0696250000000008,,0.0,0.0,2.0
v1.0,v1.0,v1.0,S0_nominal,D0_weak,P_availability_first,25,1.0,0.9453124999999993,0.0676250000000008,,0.0,0.0,1.0
v1.0,v1.0,v1.0,S0_nominal,D0_weak,P_availability_first,26,1.0,0.9453124999999993,0.0656250000000008,,0.0,0.0,0.0
v1.0,v1.0,v1.0,S0_nominal,D0_weak,P_availability_first,27,1.0,0.9453124999999993,0.0656250000000008,,0.0,0.0,0.0
v1.0,v1.0,v1.0,S0_nominal,D0_weak,P_availability_first,28,1.0,0.9453124999999993,0.0656250000000008,,0.0,0.0,0.0
v1.0,v1.0,v1.0,S0_nominal,D0_weak,P_availability_first,29,1.0,0.9453124999999993,0.0696250000000008,,0.0,0.0,2.0
v1.0,v1.0,v1.0,S0_nominal,D0_weak,P_availability_first,30,1.0,0.9453124999999993,0.0656250000000008,,0.0,0.0,0.0
v1.0,v1.0,v1.0,S0_nominal,D0_weak,P_availability_first,31,1.0,0.9453124999999993,0.0696250000000008,,0.0,0.0,2.0
v1.0,v1.0,v1.0,S0_nominal,D0_weak,P_availability_first,32,1.0,0.9453124999999993,0.0676250000000008,,0.0,0.0,1.0
v1.0,v1.0,v1.0,S0_nominal,D0_weak,P_availability_first,33,1.0,0.9453124999999993,0.0696250000000008,,0.0,0.0,2.0
v1.0,v1.0,v1.0,S0_nominal,D0_weak,P_availability_first,34,1.0,0.9453124999999993,0.0676250000000008,,0.0,0.0,1.0
v1.0,v1.0,v1.0,S0_nominal,D0_weak,P_availability_first,35,1.0,0.9453124999999993,0.0676250000000008,,0.0,0.0,1.0
v1.0,v1.0,v1.0,S0_nominal,D0_weak,P_availability_first,36,1.0,0.9453124999999993,0.0676250000000008,,0.0,0.0,1.0
v1.0,v1.0,v1.0,S0_nominal,D0_weak,P_availability_first,37,1.0,0.9453124999999993,0.0696250000000008,,0.0,0.0,2.0
v1.0,v1.0,v1.0,S0_nominal,D0_weak,P_availability_first,38,1.0,0.9453124999999993,0.0676250000000008,,0.0,0.0,1.0
v1.0,v1.0,v1.0,S0_nominal,D0_weak,P_availability_first,39,1.0,0.9453124999999993,0.0656250000000008,,0.0,0.0,0.0
v1.0,v1.0,v1.0,S0_nominal,D0_weak,P_heat_first,0,0.9090909090909091,1.0,0.09690909090909094,,0.0,0.0,3.0
v1.0,v1.0,v1.0,S0_nominal,D0_weak,P_heat_first,1,0.9090909090909091,1.0,0.09290909090909094,,0.0,0.0,1.0
v1.0,v1.0,v1.0,S0_nominal,D0_weak,P_heat_first,2,0.9090909090909091,1.0,0.09090909090909094,,0.0,0.0,0.0
v1.0,v1.0,v1.0,S0_nominal,D0_weak,P_heat_first,3,0.9090909090909091,1.0,0.09090909090909094,,0.0,0.0,0.0
v1.0,v1.0,v1.0,S0_nominal,D0_weak,P_heat_first,4,0.9090909090909091,1.0,0.09290909090909094,,0.0,0.0,1.0
v1.0,v1.0,v1.0,S0_nominal,D0_weak,P_heat_first,5,0.9090909090909091,1.0,0.09290909090909094,,0.0,0.0,1.0
v1.0,v1.0,v1.0,S0_nominal,D0_weak,P_heat_first,6,0.9090909090909091,1.0,0.09290909090909094,,0.0,0.0,1.0
v1.0,v1.0,v1.0,S0_nominal,D0_weak,P_heat_first,7,0.9090909090909091,1.0,0.09290909090909094,,0.0,0.0,1.0
v1.0,v1.0,v1.0,S0_nominal,D0_weak,P_heat_first,8,0.9090909090909091,1.0,0.09290909090909094,,0.0,0.0,1.0
v1.0,v1.0,v1.0,S0_nominal,D0_weak,P_heat_first,9,0.9090909090909091,1.0,0.09090909090909094,,0.0,0.0,0.0
v1.0,v1.0,v1.0,S0_nominal,D0_weak,P_heat_first,10,0.9090909090909091,1.0,0.09290909090909094,,0.0,0.0,1.0
v1.0,v1.0,v1.0,S0_nominal,D0_weak,P_heat_first,11,0.9090909090909091,1.0,0.09290909090909094,,0.0,0.0,1.0
v1.0,v1.0,v1.0,S0_nominal,D0_weak,P_heat_first,12,0.9090909090909091,1.0,0.09290909090909094,,0.0,0.0,1.0
v1.0,v1.0,v1.0,S0_nominal,D0_weak,P_heat_first,13,0.9090909090909091,1.0,0.09290909090909094,,0.0,0.0,1.0
v1.0,v1.0,v1.0,S0_nominal,D0_weak,P_heat_first,14,0.9090909090909091,1.0,0.09090909090909094,,0.0,0.0,0.0
v1.0,v1.0,v1.0,S0_nominal,D0_weak,P_heat_first,15,0.9090909090909091,1.0,0.09490909090909094,,0.0,0.0,2.0
v1.0,v1.0,v1.0,S0_nominal,D0_weak,P_heat_first,16,0.9090909090909091,1.0,0.09090909090909094,,0.0,0.0,0.0
v1.0,v1.0,v1.0,S0_nominal,D0_weak,P_heat_first,17,0.9090909090909091,1.0,0.09490909090909094,,0.0,0.0,2.0
v1.0,v1.0,v1.0,S0_nominal,D0_weak,P_heat_first,18,0.9090909090909091,1.0,0.09090909090909094,,0.0,0.0,0.0
v1.0,v1.0,v1.0,S0_nominal,D0_weak,P_heat_first,19,0.9090909090909091,1.0,0.09490909090909094,,0.0,0.0,2.0
v1.0,v1.0,v1.0,S0_nominal,D0_weak,P_heat_first,20,0.9090909090909091,1.0,0.09290909090909094,,0.0,0.0,1.0
v1.0,v1.0,v1.0,S0_nominal,D0_weak,P_heat_first,21,0.9090909090909091,1.0,0.09690909090909094,,0.0,0.0,3.0
v1.0,v1.0,v1.0,S0_nominal,D0_weak,P_heat_first,22,0.9090909090909091,1.0,0.09090909090909094,,0.0,0.0,0.0
v1.0,v1.0,v1.0,S0_nominal,D0_weak,P_heat_first,23,0.9090909090909091,1.0,0.09290909090909094,,0.0,0.0,1.0
v1.0,v1.0,v1.0,S0_nominal,D0_weak,P_heat_first,24,0.9090909090909091,1.0,0.09490909090909094,,0.0,0.0,2.0
v1.0,v1.0,v1.0,S0_nominal,D0_weak,P_heat_first,25,0.9090909090909091,1.0,0.09290909090909094,,0.0,0.0,1.0
v1.0,v1.0,v1.0,S0_nominal,D0_weak,P_heat_first,26,0.9090909090909091,1.0,0.09090909090909094,,0.0,0.0,0.0
v1.0,v1.0,v1.0,S0_nominal,D0_weak,P_heat_first,27,0.9090909090909091,1.0,0.09090909090909094,,0.0,0.0,0.0
v1.0,v1.0,v1.0,S0_nominal,D0_weak,P_heat_first,28,0.9090909090909091,1.0,0.09090909090909094,,0.0,0.0,0.0
v1.0,v1.0,v1.0,S0_nominal,D0_weak,P_heat_first,29,0.9090909090909091,1.0,0.09490909090909094,,0.0,0.0,2.0
v1.0,v1.0,v1.0,S0_nominal,D0_weak,P_heat_first,30,0.9090909090909091,1.0,0.09090909090909094,,0.0,0.0,0.0
v1.0,v1.0,v1.0,S0_nominal,D0_weak,P_heat_first,31,0.9090909090909091,1.0,0.09490909090909094,,0.0,0.0,2.0
v1.0,v1.0,v1.0,S0_nominal,D0_weak,P_heat_first,32,0.9090909090909091,1.0,0.09290909090909094,,0.0,0.0,1.0
v1.0,v1.0,v1.0,S0_nominal,D0_weak,P_heat_first,33,0.9090909090909091,1.0,0.09490909090909094,,0.0,0.0,2.0
v1.0,v1.0,v1.0,S0_nominal,D0_weak,P_heat_first,34,0.9090909090909091,1.0,0.09290909090909094,,0.0,0.0,1.0
v1.0,v1.0,v1.0,S0_nominal,D0_weak,P_heat_first,35,0.9090909090909091,1.0,0.09290909090909094,,0.0,0.0,1.0
v1.0,v1.0,v1.0,S0_nominal,D0_weak,P_heat_first,36,0.9090909090909091,1.0,0.09290909090909094,,0.0,0.0,1.0
v1.0,v1.0,v1.0,S0_nominal,D0_weak,P_heat_first,37,0.9090909090909091,1.0,0.09490909090909094,,0.0,0.0,2.0
v1.0,v1.0,v1.0,S0_nominal,D0_weak,P_heat_first,38,0.9090909090909091,1.0,0.09290909090909094,,0.0,0.0,1.0
v1.0,v1.0,v1.0,S0_nominal,D0_weak,P_heat_first,39,0.9090909090909091,1.0,0.09090909090909094,,0.0,0.0,0.0
v1.0,v1.0,v1.0,S0_nominal,D0_weak,P_balanced,0,0.9090909090909091,1.0,0.09690909090909094,,0.0,0.0,3.0
v1.0,v1.0,v1.0,S0_nominal,D0_weak,P_balanced,1,0.9090909090909091,1.0,0.09290909090909094,,0.0,0.0,1.0
v1.0,v1.0,v1.0,S0_nominal,D0_weak,P_balanced,2,0.9090909090909091,1.0,0.09090909090909094,,0.0,0.0,0.0
v1.0,v1.0,v1.0,S0_nominal,D0_weak,P_balanced,3,0.9090909090909091,1.0,0.09090909090909094,,0.0,0.0,0.0
v1.0,v1.0,v1.0,S0_nominal,D0_weak,P_balanced,4,0.9090909090909091,1.0,0.09290909090909094,,0.0,0.0,1.0
v1.0,v1.0,v1.0,S0_nominal,D0_weak,P_balanced,5,0.9090909090909091,1.0,0.09290909090909094,,0.0,0.0,1.0
v1.0,v1.0,v1.0,S0_nominal,D0_weak,P_balanced,6,0.9090909090909091,1.0,0.09290909090909094,,0.0,0.0,1.0
v1.0,v1.0,v1.0,S0_nominal,D0_weak,P_balanced,7,0.9090909090909091,1.0,0.09290909090909094,,0.0,0.0,1.0
v1.0,v1.0,v1.0,S0_nominal,D0_weak,P_balanced,8,0.9090909090909091,1.0,0.09290909090909094,,0.0,0.0,1.0
v1.0,v1.0,v1.0,S0_nominal,D0_weak,P_balanced,9,0.9090909090909091,1.0,0.09090909090909094,,0.0,0.0,0.0
v1.0,v1.0,v1.0,S0_nominal,D0_weak,P_balanced,10,0.9090909090909091,1.0,0.09290909090909094,,0.0,0.0,1.0
v1.0,v1.0,v1.0,S0_nominal,D0_weak,P_balanced,11,0.9090909090909091,1.0,0.09290909090909094,,0.0,0.0,1.0
v1.0,v1.0,v1.0,S0_nominal,D0_weak,P_balanced,12,0.9090909090909091,1.0,0.09290909090909094,,0.0,0.0,1.0
v1.0,v1.0,v1.0,S0_nominal,D0_weak,P_balanced,13,0.9090909090909091,1.0,0.09290909090909094,,0.0,0.0,1.0
v1.0,v1.0,v1.0,S0_nominal,D0_weak,P_balanced,14,0.9090909090909091,1.0,0.09090909090909094,,0.0,0.0,0.0
v1.0,v1.0,v1.0,S0_nominal,D0_weak,P_balanced,15,0.9090909090909091,1.0,0.09490909090909094,,0.0,0.0,2.0
v1.0,v1.0,v1.0,S0_nominal,D0_weak,P_balanced,16,0.9090909090909091,1.0,0.09090909090909094,,0.0,0.0,0.0
v1.0,v1.0,v1.0,S0_nominal,D0_weak,P_balanced,17,0.9090909090909091,1.0,0.09490909090909094,,0.0,0.0,2.0
v1.0,v1.0,v1.0,S0_nominal,D0_weak,P_balanced,18,0.9090909090909091,1.0,0.09090909090909094,,0.0,0.0,0.0
v1.0,v1.0,v1.0,S0_nominal,D0_weak,P_balanced,19,0.9090909090909091,1.0,0.09490909090909094,,0.0,0.0,2.0
v1.0,v1.0,v1.0,S0_nominal,D0_weak,P_balanced,20,0.9090909090909091,1.0,0.09290909090909094,,0.0,0.0,1.0
v1.0,v1.0,v1.0,S0_nominal,D0_weak,P_balanced,21,0.9090909090909091,1.0,0.09690909090909094,,0.0,0.0,3.0
v1.0,v1.0,v1.0,S0_nominal,D0_weak,P_balanced,22,0.9090909090909091,1.0,0.09090909090909094,,0.0,0.0,0.0
v1.0,v1.0,v1.0,S0_nominal,D0_weak,P_balanced,23,0.9090909090909091,1.0,0.09290909090909094,,0.0,0.0,1.0
v1.0,v1.0,v1.0,S0_nominal,D0_weak,P_balanced,24,0.9090909090909091,1.0,0.09490909090909094,,0.0,0.0,2.0
v1.0,v1.0,v1.0,S0_nominal,D0_weak,P_balanced,25,0.9090909090909091,1.0,0.09290909090909094,,0.0,0.0,1.0
v1.0,v1.0,v1.0,S0_nominal,D0_weak,P_balanced,26,0.9090909090909091,1.0,0.09090909090909094,,0.0,0.0,0.0
v1.0,v1.0,v1.0,S0_nominal,D0_weak,P_balanced,27,0.9090909090909091,1.0,0.09090909090909094,,0.0,0.0,0.0
v1.0,v1.0,v1.0,S0_nominal,D0_weak,P_balanced,28,0.9090909090909091,1.0,0.09090909090909094,,0.0,0.0,0.0
v1.0,v1.0,v1.0,S0_nominal,D0_weak,P_balanced,29,0.9090909090909091,1.0,0.09490909090909094,,0.0,0.0,2.0
v1.0,v1.0,v1.0,S0_nominal,D0_weak,P_balanced,30,0.9090909090909091,1.0,0.09090909090909094,,0.0,0.0,0.0
v1.0,v1.0,v1.0,S0_nominal,D0_weak,P_balanced,31,0.9090909090909091,1.0,0.09490909090909094,,0.0,0.0,2.0
v1.0,v1.0,v1.0,S0_nominal,D0_weak,P_balanced,32,0.9090909090909091,1.0,0.09290909090909094,,0.0,0.0,1.0
v1.0,v1.0,v1.0,S0_nominal,D0_weak,P_balanced,33,0.9090909090909091,1.0,0.09490909090909094,,0.0,0.0,2.0
v1.0,v1.0,v1.0,S0_nominal,D0_weak,P_balanced,34,0.9090909090909091,1.0,0.09290909090909094,,0.0,0.0,1.0
v1.0,v1.0,v1.0,S0_nominal,D0_weak,P_balanced,35,0.9090909090909091,1.0,0.09290909090909094,,0.0,0.0,1.0
v1.0,v1.0,v1.0,S0_nominal,D0_weak,P_balanced,36,0.9090909090909091,1.0,0.09290909090909094,,0.0,0.0,1.0
v1.0,v1.0,v1.0,S0_nominal,D0_weak,P_balanced,37,0.9090909090909091,1.0,0.09490909090909094,,0.0,0.0,2.0
v1.0,v1.0,v1.0,S0_nominal,D0_weak,P_balanced,38,0.9090909090909091,1.0,0.09290909090909094,,0.0,0.0,1.0
v1.0,v1.0,v1.0,S0_nominal,D0_weak,P_balanced,39,0.9090909090909091,1.0,0.09090909090909094,,0.0,0.0,0.0
v1.0,v1.0,v1.0,S0_nominal,D0_weak,P_no_containment,0,0.9090909090909091,1.0,0.09690909090909094,,0.0,0.0,3.0
v1.0,v1.0,v1.0,S0_nominal,D0_weak,P_no_containment,1,0.9090909090909091,1.0,0.09290909090909094,,0.0,0.0,1.0
v1.0,v1.0,v1.0,S0_nominal,D0_weak,P_no_containment,2,0.9090909090909091,1.0,0.09090909090909094,,0.0,0.0,0.0
v1.0,v1.0,v1.0,S0_nominal,D0_weak,P_no_containment,3,0.9090909090909091,1.0,0.09090909090909094,,0.0,0.0,0.0
v1.0,v1.0,v1.0,S0_nominal,D0_weak,P_no_containment,4,0.9090909090909091,1.0,0.09290909090909094,,0.0,0.0,1.0
v1.0,v1.0,v1.0,S0_nominal,D0_weak,P_no_containment,5,0.9090909090909091,1.0,0.09290909090909094,,0.0,0.0,1.0
v1.0,v1.0,v1.0,S0_nominal,D0_weak,P_no_containment,6,0.9090909090909091,1.0,0.09290909090909094,,0.0,0.0,1.0
v1.0,v1.0,v1.0,S0_nominal,D0_weak,P_no_containment,7,0.9090909090909091,1.0,0.09290909090909094,,0.0,0.0,1.0
v1.0,v1.0,v1.0,S0_nominal,D0_weak,P_no_containment,8,0.9090909090909091,1.0,0.09290909090909094,,0.0,0.0,1.0
v1.0,v1.0,v1.0,S0_nominal,D0_weak,P_no_containment,9,0.9090909090909091,1.0,0.09090909090909094,,0.0,0.0,0.0
v1.0,v1.0,v1.0,S0_nominal,D0_weak,P_no_containment,10,0.9090909090909091,1.0,0.09290909090909094,,0.0,0.0,1.0
v1.0,v1.0,v1.0,S0_nominal,D0_weak,P_no_containment,11,0.9090909090909091,1.0,0.09290909090909094,,0.0,0.0,1.0
v1.0,v1.0,v1.0,S0_nominal,D0_weak,P_no_containment,12,0.9090909090909091,1.0,0.09290909090909094,,0.0,0.0,1.0
v1.0,v1.0,v1.0,S0_nominal,D0_weak,P_no_containment,13,0.9090909090909091,1.0,0.09290909090909094,,0.0,0.0,1.0
v1.0,v1.0,v1.0,S0_nominal,D0_weak,P_no_containment,14,0.9090909090909091,1.0,0.09090909090909094,,0.0,0.0,0.0
v1.0,v1.0,v1.0,S0_nominal,D0_weak,P_no_containment,15,0.9090909090909091,1.0,0.09490909090909094,,0.0,0.0,2.0
v1.0,v1.0,v1.0,S0_nominal,D0_weak,P_no_containment,16,0.9090909090909091,1.0,0.09090909090909094,,0.0,0.0,0.0
v1.0,v1.0,v1.0,S0_nominal,D0_weak,P_no_containment,17,0.9090909090909091,1.0,0.09490909090909094,,0.0,0.0,2.0
v1.0,v1.0,v1.0,S0_nominal,D0_weak,P_no_containment,18,0.9090909090909091,1.0,0.09090909090909094,,0.0,0.0,0.0
v1.0,v1.0,v1.0,S0_nominal,D0_weak,P_no_containment,19,0.9090909090909091,1.0,0.09490909090909094,,0.0,0.0,2.0
v1.0,v1.0,v1.0,S0_nominal,D0_weak,P_no_containment,20,0.9090909090909091,1.0,0.09290909090909094,,0.0,0.0,1.0
v1.0,v1.0,v1.0,S0_nominal,D0_weak,P_no_containment,21,0.9090909090909091,1.0,0.09690909090909094,,0.0,0.0,3.0
v1.0,v1.0,v1.0,S0_nominal,D0_weak,P_no_containment,22,0.9090909090909091,1.0,0.09090909090909094,,0.0,0.0,0.0
v1.0,v1.0,v1.0,S0_nominal,D0_weak,P_no_containment,23,0.9090909090909091,1.0,0.09290909090909094,,0.0,0.0,1.0
v1.0,v1.0,v1.0,S0_nominal,D0_weak,P_no_containment,24,0.9090909090909091,1.0,0.09490909090909094,,0.0,0.0,2.0
v1.0,v1.0,v1.0,S0_nominal,D0_weak,P_no_containment,25,0.9090909090909091,1.0,0.09290909090909094,,0.0,0.0,1.0
v1.0,v1.0,v1.0,S0_nominal,D0_weak,P_no_containment,26,0.9090909090909091,1.0,0.09090909090909094,,0.0,0.0,0.0
v1.0,v1.0,v1.0,S0_nominal,D0_weak,P_no_containment,27,0.9090909090909091,1.0,0.09090909090909094,,0.0,0.0,0.0
v1.0,v1.0,v1.0,S0_nominal,D0_weak,P_no_containment,28,0.9090909090909091,1.0,0.09090909090909094,,0.0,0.0,0.0
v1.0,v1.0,v1.0,S0_nominal,D0_weak,P_no_containment,29,0.9090909090909091,1.0,0.09490909090909094,,0.0,0.0,2.0
v1.0,v1.0,v1.0,S0_nominal,D0_weak,P_no_containment,30,0.9090909090909091,1.0,0.09090909090909094,,0.0,0.0,0.0
v1.0,v1.0,v1.0,S0_nominal,D0_weak,P_no_containment,31,0.9090909090909091,1.0,0.09490909090909094,,0.0,0.0,2.0
v1.0,v1.0,v1.0,S0_nominal,D0_weak,P_no_containment,32,0.9090909090909091,1.0,0.09290909090909094,,0.0,0.0,1.0
v1.0,v1.0,v1.0,S0_nominal,D0_weak,P_no_containment,33,0.9090909090909091,1.0,0.09490909090909094,,0.0,0.0,2.0
v1.0,v1.0,v1.0,S0_nominal,D0_weak,P_no_containment,34,0.9090909090909091,1.0,0.09290909090909094,,0.0,0.0,1.0
v1.0,v1.0,v1.0,S0_nominal,D0_weak,P_no_containment,35,0.9090909090909091,1.0,0.09290909090909094,,0.0,0.0,1.0
v1.0,v1.0,v1.0,S0_nominal,D0_weak,P_no_containment,36,0.9090909090909091,1.0,0.09290909090909094,,0.0,0.0,1.0
v1.0,v1.0,v1.0,S0_nominal,D0_weak,P_no_containment,37,0.9090909090909091,1.0,0.09490909090909094,,0.0,0.0,2.0
v1.0,v1.0,v1.0,S0_nominal,D0_weak,P_no_containment,38,0.9090909090909091,1.0,0.09290909090909094,,0.0,0.0,1.0
v1.0,v1.0,v1.0,S0_nominal,D0_weak,P_no_containment,39,0.9090909090909091,1.0,0.09090909090909094,,0.0,0.0,0.0
v1.0,v1.0,v1.0,S0_nominal,D0_weak,P_aggressive,0,0.8800946969696969,1.0,0.13646085858585869,,0.10555555555555556,0.0,3.0
v1.0,v1.0,v1.0,S0_nominal,D0_weak,P_aggressive,1,0.8970233585858586,1.0,0.11025441919191921,,0.05277777777777778,0.0,1.0
v1.0,v1.0,v1.0,S0_nominal,D0_weak,P_aggressive,2,0.9090909090909091,1.0,0.09090909090909094,,0.0,0.0,0.0
v1.0,v1.0,v1.0,S0_nominal,D0_weak,P_aggressive,3,0.9090909090909091,1.0,0.09090909090909094,,0.0,0.0,0.0
v1.0,v1.0,v1.0,S0_nominal,D0_weak,P_aggressive,4,0.8921622474747475,1.0,0.1151155303030303,,0.05277777777777778,0.0,1.0
v1.0,v1.0,v1.0,S0_nominal,D0_weak,P_aggressive,5,0.8970233585858586,1.0,0.11025441919191921,,0.05277777777777778,0.0,1.0
v1.0,v1.0,v1.0,S0_nominal,D0_weak,P_aggressive,6,0.8970233585858586,1.0,0.11025441919191921,,0.05277777777777778,0.0,1.0
v1.0,v1.0,v1.0,S0_nominal,D0_weak,P_aggressive,7,0.8921622474747475,1.0,0.1151155303030303,,0.05277777777777778,0.0,1.0
v1.0,v1.0,v1.0,S0_nominal,D0_weak,P_aggressive,8,0.8997932449494949,1.0,0.10498453282828292,,0.027777777777777776,0.0,1.0
v1.0,v1.0,v1.0,S0_nominal,D0_weak,P_aggressive,9,0.9090909090909091,1.0,0.09090909090909094,,0.0,0.0,0.0
v1.0,v1.0,v1.0,S0_nominal,D0_weak,P_aggressive,10,0.8970233585858586,1.0,0.11025441919191921,,0.05277777777777778,0.0,1.0
v1.0,v1.0,v1.0,S0_nominal,D0_weak,P_aggressive,11,0.8921622474747475,1.0,0.1151155303030303,,0.05277777777777778,0.0,1.0
v1.0,v1.0,v1.0,S0_nominal,D0_weak,P_aggressive,12,0.8921622474747474,1.0,0.11511553030303041,,0.05277777777777778,0.0,1.0
v1.0,v1.0,v1.0,S0_nominal,D0_weak,P_aggressive,13,0.8921622474747475,1.0,0.1151155303030303,,0.05277777777777778,0.0,1.0
v1.0,v1.0,v1.0,S0_nominal,D0_weak,P_aggressive,14,0.9090909090909091,1.0,0.09090909090909094,,0.0,0.0,0.0
v1.0,v1.0,v1.0,S0_nominal,D0_weak,P_aggressive,15,0.8970233585858586,1.0,0.11225441919191921,,0.05277777777777778,0.0,2.0
v1.0,v1.0,v1.0,S0_nominal,D0_weak,P_aggressive,16,0.9090909090909091,1.0,0.09090909090909094,,0.0,0.0,0.0
v1.0,v1.0,v1.0,S0_nominal,D0_weak,P_aggressive,17,0.8752335858585858,1.0,0.13932196969696978,,0.10555555555555556,0.0,2.0
v1.0,v1.0,v1.0,S0_nominal,D0_weak,P_aggressive,18,0.9090909090909091,1.0,0.09090909090909094,,0.0,0.0,0.0
v1.0,v1.0,v1.0,S0_nominal,D0_weak,P_aggressive,19,0.884955808080808,1.0,0.1295997474747476,,0.10555555555555556,0.0,2.0
v1.0,v1.0,v1.0,S0_nominal,D0_weak,P_aggressive,20,0.8970233585858586,1.0,0.11025441919191921,,0.05277777777777778,0.0,1.0
v1.0,v1.0,v1.0,S0_nominal,D0_weak,P_aggressive,21,0.8728882575757575,1.0,0.14894507575757585,,0.15833333333333333,0.0,3.0
v1.0,v1.0,v1.0,S0_nominal,D0_weak,P_aggressive,22,0.9090909090909091,1.0,0.09090909090909094,,0.0,0.0,0.0
v1.0,v1.0,v1.0,S0_nominal,D0_weak,P_aggressive,23,0.8921622474747475,1.0,0.1151155303030303,,0.05277777777777778,0.0,1.0
v1.0,v1.0,v1.0,S0_nominal,D0_weak,P_aggressive,24,0.884955808080808,1.0,0.1295997474747476,,0.10555555555555556,0.0,2.0
v1.0,v1.0,v1.0,S0_nominal,D0_weak,P_aggressive,25,0.8970233585858586,1.0,0.11025441919191921,,0.05277777777777778,0.0,1.0
v1.0,v1.0,v1.0,S0_nominal,D0_weak,P_aggressive,26,0.9090909090909091,1.0,0.09090909090909094,,0.0,0.0,0.0
v1.0,v1.0,v1.0,S0_nominal,D0_weak,P_aggressive,27,0.9090909090909091,1.0,0.09090909090909094,,0.0,0.0,0.0
v1.0,v1.0,v1.0,S0_nominal,D0_weak,P_aggressive,28,0.9090909090909091,1.0,0.09090909090909094,,0.0,0.0,0.0
v1.0,v1.0,v1.0,S0_nominal,D0_weak,P_aggressive,29,0.8970233585858586,1.0,0.11225441919191921,,0.05277777777777778,0.0,2.0
v1.0,v1.0,v1.0,S0_nominal,D0_weak,P_aggressive,30,0.9090909090909091,1.0,0.09090909090909094,,0.0,0.0,0.0
v1.0,v1.0,v1.0,S0_nominal,D0_weak,P_aggressive,31,0.884955808080808,1.0,0.1295997474747476,,0.10555555555555556,0.0,2.0
v1.0,v1.0,v1.0,S0_nominal,D0_weak,P_aggressive,32,0.8970233585858586,1.0,0.11025441919191921,,0.05277777777777778,0.0,1.0
v1.0,v1.0,v1.0,S0_nominal,D0_weak,P_aggressive,33,0.884955808080808,1.0,0.1295997474747476,,0.10555555555555556,0.0,2.0
v1.0,v1.0,v1.0,S0_nominal,D0_weak,P_aggressive,34,0.8970233585858586,1.0,0.11025441919191921,,0.05277777777777778,0.0,1.0
v1.0,v1.0,v1.0,S0_nominal,D0_weak,P_aggressive,35,0.8970233585858586,1.0,0.11025441919191921,,0.05277777777777778,0.0,1.0
v1.0,v1.0,v1.0,S0_nominal,D0_weak,P_aggressive,36,0.8970233585858586,1.0,0.11025441919191921,,0.05277777777777778,0.0,1.0
v1.0,v1.0,v1.0,S0_nominal,D0_weak,P_aggressive,37,0.8970233585858586,1.0,0.11225441919191921,,0.05277777777777778,0.0,2.0
v1.0,v1.0,v1.0,S0_nominal,D0_weak,P_aggressive,38,0.898426452020202,1.0,0.10572632575757579,,0.021527777777777778,0.0,1.0
v1.0,v1.0,v1.0,S0_nominal,D0_weak,P_aggressive,39,0.9090909090909091,1.0,0.09090909090909094,,0.0,0.0,0.0
v1.0,v1.0,v1.0,S0_nominal,D0_weak,P_conservative,0,0.9090909090909091,1.0,0.09690909090909094,,0.0,0.0,3.0
v1.0,v1.0,v1.0,S0_nominal,D0_weak,P_conservative,1,0.9090909090909091,1.0,0.09290909090909094,,0.0,0.0,1.0
v1.0,v1.0,v1.0,S0_nominal,D0_weak,P_conservative,2,0.9090909090909091,1.0,0.09090909090909094,,0.0,0.0,0.0
v1.0,v1.0,v1.0,S0_nominal,D0_weak,P_conservative,3,0.9090909090909091,1.0,0.09090909090909094,,0.0,0.0,0.0
v1.0,v1.0,v1.0,S0_nominal,D0_weak,P_conservative,4,0.9090909090909091,1.0,0.09290909090909094,,0.0,0.0,1.0
v1.0,v1.0,v1.0,S0_nominal,D0_weak,P_conservative,5,0.9090909090909091,1.0,0.09290909090909094,,0.0,0.0,1.0
v1.0,v1.0,v1.0,S0_nominal,D0_weak,P_conservative,6,0.9090909090909091,1.0,0.09290909090909094,,0.0,0.0,1.0
v1.0,v1.0,v1.0,S0_nominal,D0_weak,P_conservative,7,0.9090909090909091,1.0,0.09290909090909094,,0.0,0.0,1.0
v1.0,v1.0,v1.0,S0_nominal,D0_weak,P_conservative,8,0.9090909090909091,1.0,0.09290909090909094,,0.0,0.0,1.0
v1.0,v1.0,v1.0,S0_nominal,D0_weak,P_conservative,9,0.9090909090909091,1.0,0.09090909090909094,,0.0,0.0,0.0
v1.0,v1.0,v1.0,S0_nominal,D0_weak,P_conservative,10,0.9090909090909091,1.0,0.09290909090909094,,0.0,0.0,1.0
v1.0,v1.0,v1.0,S0_nominal,D0_weak,P_conservative,11,0.9090909090909091,1.0,0.09290909090909094,,0.0,0.0,1.0
v1.0,v1.0,v1.0,S0_nominal,D0_weak,P_conservative,12,0.9090909090909091,1.0,0.09290909090909094,,0.0,0.0,1.0
v1.0,v1.0,v1.0,S0_nominal,D0_weak,P_conservative,13,0.9090909090909091,1.0,0.09290909090909094,,0.0,0.0,1.0
v1.0,v1.0,v1.0,S0_nominal,D0_weak,P_conservative,14,0.9090909090909091,1.0,0.09090909090909094,,0.0,0.0,0.0
v1.0,v1.0,v1.0,S0_nominal,D0_weak,P_conservative,15,0.9090909090909091,1.0,0.09490909090909094,,0.0,0.0,2.0
v1.0,v1.0,v1.0,S0_nominal,D0_weak,P_conservative,16,0.9090909090909091,1.0,0.09090909090909094,,0.0,0.0,0.0
v1.0,v1.0,v1.0,S0_nominal,D0_weak,P_conservative,17,0.9090909090909091,1.0,0.09490909090909094,,0.0,0.0,2.0
v1.0,v1.0,v1.0,S0_nominal,D0_weak,P_conservative,18,0.9090909090909091,1.0,0.09090909090909094,,0.0,0.0,0.0
v1.0,v1.0,v1.0,S0_nominal,D0_weak,P_conservative,19,0.9090909090909091,1.0,0.09490909090909094,,0.0,0.0,2.0
v1.0,v1.0,v1.0,S0_nominal,D0_weak,P_conservative,20,0.9090909090909091,1.0,0.09290909090909094,,0.0,0.0,1.0
v1.0,v1.0,v1.0,S0_nominal,D0_weak,P_conservative,21,0.9090909090909091,1.0,0.09690909090909094,,0.0,0.0,3.0
v1.0,v1.0,v1.0,S0_nominal,D0_weak,P_conservative,22,0.9090909090909091,1.0,0.09090909090909094,,0.0,0.0,0.0
v1.0,v1.0,v1.0,S0_nominal,D0_weak,P_conservative,23,0.9090909090909091,1.0,0.09290909090909094,,0.0,0.0,1.0
v1.0,v1.0,v1.0,S0_nominal,D0_weak,P_conservative,24,0.9090909090909091,1.0,0.09490909090909094,,0.0,0.0,2.0
v1.0,v1.0,v1.0,S0_nominal,D0_weak,P_conservative,25,0.9090909090909091,1.0,0.09290909090909094,,0.0,0.0,1.0
v1.0,v1.0,v1.0,S0_nominal,D0_weak,P_conservative,26,0.9090909090909091,1.0,0.09090909090909094,,0.0,0.0,0.0
v1.0,v1.0,v1.0,S0_nominal,D0_weak,P_conservative,27,0.9090909090909091,1.0,0.09090909090909094,,0.0,0.0,0.0
v1.0,v1.0,v1.0,S0_nominal,D0_weak,P_conservative,28,0.9090909090909091,1.0,0.09090909090909094,,0.0,0.0,0.0
v1.0,v1.0,v1.0,S0_nominal,D0_weak,P_conservative,29,0.9090909090909091,1.0,0.09490909090909094,,0.0,0.0,2.0
v1.0,v1.0,v1.0,S0_nominal,D0_weak,P_conservative,30,0.9090909090909091,1.0,0.09090909090909094,,0.0,0.0,0.0
v1.0,v1.0,v1.0,S0_nominal,D0_weak,P_conservative,31,0.9090909090909091,1.0,0.09490909090909094,,0.0,0.0,2.0
v1.0,v1.0,v1.0,S0_nominal,D0_weak,P_conservative,32,0.9090909090909091,1.0,0.09290909090909094,,0.0,0.0,1.0
v1.0,v1.0,v1.0,S0_nominal,D0_weak,P_conservative,33,0.9090909090909091,1.0,0.09490909090909094,,0.0,0.0,2.0
v1.0,v1.0,v1.0,S0_nominal,D0_weak,P_conservative,34,0.9090909090909091,1.0,0.09290909090909094,,0.0,0.0,1.0
v1.0,v1.0,v1.0,S0_nominal,D0_weak,P_conservative,35,0.9090909090909091,1.0,0.09290909090909094,,0.0,0.0,1.0
v1.0,v1.0,v1.0,S0_nominal,D0_weak,P_conservative,36,0.9090909090909091,1.0,0.09290909090909094,,0.0,0.0,1.0
v1.0,v1.0,v1.0,S0_nominal,D0_weak,P_conservative,37,0.9090909090909091,1.0,0.09490909090909094,,0.0,0.0,2.0
v1.0,v1.0,v1.0,S0_nominal,D0_weak,P_conservative,38,0.9090909090909091,1.0,0.09290909090909094,,0.0,0.0,1.0
v1.0,v1.0,v1.0,S0_nominal,D0_weak,P_conservative,39,0.9090909090909091,1.0,0.09090909090909094,,0.0,0.0,0.0
v1.0,v1.0,v1.0,S0_nominal,D1_improved,P_alpha0.15,0,0.9090909090909091,1.0,0.09690909090909094,,0.0,0.0,3.0
v1.0,v1.0,v1.0,S0_nominal,D1_improved,P_alpha0.15,1,0.9090909090909091,1.0,0.09290909090909094,,0.0,0.0,1.0
v1.0,v1.0,v1.0,S0_nominal,D1_improved,P_alpha0.15,2,0.9090909090909091,1.0,0.09090909090909094,,0.0,0.0,0.0
v1.0,v1.0,v1.0,S0_nominal,D1_improved,P_alpha0.15,3,0.9090909090909091,1.0,0.09090909090909094,,0.0,0.0,0.0
v1.0,v1.0,v1.0,S0_nominal,D1_improved,P_alpha0.15,4,0.9090909090909091,1.0,0.09090909090909094,,0.0,0.0,0.0
v1.0,v1.0,v1.0,S0_nominal,D1_improved,P_alpha0.15,5,0.9090909090909091,1.0,0.09290909090909094,,0.0,0.0,1.0
v1.0,v1.0,v1.0,S0_nominal,D1_improved,P_alpha0.15,6,0.9090909090909091,1.0,0.09090909090909094,,0.0,0.0,0.0
v1.0,v1.0,v1.0,S0_nominal,D1_improved,P_alpha0.15,7,0.9090909090909091,1.0,0.09090909090909094,,0.0,0.0,0.0
v1.0,v1.0,v1.0,S0_nominal,D1_improved,P_alpha0.15,8,0.9090909090909091,1.0,0.09290909090909094,,0.0,0.0,1.0
v1.0,v1.0,v1.0,S0_nominal,D1_improved,P_alpha0.15,9,0.9090909090909091,1.0,0.09090909090909094,,0.0,0.0,0.0
v1.0,v1.0,v1.0,S0_nominal,D1_improved,P_alpha0.15,10,0.9090909090909091,1.0,0.09090909090909094,,0.0,0.0,0.0
v1.0,v1.0,v1.0,S0_nominal,D1_improved,P_alpha0.15,11,0.9090909090909091,1.0,0.09090909090909094,,0.0,0.0,0.0
v1.0,v1.0,v1.0,S0_nominal,D1_improved,P_alpha0.15,12,0.9090909090909091,1.0,0.09290909090909094,,0.0,0.0,1.0
v1.0,v1.0,v1.0,S0_nominal,D1_improved,P_alpha0.15,13,0.9090909090909091,1.0,0.09090909090909094,,0.0,0.0,0.0
v1.0,v1.0,v1.0,S0_nominal,D1_improved,P_alpha0.15,14,0.9090909090909091,1.0,0.09090909090909094,,0.0,0.0,0.0
v1.0,v1.0,v1.0,S0_nominal,D1_improved,P_alpha0.15,15,0.9090909090909091,1.0,0.09090909090909094,,0.0,0.0,0.0
v1.0,v1.0,v1.0,S0_nominal,D1_improved,P_alpha0.15,16,0.9090909090909091,1.0,0.09090909090909094,,0.0,0.0,0.0
v1.0,v1.0,v1.0,S0_nominal,D1_improved,P_alpha0.15,17,0.9090909090909091,1.0,0.09290909090909094,,0.0,0.0,1.0
v1.0,v1.0,v1.0,S0_nominal,D1_improved,P_alpha0.15,18,0.9090909090909091,1.0,0.09090909090909094,,0.0,0.0,0.0
v1.0,v1.0,v1.0,S0_nominal,D1_improved,P_alpha0.15,19,0.9090909090909091,1.0,0.09490909090909094,,0.0,0.0,2.0
v1.0,v1.0,v1.0,S0_nominal,D1_improved,P_alpha0.15,20,0.9090909090909091,1.0,0.09090909090909094,,0.0,0.0,0.0
v1.0,v1.0,v1.0,S0_nominal,D1_improved,P_alpha0.15,21,0.9090909090909091,1.0,0.09490909090909094,,0.0,0.0,2.0
v1.0,v1.0,v1.0,S0_nominal,D1_improved,P_alpha0.15,22,0.9090909090909091,1.0,0.09090909090909094,,0.0,0.0,0.0
v1.0,v1.0,v1.0,S0_nominal,D1_improved,P_alpha0.15,23,0.9090909090909091,1.0,0.09290909090909094,,0.0,0.0,1.0
v1.0,v1.0,v1.0,S0_nominal,D1_improved,P_alpha0.15,24,0.9090909090909091,1.0,0.09290909090909094,,0.0,0.0,1.0
v1.0,v1.0,v1.0,S0_nominal,D1_improved,P_alpha0.15,25,0.9090909090909091,1.0,0.09290909090909094,,0.0,0.0,1.0
v1.0,v1.0,v1.0,S0_nominal,D1_improved,P_alpha0.15,26,0.9090909090909091,1.0,0.09090909090909094,,0.0,0.0,0.0
v1.0,v1.0,v1.0,S0_nominal,D1_improved,P_alpha0.15,27,0.9090909090909091,1.0,0.09090909090909094,,0.0,0.0,0.0
v1.0,v1.0,v1.0,S0_nominal,D1_improved,P_alpha0.15,28,0.9090909090909091,1.0,0.09090909090909094,,0.0,0.0,0.0
v1.0,v1.0,v1.0,S0_nominal,D1_improved,P_alpha0.15,29,0.9090909090909091,1.0,0.09290909090909094,,0.0,0.0,1.0
v1.0,v1.0,v1.0,S0_nominal,D1_improved,P_alpha0.15,30,0.9090909090909091,1.0,0.09090909090909094,,0.0,0.0,0.0
v1.0,v1.0,v1.0,S0_nominal,D1_improved,P_alpha0.15,31,0.9090909090909091,1.0,0.09290909090909094,,0.0,0.0,1.0
v1.0,v1.0,v1.0,S0_nominal,D1_improved,P_alpha0.15,32,0.9090909090909091,1.0,0.09290909090909094,,0.0,0.0,1.0
v1.0,v1.0,v1.0,S0_nominal,D1_improved,P_alpha0.15,33,0.9090909090909091,1.0,0.09290909090909094,,0.0,0.0,1.0
v1.0,v1.0,v1.0,S0_nominal,D1_improved,P_alpha0.15,34,0.9090909090909091,1.0,0.09090909090909094,,0.0,0.0,0.0
v1.0,v1.0,v1.0,S0_nominal,D1_improved,P_alpha0.15,35,0.9090909090909091,1.0,0.09290909090909094,,0.0,0.0,1.0
v1.0,v1.0,v1.0,S0_nominal,D1_improved,P_alpha0.15,36,0.9090909090909091,1.0,0.09290909090909094,,0.0,0.0,1.0
v1.0,v1.0,v1.0,S0_nominal,D1_improved,P_alpha0.15,37,0.9090909090909091,1.0,0.09290909090909094,,0.0,0.0,1.0
v1.0,v1.0,v1.0,S0_nominal,D1_improved,P_alpha0.15,38,0.9090909090909091,1.0,0.09090909090909094,,0.0,0.0,0.0
v1.0,v1.0,v1.0,S0_nominal,D1_improved,P_alpha0.15,39,0.9090909090909091,1.0,0.09090909090909094,,0.0,0.0,0.0
v1.0,v1.0,v1.0,S0_nominal,D1_improved,P_alpha0.30,0,0.9090909090909091,1.0,0.09690909090909094,,0.0,0.0,3.0
v1.0,v1.0,v1.0,S0_nominal,D1_improved,P_alpha0.30,1,0.9090909090909091,1.0,0.09290909090909094,,0.0,0.0,1.0
v1.0,v1.0,v1.0,S0_nominal,D1_improved,P_alpha0.30,2,0.9090909090909091,1.0,0.09090909090909094,,0.0,0.0,0.0
v1.0,v1.0,v1.0,S0_nominal,D1_improved,P_alpha0.30,3,0.9090909090909091,1.0,0.09090909090909094,,0.0,0.0,0.0
v1.0,v1.0,v1.0,S0_nominal,D1_improved,P_alpha0.30,4,0.9090909090909091,1.0,0.09090909090909094,,0.0,0.0,0.0
v1.0,v1.0,v1.0,S0_nominal,D1_improved,P_alpha0.30,5,0.9090909090909091,1.0,0.09290909090909094,,0.0,0.0,1.0
v1.0,v1.0,v1.0,S0_nominal,D1_improved,P_alpha0.30,6,0.9090909090909091,1.0,0.09090909090909094,,0.0,0.0,0.0
v1.0,v1.0,v1.0,S0_nominal,D1_improved,P_alpha0.30,7,0.9090909090909091,1.0,0.09090909090909094,,0.0,0.0,0.0
v1.0,v1.0,v1.0,S0_nominal,D1_improved,P_alpha0.30,8,0.9090909090909091,1.0,0.09290909090909094,,0.0,0.0,1.0
v1.0,v1.0,v1.0,S0_nominal,D1_improved,P_alpha0.30,9,0.9090909090909091,1.0,0.09090909090909094,,0.0,0.0,0.0
v1.0,v1.0,v1.0,S0_nominal,D1_improved,P_alpha0.30,10,0.9090909090909091,1.0,0.09090909090909094,,0.0,0.0,0.0
v1.0,v1.0,v1.0,S0_nominal,D1_improved,P_alpha0.30,11,0.9090909090909091,1.0,0.09090909090909094,,0.0,0.0,0.0
v1.0,v1.0,v1.0,S0_nominal,D1_improved,P_alpha0.30,12,0.9090909090909091,1.0,0.09290909090909094,,0.0,0.0,1.0
v1.0,v1.0,v1.0,S0_nominal,D1_improved,P_alpha0.30,13,0.9090909090909091,1.0,0.09090909090909094,,0.0,0.0,0.0
v1.0,v1.0,v1.0,S0_nominal,D1_improved,P_alpha0.30,14,0.9090909090909091,1.0,0.09090909090909094,,0.0,0.0,0.0
v1.0,v1.0,v1.0,S0_nominal,D1_improved,P_alpha0.30,15,0.9090909090909091,1.0,0.09090909090909094,,0.0,0.0,0.0
v1.0,v1.0,v1.0,S0_nominal,D1_improved,P_alpha0.30,16,0.9090909090909091,1.0,0.09090909090909094,,0.0,0.0,0.0
v1.0,v1.0,v1.0,S0_nominal,D1_improved,P_alpha0.30,17,0.9090909090909091,1.0,0.09290909090909094,,0.0,0.0,1.0
v1.0,v1.0,v1.0,S0_nominal,D1_improved,P_alpha0.30,18,0.9090909090909091,1.0,0.09090909090909094,,0.0,0.0,0.0
v1.0,v1.0,v1.0,S0_nominal,D1_improved,P_alpha0.30,19,0.9090909090909091,1.0,0.09490909090909094,,0.0,0.0,2.0
v1.0,v1.0,v1.0,S0_nominal,D1_improved,P_alpha0.30,20,0.9090909090909091,1.0,0.09090909090909094,,0.0,0.0,0.0
v1.0,v1.0,v1.0,S0_nominal,D1_improved,P_alpha0.30,21,0.9090909090909091,1.0,0.09490909090909094,,0.0,0.0,2.0
v1.0,v1.0,v1.0,S0_nominal,D1_improved,P_alpha0.30,22,0.9090909090909091,1.0,0.09090909090909094,,0.0,0.0,0.0
v1.0,v1.0,v1.0,S0_nominal,D1_improved,P_alpha0.30,23,0.9090909090909091,1.0,0.09290909090909094,,0.0,0.0,1.0
v1.0,v1.0,v1.0,S0_nominal,D1_improved,P_alpha0.30,24,0.9090909090909091,1.0,0.09290909090909094,,0.0,0.0,1.0
v1.0,v1.0,v1.0,S0_nominal,D1_improved,P_alpha0.30,25,0.9090909090909091,1.0,0.09290909090909094,,0.0,0.0,1.0
v1.0,v1.0,v1.0,S0_nominal,D1_improved,P_alpha0.30,26,0.9090909090909091,1.0,0.09090909090909094,,0.0,0.0,0.0
v1.0,v1.0,v1.0,S0_nominal,D1_improved,P_alpha0.30,27,0.9090909090909091,1.0,0.09090909090909094,,0.0,0.0,0.0
v1.0,v1.0,v1.0,S0_nominal,D1_improved,P_alpha0.30,28,0.9090909090909091,1.0,0.09090909090909094,,0.0,0.0,0.0
v1.0,v1.0,v1.0,S0_nominal,D1_improved,P_alpha0.30,29,0.9090909090909091,1.0,0.09290909090909094,,0.0,0.0,1.0
v1.0,v1.0,v1.0,S0_nominal,D1_improved,P_alpha0.30,30,0.9090909090909091,1.0,0.09090909090909094,,0.0,0.0,0.0
v1.0,v1.0,v1.0,S0_nominal,D1_improved,P_alpha0.30,31,0.9090909090909091,1.0,0.09290909090909094,,0.0,0.0,1.0
v1.0,v1.0,v1.0,S0_nominal,D1_improved,P_alpha0.30,32,0.9090909090909091,1.0,0.09290909090909094,,0.0,0.0,1.0
v1.0,v1.0,v1.0,S0_nominal,D1_improved,P_alpha0.30,33,0.9090909090909091,1.0,0.09290909090909094,,0.0,0.0,1.0
v1.0,v1.0,v1.0,S0_nominal,D1_improved,P_alpha0.30,34,0.9090909090909091,1.0,0.09090909090909094,,0.0,0.0,0.0
v1.0,v1.0,v1.0,S0_nominal,D1_improved,P_alpha0.30,35,0.9090909090909091,1.0,0.09290909090909094,,0.0,0.0,1.0
v1.0,v1.0,v1.0,S0_nominal,D1_improved,P_alpha0.30,36,0.9090909090909091,1.0,0.09290909090909094,,0.0,0.0,1.0
v1.0,v1.0,v1.0,S0_nominal,D1_improved,P_alpha0.30,37,0.9090909090909091,1.0,0.09290909090909094,,0.0,0.0,1.0
v1.0,v1.0,v1.0,S0_nominal,D1_improved,P_alpha0.30,38,0.9090909090909091,1.0,0.09090909090909094,,0.0,0.0,0.0
v1.0,v1.0,v1.0,S0_nominal,D1_improved,P_alpha0.30,39,0.9090909090909091,1.0,0.09090909090909094,,0.0,0.0,0.0
v1.0,v1.0,v1.0,S0_nominal,D1_improved,P_alpha0.45,0,0.9090909090909091,1.0,0.09690909090909094,,0.0,0.0,3.0
v1.0,v1.0,v1.0,S0_nominal,D1_improved,P_alpha0.45,1,0.9090909090909091,1.0,0.09290909090909094,,0.0,0.0,1.0
v1.0,v1.0,v1.0,S0_nominal,D1_improved,P_alpha0.45,2,0.9090909090909091,1.0,0.09090909090909094,,0.0,0.0,0.0
v1.0,v1.0,v1.0,S0_nominal,D1_improved,P_alpha0.45,3,0.9090909090909091,1.0,0.09090909090909094,,0.0,0.0,0.0
v1.0,v1.0,v1.0,S0_nominal,D1_improved,P_alpha0.45,4,0.9090909090909091,1.0,0.09090909090909094,,0.0,0.0,0.0
v1.0,v1.0,v1.0,S0_nominal,D1_improved,P_alpha0.45,5,0.9090909090909091,1.0,0.09290909090909094,,0.0,0.0,1.0
v1.0,v1.0,v1.0,S0_nominal,D1_improved,P_alpha0.45,6,0.9090909090909091,1.0,0.09090909090909094,,0.0,0.0,0.0
v1.0,v1.0,v1.0,S0_nominal,D1_improved,P_alpha0.45,7,0.9090909090909091,1.0,0.09090909090909094,,0.0,0.0,0.0
v1.0,v1.0,v1.0,S0_nominal,D1_improved,P_alpha0.45,8,0.9090909090909091,1.0,0.09290909090909094,,0.0,0.0,1.0
v1.0,v1.0,v1.0,S0_nominal,D1_improved,P_alpha0.45,9,0.9090909090909091,1.0,0.09090909090909094,,0.0,0.0,0.0
v1.0,v1.0,v1.0,S0_nominal,D1_improved,P_alpha0.45,10,0.9090909090909091,1.0,0.09090909090909094,,0.0,0.0,0.0
v1.0,v1.0,v1.0,S0_nominal,D1_improved,P_alpha0.45,11,0.9090909090909091,1.0,0.09090909090909094,,0.0,0.0,0.0
v1.0,v1.0,v1.0,S0_nominal,D1_improved,P_alpha0.45,12,0.9090909090909091,1.0,0.09290909090909094,,0.0,0.0,1.0
v1.0,v1.0,v1.0,S0_nominal,D1_improved,P_alpha0.45,13,0.9090909090909091,1.0,0.09090909090909094,,0.0,0.0,0.0
v1.0,v1.0,v1.0,S0_nominal,D1_improved,P_alpha0.45,14,0.9090909090909091,1.0,0.09090909090909094,,0.0,0.0,0.0
v1.0,v1.0,v1.0,S0_nominal,D1_improved,P_alpha0.45,15,0.9090909090909091,1.0,0.09090909090909094,,0.0,0.0,0.0
v1.0,v1.0,v1.0,S0_nominal,D1_improved,P_alpha0.45,16,0.9090909090909091,1.0,0.09090909090909094,,0.0,0.0,0.0
v1.0,v1.0,v1.0,S0_nominal,D1_improved,P_alpha0.45,17,0.9090909090909091,1.0,0.09290909090909094,,0.0,0.0,1.0
v1.0,v1.0,v1.0,S0_nominal,D1_improved,P_alpha0.45,18,0.9090909090909091,1.0,0.09090909090909094,,0.0,0.0,0.0
v1.0,v1.0,v1.0,S0_nominal,D1_improved,P_alpha0.45,19,0.9090909090909091,1.0,0.09490909090909094,,0.0,0.0,2.0
v1.0,v1.0,v1.0,S0_nominal,D1_improved,P_alpha0.45,20,0.9090909090909091,1.0,0.09090909090909094,,0.0,0.0,0.0
v1.0,v1.0,v1.0,S0_nominal,D1_improved,P_alpha0.45,21,0.9090909090909091,1.0,0.09490909090909094,,0.0,0.0,2.0
v1.0,v1.0,v1.0,S0_nominal,D1_improved,P_alpha0.45,22,0.9090909090909091,1.0,0.09090909090909094,,0.0,0.0,0.0
v1.0,v1.0,v1.0,S0_nominal,D1_improved,P_alpha0.45,23,0.9090909090909091,1.0,0.09290909090909094,,0.0,0.0,1.0
v1.0,v1.0,v1.0,S0_nominal,D1_improved,P_alpha0.45,24,0.9090909090909091,1.0,0.09290909090909094,,0.0,0.0,1.0
v1.0,v1.0,v1.0,S0_nominal,D1_improved,P_alpha0.45,25,0.9090909090909091,1.0,0.09290909090909094,,0.0,0.0,1.0
v1.0,v1.0,v1.0,S0_nominal,D1_improved,P_alpha0.45,26,0.9090909090909091,1.0,0.09090909090909094,,0.0,0.0,0.0
v1.0,v1.0,v1.0,S0_nominal,D1_improved,P_alpha0.45,27,0.9090909090909091,1.0,0.09090909090909094,,0.0,0.0,0.0
v1.0,v1.0,v1.0,S0_nominal,D1_improved,P_alpha0.45,28,0.9090909090909091,1.0,0.09090909090909094,,0.0,0.0,0.0
v1.0,v1.0,v1.0,S0_nominal,D1_improved,P_alpha0.45,29,0.9090909090909091,1.0,0.09290909090909094,,0.0,0.0,1.0
v1.0,v1.0,v1.0,S0_nominal,D1_improved,P_alpha0.45,30,0.9090909090909091,1.0,0.09090909090909094,,0.0,0.0,0.0
v1.0,v1.0,v1.0,S0_nominal,D1_improved,P_alpha0.45,31,0.9090909090909091,1.0,0.09290909090909094,,0.0,0.0,1.0
v1.0,v1.0,v1.0,S0_nominal,D1_improved,P_alpha0.45,32,0.9090909090909091,1.0,0.09290909090909094,,0.0,0.0,1.0
v1.0,v1.0,v1.0,S0_nominal,D1_improved,P_alpha0.45,33,0.9090909090909091,1.0,0.09290909090909094,,0.0,0.0,1.0
v1.0,v1.0,v1.0,S0_nominal,D1_improved,P_alpha0.45,34,0.9090909090909091,1.0,0.09090909090909094,,0.0,0.0,0.0
v1.0,v1.0,v1.0,S0_nominal,D1_improved,P_alpha0.45,35,0.9090909090909091,1.0,0.09290909090909094,,0.0,0.0,1.0
v1.0,v1.0,v1.0,S0_nominal,D1_improved,P_alpha0.45,36,0.9090909090909091,1.0,0.09290909090909094,,0.0,0.0,1.0
v1.0,v1.0,v1.0,S0_nominal,D1_improved,P_alpha0.45,37,0.9090909090909091,1.0,0.09290909090909094,,0.0,0.0,1.0
v1.0,v1.0,v1.0,S0_nominal,D1_improved,P_alpha0.45,38,0.9090909090909091,1.0,0.09090909090909094,,0.0,0.0,0.0
v1.0,v1.0,v1.0,S0_nominal,D1_improved,P_alpha0.45,39,0.9090909090909091,1.0,0.09090909090909094,,0.0,0.0,0.0
v1.0,v1.0,v1.0,S0_nominal,D1_improved,P_alpha0.60,0,0.9090909090909091,1.0,0.09690909090909094,,0.0,0.0,3.0
v1.0,v1.0,v1.0,S0_nominal,D1_improved,P_alpha0.60,1,0.9090909090909091,1.0,0.09290909090909094,,0.0,0.0,1.0
v1.0,v1.0,v1.0,S0_nominal,D1_improved,P_alpha0.60,2,0.9090909090909091,1.0,0.09090909090909094,,0.0,0.0,0.0
v1.0,v1.0,v1.0,S0_nominal,D1_improved,P_alpha0.60,3,0.9090909090909091,1.0,0.09090909090909094,,0.0,0.0,0.0
v1.0,v1.0,v1.0,S0_nominal,D1_improved,P_alpha0.60,4,0.9090909090909091,1.0,0.09090909090909094,,0.0,0.0,0.0
v1.0,v1.0,v1.0,S0_nominal,D1_improved,P_alpha0.60,5,0.9090909090909091,1.0,0.09290909090909094,,0.0,0.0,1.0
v1.0,v1.0,v1.0,S0_nominal,D1_improved,P_alpha0.60,6,0.9090909090909091,1.0,0.09090909090909094,,0.0,0.0,0.0
v1.0,v1.0,v1.0,S0_nominal,D1_improved,P_alpha0.60,7,0.9090909090909091,1.0,0.09090909090909094,,0.0,0.0,0.0
v1.0,v1.0,v1.0,S0_nominal,D1_improved,P_alpha0.60,8,0.9090909090909091,1.0,0.09290909090909094,,0.0,0.0,1.0
v1.0,v1.0,v1.0,S0_nominal,D1_improved,P_alpha0.60,9,0.9090909090909091,1.0,0.09090909090909094,,0.0,0.0,0.0
v1.0,v1.0,v1.0,S0_nominal,D1_improved,P_alpha0.60,10,0.9090909090909091,1.0,0.09090909090909094,,0.0,0.0,0.0
v1.0,v1.0,v1.0,S0_nominal,D1_improved,P_alpha0.60,11,0.9090909090909091,1.0,0.09090909090909094,,0.0,0.0,0.0
v1.0,v1.0,v1.0,S0_nominal,D1_improved,P_alpha0.60,12,0.9090909090909091,1.0,0.09290909090909094,,0.0,0.0,1.0
v1.0,v1.0,v1.0,S0_nominal,D1_improved,P_alpha0.60,13,0.9090909090909091,1.0,0.09090909090909094,,0.0,0.0,0.0
v1.0,v1.0,v1.0,S0_nominal,D1_improved,P_alpha0.60,14,0.9090909090909091,1.0,0.09090909090909094,,0.0,0.0,0.0
v1.0,v1.0,v1.0,S0_nominal,D1_improved,P_alpha0.60,15,0.9090909090909091,1.0,0.09090909090909094,,0.0,0.0,0.0
v1.0,v1.0,v1.0,S0_nominal,D1_improved,P_alpha0.60,16,0.9090909090909091,1.0,0.09090909090909094,,0.0,0.0,0.0
v1.0,v1.0,v1.0,S0_nominal,D1_improved,P_alpha0.60,17,0.9090909090909091,1.0,0.09290909090909094,,0.0,0.0,1.0
v1.0,v1.0,v1.0,S0_nominal,D1_improved,P_alpha0.60,18,0.9090909090909091,1.0,0.09090909090909094,,0.0,0.0,0.0
v1.0,v1.0,v1.0,S0_nominal,D1_improved,P_alpha0.60,19,0.9090909090909091,1.0,0.09490909090909094,,0.0,0.0,2.0
v1.0,v1.0,v1.0,S0_nominal,D1_improved,P_alpha0.60,20,0.9090909090909091,1.0,0.09090909090909094,,0.0,0.0,0.0
v1.0,v1.0,v1.0,S0_nominal,D1_improved,P_alpha0.60,21,0.9090909090909091,1.0,0.09490909090909094,,0.0,0.0,2.0
v1.0,v1.0,v1.0,S0_nominal,D1_improved,P_alpha0.60,22,0.9090909090909091,1.0,0.09090909090909094,,0.0,0.0,0.0
v1.0,v1.0,v1.0,S0_nominal,D1_improved,P_alpha0.60,23,0.9090909090909091,1.0,0.09290909090909094,,0.0,0.0,1.0
v1.0,v1.0,v1.0,S0_nominal,D1_improved,P_alpha0.60,24,0.9090909090909091,1.0,0.09290909090909094,,0.0,0.0,1.0
v1.0,v1.0,v1.0,S0_nominal,D1_improved,P_alpha0.60,25,0.9090909090909091,1.0,0.09290909090909094,,0.0,0.0,1.0
v1.0,v1.0,v1.0,S0_nominal,D1_improved,P_alpha0.60,26,0.9090909090909091,1.0,0.09090909090909094,,0.0,0.0,0.0
v1.0,v1.0,v1.0,S0_nominal,D1_improved,P_alpha0.60,27,0.9090909090909091,1.0,0.09090909090909094,,0.0,0.0,0.0
v1.0,v1.0,v1.0,S0_nominal,D1_improved,P_alpha0.60,28,0.9090909090909091,1.0,0.09090909090909094,,0.0,0.0,0.0
v1.0,v1.0,v1.0,S0_nominal,D1_improved,P_alpha0.60,29,0.9090909090909091,1.0,0.09290909090909094,,0.0,0.0,1.0
v1.0,v1.0,v1.0,S0_nominal,D1_improved,P_alpha0.60,30,0.9090909090909091,1.0,0.09090909090909094,,0.0,0.0,0.0
v1.0,v1.0,v1.0,S0_nominal,D1_improved,P_alpha0.60,31,0.9090909090909091,1.0,0.09290909090909094,,0.0,0.0,1.0
v1.0,v1.0,v1.0,S0_nominal,D1_improved,P_alpha0.60,32,0.9090909090909091,1.0,0.09290909090909094,,0.0,0.0,1.0
v1.0,v1.0,v1.0,S0_nominal,D1_improved,P_alpha0.60,33,0.9090909090909091,1.0,0.09290909090909094,,0.0,0.0,1.0
v1.0,v1.0,v1.0,S0_nominal,D1_improved,P_alpha0.60,34,0.9090909090909091,1.0,0.09090909090909094,,0.0,0.0,0.0
v1.0,v1.0,v1.0,S0_nominal,D1_improved,P_alpha0.60,35,0.9090909090909091,1.0,0.09290909090909094,,0.0,0.0,1.0
v1.0,v1.0,v1.0,S0_nominal,D1_improved,P_alpha0.60,36,0.9090909090909091,1.0,0.09290909090909094,,0.0,0.0,1.0
v1.0,v1.0,v1.0,S0_nominal,D1_improved,P_alpha0.60,37,0.9090909090909091,1.0,0.09290909090909094,,0.0,0.0,1.0
v1.0,v1.0,v1.0,S0_nominal,D1_improved,P_alpha0.60,38,0.9090909090909091,1.0,0.09090909090909094,,0.0,0.0,0.0
v1.0,v1.0,v1.0,S0_nominal,D1_improved,P_alpha0.60,39,0.9090909090909091,1.0,0.09090909090909094,,0.0,0.0,0.0
v1.0,v1.0,v1.0,S0_nominal,D1_improved,P_alpha0.75,0,0.9090909090909091,1.0,0.09690909090909094,,0.0,0.0,3.0
v1.0,v1.0,v1.0,S0_nominal,D1_improved,P_alpha0.75,1,0.9090909090909091,1.0,0.09290909090909094,,0.0,0.0,1.0
v1.0,v1.0,v1.0,S0_nominal,D1_improved,P_alpha0.75,2,0.9090909090909091,1.0,0.09090909090909094,,0.0,0.0,0.0
v1.0,v1.0,v1.0,S0_nominal,D1_improved,P_alpha0.75,3,0.9090909090909091,1.0,0.09090909090909094,,0.0,0.0,0.0
v1.0,v1.0,v1.0,S0_nominal,D1_improved,P_alpha0.75,4,0.9090909090909091,1.0,0.09090909090909094,,0.0,0.0,0.0
v1.0,v1.0,v1.0,S0_nominal,D1_improved,P_alpha0.75,5,0.9090909090909091,1.0,0.09290909090909094,,0.0,0.0,1.0
v1.0,v1.0,v1.0,S0_nominal,D1_improved,P_alpha0.75,6,0.9090909090909091,1.0,0.09090909090909094,,0.0,0.0,0.0
v1.0,v1.0,v1.0,S0_nominal,D1_improved,P_alpha0.75,7,0.9090909090909091,1.0,0.09090909090909094,,0.0,0.0,0.0
v1.0,v1.0,v1.0,S0_nominal,D1_improved,P_alpha0.75,8,0.9090909090909091,1.0,0.09290909090909094,,0.0,0.0,1.0
v1.0,v1.0,v1.0,S0_nominal,D1_improved,P_alpha0.75,9,0.9090909090909091,1.0,0.09090909090909094,,0.0,0.0,0.0
v1.0,v1.0,v1.0,S0_nominal,D1_improved,P_alpha0.75,10,0.9090909090909091,1.0,0.09090909090909094,,0.0,0.0,0.0
v1.0,v1.0,v1.0,S0_nominal,D1_improved,P_alpha0.75,11,0.9090909090909091,1.0,0.09090909090909094,,0.0,0.0,0.0
v1.0,v1.0,v1.0,S0_nominal,D1_improved,P_alpha0.75,12,0.9090909090909091,1.0,0.09290909090909094,,0.0,0.0,1.0
v1.0,v1.0,v1.0,S0_nominal,D1_improved,P_alpha0.75,13,0.9090909090909091,1.0,0.09090909090909094,,0.0,0.0,0.0
v1.0,v1.0,v1.0,S0_nominal,D1_improved,P_alpha0.75,14,0.9090909090909091,1.0,0.09090909090909094,,0.0,0.0,0.0
v1.0,v1.0,v1.0,S0_nominal,D1_improved,P_alpha0.75,15,0.9090909090909091,1.0,0.09090909090909094,,0.0,0.0,0.0
v1.0,v1.0,v1.0,S0_nominal,D1_improved,P_alpha0.75,16,0.9090909090909091,1.0,0.09090909090909094,,0.0,0.0,0.0
v1.0,v1.0,v1.0,S0_nominal,D1_improved,P_alpha0.75,17,0.9090909090909091,1.0,0.09290909090909094,,0.0,0.0,1.0
v1.0,v1.0,v1.0,S0_nominal,D1_improved,P_alpha0.75,18,0.9090909090909091,1.0,0.09090909090909094,,0.0,0.0,0.0
v1.0,v1.0,v1.0,S0_nominal,D1_improved,P_alpha0.75,19,0.9090909090909091,1.0,0.09490909090909094,,0.0,0.0,2.0
v1.0,v1.0,v1.0,S0_nominal,D1_improved,P_alpha0.75,20,0.9090909090909091,1.0,0.09090909090909094,,0.0,0.0,0.0
v1.0,v1.0,v1.0,S0_nominal,D1_improved,P_alpha0.75,21,0.9090909090909091,1.0,0.09490909090909094,,0.0,0.0,2.0
v1.0,v1.0,v1.0,S0_nominal,D1_improved,P_alpha0.75,22,0.9090909090909091,1.0,0.09090909090909094,,0.0,0.0,0.0
v1.0,v1.0,v1.0,S0_nominal,D1_improved,P_alpha0.75,23,0.9090909090909091,1.0,0.09290909090909094,,0.0,0.0,1.0
v1.0,v1.0,v1.0,S0_nominal,D1_improved,P_alpha0.75,24,0.9090909090909091,1.0,0.09290909090909094,,0.0,0.0,1.0
v1.0,v1.0,v1.0,S0_nominal,D1_improved,P_alpha0.75,25,0.9090909090909091,1.0,0.09290909090909094,,0.0,0.0,1.0
v1.0,v1.0,v1.0,S0_nominal,D1_improved,P_alpha0.75,26,0.9090909090909091,1.0,0.09090909090909094,,0.0,0.0,0.0
v1.0,v1.0,v1.0,S0_nominal,D1_improved,P_alpha0.75,27,0.9090909090909091,1.0,0.09090909090909094,,0.0,0.0,0.0
v1.0,v1.0,v1.0,S0_nominal,D1_improved,P_alpha0.75,28,0.9090909090909091,1.0,0.09090909090909094,,0.0,0.0,0.0
v1.0,v1.0,v1.0,S0_nominal,D1_improved,P_alpha0.75,29,0.9090909090909091,1.0,0.09290909090909094,,0.0,0.0,1.0
v1.0,v1.0,v1.0,S0_nominal,D1_improved,P_alpha0.75,30,0.9090909090909091,1.0,0.09090909090909094,,0.0,0.0,0.0
v1.0,v1.0,v1.0,S0_nominal,D1_improved,P_alpha0.75,31,0.9090909090909091,1.0,0.09290909090909094,,0.0,0.0,1.0
v1.0,v1.0,v1.0,S0_nominal,D1_improved,P_alpha0.75,32,0.9090909090909091,1.0,0.09290909090909094,,0.0,0.0,1.0
v1.0,v1.0,v1.0,S0_nominal,D1_improved,P_alpha0.75,33,0.9090909090909091,1.0,0.09290909090909094,,0.0,0.0,1.0
v1.0,v1.0,v1.0,S0_nominal,D1_improved,P_alpha0.75,34,0.9090909090909091,1.0,0.09090909090909094,,0.0,0.0,0.0
v1.0,v1.0,v1.0,S0_nominal,D1_improved,P_alpha0.75,35,0.9090909090909091,1.0,0.09290909090909094,,0.0,0.0,1.0
v1.0,v1.0,v1.0,S0_nominal,D1_improved,P_alpha0.75,36,0.9090909090909091,1.0,0.09290909090909094,,0.0,0.0,1.0
v1.0,v1.0,v1.0,S0_nominal,D1_improved,P_alpha0.75,37,0.9090909090909091,1.0,0.09290909090909094,,0.0,0.0,1.0
v1.0,v1.0,v1.0,S0_nominal,D1_improved,P_alpha0.75,38,0.9090909090909091,1.0,0.09090909090909094,,0.0,0.0,0.0
v1.0,v1.0,v1.0,S0_nominal,D1_improved,P_alpha0.75,39,0.9090909090909091,1.0,0.09090909090909094,,0.0,0.0,0.0
v1.0,v1.0,v1.0,S0_nominal,D1_improved,P_alpha0.90,0,1.0,1.0,0.006,,0.0,0.0,3.0
v1.0,v1.0,v1.0,S0_nominal,D1_improved,P_alpha0.90,1,1.0,1.0,0.002,,0.0,0.0,1.0
v1.0,v1.0,v1.0,S0_nominal,D1_improved,P_alpha0.90,2,1.0,1.0,0.0,,0.0,0.0,0.0
v1.0,v1.0,v1.0,S0_nominal,D1_improved,P_alpha0.90,3,1.0,1.0,0.0,,0.0,0.0,0.0
v1.0,v1.0,v1.0,S0_nominal,D1_improved,P_alpha0.90,4,1.0,1.0,0.0,,0.0,0.0,0.0
v1.0,v1.0,v1.0,S0_nominal,D1_improved,P_alpha0.90,5,1.0,1.0,0.002,,0.0,0.0,1.0
v1.0,v1.0,v1.0,S0_nominal,D1_improved,P_alpha0.90,6,1.0,1.0,0.0,,0.0,0.0,0.0
v1.0,v1.0,v1.0,S0_nominal,D1_improved,P_alpha0.90,7,1.0,1.0,0.0,,0.0,0.0,0.0
v1.0,v1.0,v1.0,S0_nominal,D1_improved,P_alpha0.90,8,1.0,1.0,0.002,,0.0,0.0,1.0
v1.0,v1.0,v1.0,S0_nominal,D1_improved,P_alpha0.90,9,1.0,1.0,0.0,,0.0,0.0,0.0
v1.0,v1.0,v1.0,S0_nominal,D1_improved,P_alpha0.90,10,1.0,1.0,0.0,,0.0,0.0,0.0
v1.0,v1.0,v1.0,S0_nominal,D1_improved,P_alpha0.90,11,1.0,1.0,0.0,,0.0,0.0,0.0
v1.0,v1.0,v1.0,S0_nominal,D1_improved,P_alpha0.90,12,1.0,1.0,0.002,,0.0,0.0,1.0
v1.0,v1.0,v1.0,S0_nominal,D1_improved,P_alpha0.90,13,1.0,1.0,0.0,,0.0,0.0,0.0
v1.0,v1.0,v1.0,S0_nominal,D1_improved,P_alpha0.90,14,1.0,1.0,0.0,,0.0,0.0,0.0
v1.0,v1.0,v1.0,S0_nominal,D1_improved,P_alpha0.90,15,1.0,1.0,0.0,,0.0,0.0,0.0
v1.0,v1.0,v1.0,S0_nominal,D1_improved,P_alpha0.90,16,1.0,1.0,0.0,,0.0,0.0,0.0
v1.0,v1.0,v1.0,S0_nominal,D1_improved,P_alpha0.90,17,1.0,1.0,0.002,,0.0,0.0,1.0
v1.0,v1.0,v1.0,S0_nominal,D1_improved,P_alpha0.90,18,1.0,1.0,0.0,,0.0,0.0,0.0
v1.0,v1.0,v1.0,S0_nominal,D1_improved,P_alpha0.90,19,1.0,1.0,0.004,,0.0,0.0,2.0
v1.0,v1.0,v1.0,S0_nominal,D1_improved,P_alpha0.90,20,1.0,1.0,0.0,,0.0,0.0,0.0
v1.0,v1.0,v1.0,S0_nominal,D1_improved,P_alpha0.90,21,1.0,1.0,0.004,,0.0,0.0,2.0
v1.0,v1.0,v1.0,S0_nominal,D1_improved,P_alpha0.90,22,1.0,1.0,0.0,,0.0,0.0,0.0
v1.0,v1.0,v1.0,S0_nominal,D1_improved,P_alpha0.90,23,1.0,1.0,0.002,,0.0,0.0,1.0
v1.0,v1.0,v1.0,S0_nominal,D1_improved,P_alpha0.90,24,1.0,1.0,0.002,,0.0,0.0,1.0
v1.0,v1.0,v1.0,S0_nominal,D1_improved,P_alpha0.90,25,1.0,1.0,0.002,,0.0,0.0,1.0
v1.0,v1.0,v1.0,S0_nominal,D1_improved,P_alpha0.90,26,1.0,1.0,0.0,,0.0,0.0,0.0
v1.0,v1.0,v1.0,S0_nominal,D1_improved,P_alpha0.90,27,1.0,1.0,0.0,,0.0,0.0,0.0
v1.0,v1.0,v1.0,S0_nominal,D1_improved,P_alpha0.90,28,1.0,1.0,0.0,,0.0,0.0,0.0
v1.0,v1.0,v1.0,S0_nominal,D1_improved,P_alpha0.90,29,1.0,1.0,0.002,,0.0,0.0,1.0
v1.0,v1.0,v1.0,S0_nominal,D1_improved,P_alpha0.90,30,1.0,1.0,0.0,,0.0,0.0,0.0
v1.0,v1.0,v1.0,S0_nominal,D1_improved,P_alpha0.90,31,1.0,1.0,0.002,,0.0,0.0,1.0
v1.0,v1.0,v1.0,S0_nominal,D1_improved,P_alpha0.90,32,1.0,1.0,0.002,,0.0,0.0,1.0
v1.0,v1.0,v1.0,S0_nominal,D1_improved,P_alpha0.90,33,1.0,1.0,0.002,,0.0,0.0,1.0
v1.0,v1.0,v1.0,S0_nominal,D1_improved,P_alpha0.90,34,1.0,1.0,0.0,,0.0,0.0,0.0
v1.0,v1.0,v1.0,S0_nominal,D1_improved,P_alpha0.90,35,1.0,1.0,0.002,,0.0,0.0,1.0
v1.0,v1.0,v1.0,S0_nominal,D1_improved,P_alpha0.90,36,1.0,1.0,0.002,,0.0,0.0,1.0
v1.0,v1.0,v1.0,S0_nominal,D1_improved,P_alpha0.90,37,1.0,1.0,0.002,,0.0,0.0,1.0
v1.0,v1.0,v1.0,S0_nominal,D1_improved,P_alpha0.90,38,1.0,1.0,0.0,,0.0,0.0,0.0
v1.0,v1.0,v1.0,S0_nominal,D1_improved,P_alpha0.90,39,1.0,1.0,0.0,,0.0,0.0,0.0
v1.0,v1.0,v1.0,S0_nominal,D1_improved,P_alpha1.00,0,1.0,0.9453124999999993,0.0716250000000008,,0.0,0.0,3.0
v1.0,v1.0,v1.0,S0_nominal,D1_improved,P_alpha1.00,1,1.0,0.9453124999999993,0.0676250000000008,,0.0,0.0,1.0
v1.0,v1.0,v1.0,S0_nominal,D1_improved,P_alpha1.00,2,1.0,0.9453124999999993,0.0656250000000008,,0.0,0.0,0.0
v1.0,v1.0,v1.0,S0_nominal,D1_improved,P_alpha1.00,3,1.0,0.9453124999999993,0.0656250000000008,,0.0,0.0,0.0
v1.0,v1.0,v1.0,S0_nominal,D1_improved,P_alpha1.00,4,1.0,0.9453124999999993,0.0656250000000008,,0.0,0.0,0.0
v1.0,v1.0,v1.0,S0_nominal,D1_improved,P_alpha1.00,5,1.0,0.9453124999999993,0.0676250000000008,,0.0,0.0,1.0
v1.0,v1.0,v1.0,S0_nominal,D1_improved,P_alpha1.00,6,1.0,0.9453124999999993,0.0656250000000008,,0.0,0.0,0.0
v1.0,v1.0,v1.0,S0_nominal,D1_improved,P_alpha1.00,7,1.0,0.9453124999999993,0.0656250000000008,,0.0,0.0,0.0
v1.0,v1.0,v1.0,S0_nominal,D1_improved,P_alpha1.00,8,1.0,0.9453124999999993,0.0676250000000008,,0.0,0.0,1.0
v1.0,v1.0,v1.0,S0_nominal,D1_improved,P_alpha1.00,9,1.0,0.9453124999999993,0.0656250000000008,,0.0,0.0,0.0
v1.0,v1.0,v1.0,S0_nominal,D1_improved,P_alpha1.00,10,1.0,0.9453124999999993,0.0656250000000008,,0.0,0.0,0.0
v1.0,v1.0,v1.0,S0_nominal,D1_improved,P_alpha1.00,11,1.0,0.9453124999999993,0.0656250000000008,,0.0,0.0,0.0
v1.0,v1.0,v1.0,S0_nominal,D1_improved,P_alpha1.00,12,1.0,0.9453124999999993,0.0676250000000008,,0.0,0.0,1.0
v1.0,v1.0,v1.0,S0_nominal,D1_improved,P_alpha1.00,13,1.0,0.9453124999999993,0.0656250000000008,,0.0,0.0,0.0
v1.0,v1.0,v1.0,S0_nominal,D1_improved,P_alpha1.00,14,1.0,0.9453124999999993,0.0656250000000008,,0.0,0.0,0.0
v1.0,v1.0,v1.0,S0_nominal,D1_improved,P_alpha1.00,15,1.0,0.9453124999999993,0.0656250000000008,,0.0,0.0,0.0
v1.0,v1.0,v1.0,S0_nominal,D1_improved,P_alpha1.00,16,1.0,0.9453124999999993,0.0656250000000008,,0.0,0.0,0.0
v1.0,v1.0,v1.0,S0_nominal,D1_improved,P_alpha1.00,17,1.0,0.9453124999999993,0.0676250000000008,,0.0,0.0,1.0
v1.0,v1.0,v1.0,S0_nominal,D1_improved,P_alpha1.00,18,1.0,0.9453124999999993,0.0656250000000008,,0.0,0.0,0.0
v1.0,v1.0,v1.0,S0_nominal,D1_improved,P_alpha1.00,19,1.0,0.9453124999999993,0.0696250000000008,,0.0,0.0,2.0
v1.0,v1.0,v1.0,S0_nominal,D1_improved,P_alpha1.00,20,1.0,0.9453124999999993,0.0656250000000008,,0.0,0.0,0.0
v1.0,v1.0,v1.0,S0_nominal,D1_improved,P_alpha1.00,21,1.0,0.9453124999999993,0.0696250000000008,,0.0,0.0,2.0
v1.0,v1.0,v1.0,S0_nominal,D1_improved,P_alpha1.00,22,1.0,0.9453124999999993,0.0656250000000008,,0.0,0.0,0.0
v1.0,v1.0,v1.0,S0_nominal,D1_improved,P_alpha1.00,23,1.0,0.9453124999999993,0.0676250000000008,,0.0,0.0,1.0
v1.0,v1.0,v1.0,S0_nominal,D1_improved,P_alpha1.00,24,1.0,0.9453124999999993,0.0676250000000008,,0.0,0.0,1.0
v1.0,v1.0,v1.0,S0_nominal,D1_improved,P_alpha1.00,25,1.0,0.9453124999999993,0.0676250000000008,,0.0,0.0,1.0
v1.0,v1.0,v1.0,S0_nominal,D1_improved,P_alpha1.00,26,1.0,0.9453124999999993,0.0656250000000008,,0.0,0.0,0.0
v1.0,v1.0,v1.0,S0_nominal,D1_improved,P_alpha1.00,27,1.0,0.9453124999999993,0.0656250000000008,,0.0,0.0,0.0
v1.0,v1.0,v1.0,S0_nominal,D1_improved,P_alpha1.00,28,1.0,0.9453124999999993,0.0656250000000008,,0.0,0.0,0.0
v1.0,v1.0,v1.0,S0_nominal,D1_improved,P_alpha1.00,29,1.0,0.9453124999999993,0.0676250000000008,,0.0,0.0,1.0
v1.0,v1.0,v1.0,S0_nominal,D1_improved,P_alpha1.00,30,1.0,0.9453124999999993,0.0656250000000008,,0.0,0.0,0.0
v1.0,v1.0,v1.0,S0_nominal,D1_improved,P_alpha1.00,31,1.0,0.9453124999999993,0.0676250000000008,,0.0,0.0,1.0
v1.0,v1.0,v1.0,S0_nominal,D1_improved,P_alpha1.00,32,1.0,0.9453124999999993,0.0676250000000008,,0.0,0.0,1.0
v1.0,v1.0,v1.0,S0_nominal,D1_improved,P_alpha1.00,33,1.0,0.9453124999999993,0.0676250000000008,,0.0,0.0,1.0
v1.0,v1.0,v1.0,S0_nominal,D1_improved,P_alpha1.00,34,1.0,0.9453124999999993,0.0656250000000008,,0.0,0.0,0.0
v1.0,v1.0,v1.0,S0_nominal,D1_improved,P_alpha1.00,35,1.0,0.9453124999999993,0.0676250000000008,,0.0,0.0,1.0
v1.0,v1.0,v1.0,S0_nominal,D1_improved,P_alpha1.00,36,1.0,0.9453124999999993,0.0676250000000008,,0.0,0.0,1.0
v1.0,v1.0,v1.0,S0_nominal,D1_improved,P_alpha1.00,37,1.0,0.9453124999999993,0.0676250000000008,,0.0,0.0,1.0
v1.0,v1.0,v1.0,S0_nominal,D1_improved,P_alpha1.00,38,1.0,0.9453124999999993,0.0656250000000008,,0.0,0.0,0.0
v1.0,v1.0,v1.0,S0_nominal,D1_improved,P_alpha1.00,39,1.0,0.9453124999999993,0.0656250000000008,,0.0,0.0,0.0
v1.0,v1.0,v1.0,S0_nominal,D1_improved,P_availability_first,0,1.0,0.9453124999999993,0.0716250000000008,,0.0,0.0,3.0
v1.0,v1.0,v1.0,S0_nominal,D1_improved,P_availability_first,1,1.0,0.9453124999999993,0.0676250000000008,,0.0,0.0,1.0
v1.0,v1.0,v1.0,S0_nominal,D1_improved,P_availability_first,2,1.0,0.9453124999999993,0.0656250000000008,,0.0,0.0,0.0
v1.0,v1.0,v1.0,S0_nominal,D1_improved,P_availability_first,3,1.0,0.9453124999999993,0.0656250000000008,,0.0,0.0,0.0
v1.0,v1.0,v1.0,S0_nominal,D1_improved,P_availability_first,4,1.0,0.9453124999999993,0.0656250000000008,,0.0,0.0,0.0
v1.0,v1.0,v1.0,S0_nominal,D1_improved,P_availability_first,5,1.0,0.9453124999999993,0.0676250000000008,,0.0,0.0,1.0
v1.0,v1.0,v1.0,S0_nominal,D1_improved,P_availability_first,6,1.0,0.9453124999999993,0.0656250000000008,,0.0,0.0,0.0
v1.0,v1.0,v1.0,S0_nominal,D1_improved,P_availability_first,7,1.0,0.9453124999999993,0.0656250000000008,,0.0,0.0,0.0
v1.0,v1.0,v1.0,S0_nominal,D1_improved,P_availability_first,8,1.0,0.9453124999999993,0.0676250000000008,,0.0,0.0,1.0
v1.0,v1.0,v1.0,S0_nominal,D1_improved,P_availability_first,9,1.0,0.9453124999999993,0.0656250000000008,,0.0,0.0,0.0
v1.0,v1.0,v1.0,S0_nominal,D1_improved,P_availability_first,10,1.0,0.9453124999999993,0.0656250000000008,,0.0,0.0,0.0
v1.0,v1.0,v1.0,S0_nominal,D1_improved,P_availability_first,11,1.0,0.9453124999999993,0.0656250000000008,,0.0,0.0,0.0
v1.0,v1.0,v1.0,S0_nominal,D1_improved,P_availability_first,12,1.0,0.9453124999999993,0.0676250000000008,,0.0,0.0,1.0
v1.0,v1.0,v1.0,S0_nominal,D1_improved,P_availability_first,13,1.0,0.9453124999999993,0.0656250000000008,,0.0,0.0,0.0
v1.0,v1.0,v1.0,S0_nominal,D1_improved,P_availability_first,14,1.0,0.9453124999999993,0.0656250000000008,,0.0,0.0,0.0
v1.0,v1.0,v1.0,S0_nominal,D1_improved,P_availability_first,15,1.0,0.9453124999999993,0.0656250000000008,,0.0,0.0,0.0
v1.0,v1.0,v1.0,S0_nominal,D1_improved,P_availability_first,16,1.0,0.9453124999999993,0.0656250000000008,,0.0,0.0,0.0
v1.0,v1.0,v1.0,S0_nominal,D1_improved,P_availability_first,17,1.0,0.9453124999999993,0.0676250000000008,,0.0,0.0,1.0
v1.0,v1.0,v1.0,S0_nominal,D1_improved,P_availability_first,18,1.0,0.9453124999999993,0.0656250000000008,,0.0,0.0,0.0
v1.0,v1.0,v1.0,S0_nominal,D1_improved,P_availability_first,19,1.0,0.9453124999999993,0.0696250000000008,,0.0,0.0,2.0
v1.0,v1.0,v1.0,S0_nominal,D1_improved,P_availability_first,20,1.0,0.9453124999999993,0.0656250000000008,,0.0,0.0,0.0
v1.0,v1.0,v1.0,S0_nominal,D1_improved,P_availability_first,21,1.0,0.9453124999999993,0.0696250000000008,,0.0,0.0,2.0
v1.0,v1.0,v1.0,S0_nominal,D1_improved,P_availability_first,22,1.0,0.9453124999999993,0.0656250000000008,,0.0,0.0,0.0
v1.0,v1.0,v1.0,S0_nominal,D1_improved,P_availability_first,23,1.0,0.9453124999999993,0.0676250000000008,,0.0,0.0,1.0
v1.0,v1.0,v1.0,S0_nominal,D1_improved,P_availability_first,24,1.0,0.9453124999999993,0.0676250000000008,,0.0,0.0,1.0
v1.0,v1.0,v1.0,S0_nominal,D1_improved,P_availability_first,25,1.0,0.9453124999999993,0.0676250000000008,,0.0,0.0,1.0
v1.0,v1.0,v1.0,S0_nominal,D1_improved,P_availability_first,26,1.0,0.9453124999999993,0.0656250000000008,,0.0,0.0,0.0
v1.0,v1.0,v1.0,S0_nominal,D1_improved,P_availability_first,27,1.0,0.9453124999999993,0.0656250000000008,,0.0,0.0,0.0
v1.0,v1.0,v1.0,S0_nominal,D1_improved,P_availability_first,28,1.0,0.9453124999999993,0.0656250000000008,,0.0,0.0,0.0
v1.0,v1.0,v1.0,S0_nominal,D1_improved,P_availability_first,29,1.0,0.9453124999999993,0.0676250000000008,,0.0,0.0,1.0
v1.0,v1.0,v1.0,S0_nominal,D1_improved,P_availability_first,30,1.0,0.9453124999999993,0.0656250000000008,,0.0,0.0,0.0
v1.0,v1.0,v1.0,S0_nominal,D1_improved,P_availability_first,31,1.0,0.9453124999999993,0.0676250000000008,,0.0,0.0,1.0
v1.0,v1.0,v1.0,S0_nominal,D1_improved,P_availability_first,32,1.0,0.9453124999999993,0.0676250000000008,,0.0,0.0,1.0
v1.0,v1.0,v1.0,S0_nominal,D1_improved,P_availability_first,33,1.0,0.9453124999999993,0.0676250000000008,,0.0,0.0,1.0
v1.0,v1.0,v1.0,S0_nominal,D1_improved,P_availability_first,34,1.0,0.9453124999999993,0.0656250000000008,,0.0,0.0,0.0
v1.0,v1.0,v1.0,S0_nominal,D1_improved,P_availability_first,35,1.0,0.9453124999999993,0.0676250000000008,,0.0,0.0,1.0
v1.0,v1.0,v1.0,S0_nominal,D1_improved,P_availability_first,36,1.0,0.9453124999999993,0.0676250000000008,,0.0,0.0,1.0
v1.0,v1.0,v1.0,S0_nominal,D1_improved,P_availability_first,37,1.0,0.9453124999999993,0.0676250000000008,,0.0,0.0,1.0
v1.0,v1.0,v1.0,S0_nominal,D1_improved,P_availability_first,38,1.0,0.9453124999999993,0.0656250000000008,,0.0,0.0,0.0
v1.0,v1.0,v1.0,S0_nominal,D1_improved,P_availability_first,39,1.0,0.9453124999999993,0.0656250000000008,,0.0,0.0,0.0
v1.0,v1.0,v1.0,S0_nominal,D1_improved,P_heat_first,0,0.9090909090909091,1.0,0.09690909090909094,,0.0,0.0,3.0
v1.0,v1.0,v1.0,S0_nominal,D1_improved,P_heat_first,1,0.9090909090909091,1.0,0.09290909090909094,,0.0,0.0,1.0
v1.0,v1.0,v1.0,S0_nominal,D1_improved,P_heat_first,2,0.9090909090909091,1.0,0.09090909090909094,,0.0,0.0,0.0
v1.0,v1.0,v1.0,S0_nominal,D1_improved,P_heat_first,3,0.9090909090909091,1.0,0.09090909090909094,,0.0,0.0,0.0
v1.0,v1.0,v1.0,S0_nominal,D1_improved,P_heat_first,4,0.9090909090909091,1.0,0.09090909090909094,,0.0,0.0,0.0
v1.0,v1.0,v1.0,S0_nominal,D1_improved,P_heat_first,5,0.9090909090909091,1.0,0.09290909090909094,,0.0,0.0,1.0
v1.0,v1.0,v1.0,S0_nominal,D1_improved,P_heat_first,6,0.9090909090909091,1.0,0.09090909090909094,,0.0,0.0,0.0
v1.0,v1.0,v1.0,S0_nominal,D1_improved,P_heat_first,7,0.9090909090909091,1.0,0.09090909090909094,,0.0,0.0,0.0
v1.0,v1.0,v1.0,S0_nominal,D1_improved,P_heat_first,8,0.9090909090909091,1.0,0.09290909090909094,,0.0,0.0,1.0
v1.0,v1.0,v1.0,S0_nominal,D1_improved,P_heat_first,9,0.9090909090909091,1.0,0.09090909090909094,,0.0,0.0,0.0
v1.0,v1.0,v1.0,S0_nominal,D1_improved,P_heat_first,10,0.9090909090909091,1.0,0.09090909090909094,,0.0,0.0,0.0
v1.0,v1.0,v1.0,S0_nominal,D1_improved,P_heat_first,11,0.9090909090909091,1.0,0.09090909090909094,,0.0,0.0,0.0
v1.0,v1.0,v1.0,S0_nominal,D1_improved,P_heat_first,12,0.9090909090909091,1.0,0.09290909090909094,,0.0,0.0,1.0
v1.0,v1.0,v1.0,S0_nominal,D1_improved,P_heat_first,13,0.9090909090909091,1.0,0.09090909090909094,,0.0,0.0,0.0
v1.0,v1.0,v1.0,S0_nominal,D1_improved,P_heat_first,14,0.9090909090909091,1.0,0.09090909090909094,,0.0,0.0,0.0
v1.0,v1.0,v1.0,S0_nominal,D1_improved,P_heat_first,15,0.9090909090909091,1.0,0.09090909090909094,,0.0,0.0,0.0
v1.0,v1.0,v1.0,S0_nominal,D1_improved,P_heat_first,16,0.9090909090909091,1.0,0.09090909090909094,,0.0,0.0,0.0
v1.0,v1.0,v1.0,S0_nominal,D1_improved,P_heat_first,17,0.9090909090909091,1.0,0.09290909090909094,,0.0,0.0,1.0
v1.0,v1.0,v1.0,S0_nominal,D1_improved,P_heat_first,18,0.9090909090909091,1.0,0.09090909090909094,,0.0,0.0,0.0
v1.0,v1.0,v1.0,S0_nominal,D1_improved,P_heat_first,19,0.9090909090909091,1.0,0.09490909090909094,,0.0,0.0,2.0
v1.0,v1.0,v1.0,S0_nominal,D1_improved,P_heat_first,20,0.9090909090909091,1.0,0.09090909090909094,,0.0,0.0,0.0
v1.0,v1.0,v1.0,S0_nominal,D1_improved,P_heat_first,21,0.9090909090909091,1.0,0.09490909090909094,,0.0,0.0,2.0
v1.0,v1.0,v1.0,S0_nominal,D1_improved,P_heat_first,22,0.9090909090909091,1.0,0.09090909090909094,,0.0,0.0,0.0
v1.0,v1.0,v1.0,S0_nominal,D1_improved,P_heat_first,23,0.9090909090909091,1.0,0.09290909090909094,,0.0,0.0,1.0
v1.0,v1.0,v1.0,S0_nominal,D1_improved,P_heat_first,24,0.9090909090909091,1.0,0.09290909090909094,,0.0,0.0,1.0
v1.0,v1.0,v1.0,S0_nominal,D1_improved,P_heat_first,25,0.9090909090909091,1.0,0.09290909090909094,,0.0,0.0,1.0
v1.0,v1.0,v1.0,S0_nominal,D1_improved,P_heat_first,26,0.9090909090909091,1.0,0.09090909090909094,,0.0,0.0,0.0
v1.0,v1.0,v1.0,S0_nominal,D1_improved,P_heat_first,27,0.9090909090909091,1.0,0.09090909090909094,,0.0,0.0,0.0
v1.0,v1.0,v1.0,S0_nominal,D1_improved,P_heat_first,28,0.9090909090909091,1.0,0.09090909090909094,,0.0,0.0,0.0
v1.0,v1.0,v1.0,S0_nominal,D1_improved,P_heat_first,29,0.9090909090909091,1.0,0.09290909090909094,,0.0,0.0,1.0
v1.0,v1.0,v1.0,S0_nominal,D1_improved,P_heat_first,30,0.9090909090909091,1.0,0.09090909090909094,,0.0,0.0,0.0
v1.0,v1.0,v1.0,S0_nominal,D1_improved,P_heat_first,31,0.9090909090909091,1.0,0.09290909090909094,,0.0,0.0,1.0
v1.0,v1.0,v1.0,S0_nominal,D1_improved,P_heat_first,32,0.9090909090909091,1.0,0.09290909090909094,,0.0,0.0,1.0
v1.0,v1.0,v1.0,S0_nominal,D1_improved,P_heat_first,33,0.9090909090909091,1.0,0.09290909090909094,,0.0,0.0,1.0
v1.0,v1.0,v1.0,S0_nominal,D1_improved,P_heat_first,34,0.9090909090909091,1.0,0.09090909090909094,,0.0,0.0,0.0
v1.0,v1.0,v1.0,S0_nominal,D1_improved,P_heat_first,35,0.9090909090909091,1.0,0.09290909090909094,,0.0,0.0,1.0
v1.0,v1.0,v1.0,S0_nominal,D1_improved,P_heat_first,36,0.9090909090909091,1.0,0.09290909090909094,,0.0,0.0,1.0
v1.0,v1.0,v1.0,S0_nominal,D1_improved,P_heat_first,37,0.9090909090909091,1.0,0.09290909090909094,,0.0,0.0,1.0
v1.0,v1.0,v1.0,S0_nominal,D1_improved,P_heat_first,38,0.9090909090909091,1.0,0.09090909090909094,,0.0,0.0,0.0
v1.0,v1.0,v1.0,S0_nominal,D1_improved,P_heat_first,39,0.9090909090909091,1.0,0.09090909090909094,,0.0,0.0,0.0
v1.0,v1.0,v1.0,S0_nominal,D1_improved,P_balanced,0,0.9090909090909091,1.0,0.09690909090909094,,0.0,0.0,3.0
v1.0,v1.0,v1.0,S0_nominal,D1_improved,P_balanced,1,0.9090909090909091,1.0,0.09290909090909094,,0.0,0.0,1.0
v1.0,v1.0,v1.0,S0_nominal,D1_improved,P_balanced,2,0.9090909090909091,1.0,0.09090909090909094,,0.0,0.0,0.0
v1.0,v1.0,v1.0,S0_nominal,D1_improved,P_balanced,3,0.9090909090909091,1.0,0.09090909090909094,,0.0,0.0,0.0
v1.0,v1.0,v1.0,S0_nominal,D1_improved,P_balanced,4,0.9090909090909091,1.0,0.09090909090909094,,0.0,0.0,0.0
v1.0,v1.0,v1.0,S0_nominal,D1_improved,P_balanced,5,0.9090909090909091,1.0,0.09290909090909094,,0.0,0.0,1.0
v1.0,v1.0,v1.0,S0_nominal,D1_improved,P_balanced,6,0.9090909090909091,1.0,0.09090909090909094,,0.0,0.0,0.0
v1.0,v1.0,v1.0,S0_nominal,D1_improved,P_balanced,7,0.9090909090909091,1.0,0.09090909090909094,,0.0,0.0,0.0
v1.0,v1.0,v1.0,S0_nominal,D1_improved,P_balanced,8,0.9090909090909091,1.0,0.09290909090909094,,0.0,0.0,1.0
v1.0,v1.0,v1.0,S0_nominal,D1_improved,P_balanced,9,0.9090909090909091,1.0,0.09090909090909094,,0.0,0.0,0.0
v1.0,v1.0,v1.0,S0_nominal,D1_improved,P_balanced,10,0.9090909090909091,1.0,0.09090909090909094,,0.0,0.0,0.0
v1.0,v1.0,v1.0,S0_nominal,D1_improved,P_balanced,11,0.9090909090909091,1.0,0.09090909090909094,,0.0,0.0,0.0
v1.0,v1.0,v1.0,S0_nominal,D1_improved,P_balanced,12,0.9090909090909091,1.0,0.09290909090909094,,0.0,0.0,1.0
v1.0,v1.0,v1.0,S0_nominal,D1_improved,P_balanced,13,0.9090909090909091,1.0,0.09090909090909094,,0.0,0.0,0.0
v1.0,v1.0,v1.0,S0_nominal,D1_improved,P_balanced,14,0.9090909090909091,1.0,0.09090909090909094,,0.0,0.0,0.0
v1.0,v1.0,v1.0,S0_nominal,D1_improved,P_balanced,15,0.9090909090909091,1.0,0.09090909090909094,,0.0,0.0,0.0
v1.0,v1.0,v1.0,S0_nominal,D1_improved,P_balanced,16,0.9090909090909091,1.0,0.09090909090909094,,0.0,0.0,0.0
v1.0,v1.0,v1.0,S0_nominal,D1_improved,P_balanced,17,0.9090909090909091,1.0,0.09290909090909094,,0.0,0.0,1.0
v1.0,v1.0,v1.0,S0_nominal,D1_improved,P_balanced,18,0.9090909090909091,1.0,0.09090909090909094,,0.0,0.0,0.0
v1.0,v1.0,v1.0,S0_nominal,D1_improved,P_balanced,19,0.9090909090909091,1.0,0.09490909090909094,,0.0,0.0,2.0
v1.0,v1.0,v1.0,S0_nominal,D1_improved,P_balanced,20,0.9090909090909091,1.0,0.09090909090909094,,0.0,0.0,0.0
v1.0,v1.0,v1.0,S0_nominal,D1_improved,P_balanced,21,0.9090909090909091,1.0,0.09490909090909094,,0.0,0.0,2.0
v1.0,v1.0,v1.0,S0_nominal,D1_improved,P_balanced,22,0.9090909090909091,1.0,0.09090909090909094,,0.0,0.0,0.0
v1.0,v1.0,v1.0,S0_nominal,D1_improved,P_balanced,23,0.9090909090909091,1.0,0.09290909090909094,,0.0,0.0,1.0
v1.0,v1.0,v1.0,S0_nominal,D1_improved,P_balanced,24,0.9090909090909091,1.0,0.09290909090909094,,0.0,0.0,1.0
v1.0,v1.0,v1.0,S0_nominal,D1_improved,P_balanced,25,0.9090909090909091,1.0,0.09290909090909094,,0.0,0.0,1.0
v1.0,v1.0,v1.0,S0_nominal,D1_improved,P_balanced,26,0.9090909090909091,1.0,0.09090909090909094,,0.0,0.0,0.0
v1.0,v1.0,v1.0,S0_nominal,D1_improved,P_balanced,27,0.9090909090909091,1.0,0.09090909090909094,,0.0,0.0,0.0
v1.0,v1.0,v1.0,S0_nominal,D1_improved,P_balanced,28,0.9090909090909091,1.0,0.09090909090909094,,0.0,0.0,0.0
v1.0,v1.0,v1.0,S0_nominal,D1_improved,P_balanced,29,0.9090909090909091,1.0,0.09290909090909094,,0.0,0.0,1.0
v1.0,v1.0,v1.0,S0_nominal,D1_improved,P_balanced,30,0.9090909090909091,1.0,0.09090909090909094,,0.0,0.0,0.0
v1.0,v1.0,v1.0,S0_nominal,D1_improved,P_balanced,31,0.9090909090909091,1.0,0.09290909090909094,,0.0,0.0,1.0
v1.0,v1.0,v1.0,S0_nominal,D1_improved,P_balanced,32,0.9090909090909091,1.0,0.09290909090909094,,0.0,0.0,1.0
v1.0,v1.0,v1.0,S0_nominal,D1_improved,P_balanced,33,0.9090909090909091,1.0,0.09290909090909094,,0.0,0.0,1.0
v1.0,v1.0,v1.0,S0_nominal,D1_improved,P_balanced,34,0.9090909090909091,1.0,0.09090909090909094,,0.0,0.0,0.0
v1.0,v1.0,v1.0,S0_nominal,D1_improved,P_balanced,35,0.9090909090909091,1.0,0.09290909090909094,,0.0,0.0,1.0
v1.0,v1.0,v1.0,S0_nominal,D1_improved,P_balanced,36,0.9090909090909091,1.0,0.09290909090909094,,0.0,0.0,1.0
v1.0,v1.0,v1.0,S0_nominal,D1_improved,P_balanced,37,0.9090909090909091,1.0,0.09290909090909094,,0.0,0.0,1.0
v1.0,v1.0,v1.0,S0_nominal,D1_improved,P_balanced,38,0.9090909090909091,1.0,0.09090909090909094,,0.0,0.0,0.0
v1.0,v1.0,v1.0,S0_nominal,D1_improved,P_balanced,39,0.9090909090909091,1.0,0.09090909090909094,,0.0,0.0,0.0
v1.0,v1.0,v1.0,S0_nominal,D1_improved,P_no_containment,0,0.9090909090909091,1.0,0.09690909090909094,,0.0,0.0,3.0
v1.0,v1.0,v1.0,S0_nominal,D1_improved,P_no_containment,1,0.9090909090909091,1.0,0.09290909090909094,,0.0,0.0,1.0
v1.0,v1.0,v1.0,S0_nominal,D1_improved,P_no_containment,2,0.9090909090909091,1.0,0.09090909090909094,,0.0,0.0,0.0
v1.0,v1.0,v1.0,S0_nominal,D1_improved,P_no_containment,3,0.9090909090909091,1.0,0.09090909090909094,,0.0,0.0,0.0
v1.0,v1.0,v1.0,S0_nominal,D1_improved,P_no_containment,4,0.9090909090909091,1.0,0.09090909090909094,,0.0,0.0,0.0
v1.0,v1.0,v1.0,S0_nominal,D1_improved,P_no_containment,5,0.9090909090909091,1.0,0.09290909090909094,,0.0,0.0,1.0
v1.0,v1.0,v1.0,S0_nominal,D1_improved,P_no_containment,6,0.9090909090909091,1.0,0.09090909090909094,,0.0,0.0,0.0
v1.0,v1.0,v1.0,S0_nominal,D1_improved,P_no_containment,7,0.9090909090909091,1.0,0.09090909090909094,,0.0,0.0,0.0
v1.0,v1.0,v1.0,S0_nominal,D1_improved,P_no_containment,8,0.9090909090909091,1.0,0.09290909090909094,,0.0,0.0,1.0
v1.0,v1.0,v1.0,S0_nominal,D1_improved,P_no_containment,9,0.9090909090909091,1.0,0.09090909090909094,,0.0,0.0,0.0
v1.0,v1.0,v1.0,S0_nominal,D1_improved,P_no_containment,10,0.9090909090909091,1.0,0.09090909090909094,,0.0,0.0,0.0
v1.0,v1.0,v1.0,S0_nominal,D1_improved,P_no_containment,11,0.9090909090909091,1.0,0.09090909090909094,,0.0,0.0,0.0
v1.0,v1.0,v1.0,S0_nominal,D1_improved,P_no_containment,12,0.9090909090909091,1.0,0.09290909090909094,,0.0,0.0,1.0
v1.0,v1.0,v1.0,S0_nominal,D1_improved,P_no_containment,13,0.9090909090909091,1.0,0.09090909090909094,,0.0,0.0,0.0
v1.0,v1.0,v1.0,S0_nominal,D1_improved,P_no_containment,14,0.9090909090909091,1.0,0.09090909090909094,,0.0,0.0,0.0
v1.0,v1.0,v1.0,S0_nominal,D1_improved,P_no_containment,15,0.9090909090909091,1.0,0.09090909090909094,,0.0,0.0,0.0
v1.0,v1.0,v1.0,S0_nominal,D1_improved,P_no_containment,16,0.9090909090909091,1.0,0.09090909090909094,,0.0,0.0,0.0
v1.0,v1.0,v1.0,S0_nominal,D1_improved,P_no_containment,17,0.9090909090909091,1.0,0.09290909090909094,,0.0,0.0,1.0
v1.0,v1.0,v1.0,S0_nominal,D1_improved,P_no_containment,18,0.9090909090909091,1.0,0.09090909090909094,,0.0,0.0,0.0
v1.0,v1.0,v1.0,S0_nominal,D1_improved,P_no_containment,19,0.9090909090909091,1.0,0.09490909090909094,,0.0,0.0,2.0
v1.0,v1.0,v1.0,S0_nominal,D1_improved,P_no_containment,20,0.9090909090909091,1.0,0.09090909090909094,,0.0,0.0,0.0
v1.0,v1.0,v1.0,S0_nominal,D1_improved,P_no_containment,21,0.9090909090909091,1.0,0.09490909090909094,,0.0,0.0,2.0
v1.0,v1.0,v1.0,S0_nominal,D1_improved,P_no_containment,22,0.9090909090909091,1.0,0.09090909090909094,,0.0,0.0,0.0
v1.0,v1.0,v1.0,S0_nominal,D1_improved,P_no_containment,23,0.9090909090909091,1.0,0.09290909090909094,,0.0,0.0,1.0
v1.0,v1.0,v1.0,S0_nominal,D1_improved,P_no_containment,24,0.9090909090909091,1.0,0.09290909090909094,,0.0,0.0,1.0
v1.0,v1.0,v1.0,S0_nominal,D1_improved,P_no_containment,25,0.9090909090909091,1.0,0.09290909090909094,,0.0,0.0,1.0
v1.0,v1.0,v1.0,S0_nominal,D1_improved,P_no_containment,26,0.9090909090909091,1.0,0.09090909090909094,,0.0,0.0,0.0
v1.0,v1.0,v1.0,S0_nominal,D1_improved,P_no_containment,27,0.9090909090909091,1.0,0.09090909090909094,,0.0,0.0,0.0
v1.0,v1.0,v1.0,S0_nominal,D1_improved,P_no_containment,28,0.9090909090909091,1.0,0.09090909090909094,,0.0,0.0,0.0
v1.0,v1.0,v1.0,S0_nominal,D1_improved,P_no_containment,29,0.9090909090909091,1.0,0.09290909090909094,,0.0,0.0,1.0
v1.0,v1.0,v1.0,S0_nominal,D1_improved,P_no_containment,30,0.9090909090909091,1.0,0.09090909090909094,,0.0,0.0,0.0
v1.0,v1.0,v1.0,S0_nominal,D1_improved,P_no_containment,31,0.9090909090909091,1.0,0.09290909090909094,,0.0,0.0,1.0
v1.0,v1.0,v1.0,S0_nominal,D1_improved,P_no_containment,32,0.9090909090909091,1.0,0.09290909090909094,,0.0,0.0,1.0
v1.0,v1.0,v1.0,S0_nominal,D1_improved,P_no_containment,33,0.9090909090909091,1.0,0.09290909090909094,,0.0,0.0,1.0
v1.0,v1.0,v1.0,S0_nominal,D1_improved,P_no_containment,34,0.9090909090909091,1.0,0.09090909090909094,,0.0,0.0,0.0
v1.0,v1.0,v1.0,S0_nominal,D1_improved,P_no_containment,35,0.9090909090909091,1.0,0.09290909090909094,,0.0,0.0,1.0
v1.0,v1.0,v1.0,S0_nominal,D1_improved,P_no_containment,36,0.9090909090909091,1.0,0.09290909090909094,,0.0,0.0,1.0
v1.0,v1.0,v1.0,S0_nominal,D1_improved,P_no_containment,37,0.9090909090909091,1.0,0.09290909090909094,,0.0,0.0,1.0
v1.0,v1.0,v1.0,S0_nominal,D1_improved,P_no_containment,38,0.9090909090909091,1.0,0.09090909090909094,,0.0,0.0,0.0
v1.0,v1.0,v1.0,S0_nominal,D1_improved,P_no_containment,39,0.9090909090909091,1.0,0.09090909090909094,,0.0,0.0,0.0
v1.0,v1.0,v1.0,S0_nominal,D1_improved,P_aggressive,0,0.8800946969696969,1.0,0.13646085858585869,,0.10555555555555556,0.0,3.0
v1.0,v1.0,v1.0,S0_nominal,D1_improved,P_aggressive,1,0.8970233585858586,1.0,0.11025441919191921,,0.05277777777777778,0.0,1.0
v1.0,v1.0,v1.0,S0_nominal,D1_improved,P_aggressive,2,0.9090909090909091,1.0,0.09090909090909094,,0.0,0.0,0.0
v1.0,v1.0,v1.0,S0_nominal,D1_improved,P_aggressive,3,0.9090909090909091,1.0,0.09090909090909094,,0.0,0.0,0.0
v1.0,v1.0,v1.0,S0_nominal,D1_improved,P_aggressive,4,0.9090909090909091,1.0,0.09090909090909094,,0.0,0.0,0.0
v1.0,v1.0,v1.0,S0_nominal,D1_improved,P_aggressive,5,0.8970233585858586,1.0,0.11025441919191921,,0.05277777777777778,0.0,1.0
v1.0,v1.0,v1.0,S0_nominal,D1_improved,P_aggressive,6,0.9090909090909091,1.0,0.09090909090909094,,0.0,0.0,0.0
v1.0,v1.0,v1.0,S0_nominal,D1_improved,P_aggressive,7,0.9090909090909091,1.0,0.09090909090909094,,0.0,0.0,0.0
v1.0,v1.0,v1.0,S0_nominal,D1_improved,P_aggressive,8,0.8997932449494949,1.0,0.10498453282828292,,0.027777777777777776,0.0,1.0
v1.0,v1.0,v1.0,S0_nominal,D1_improved,P_aggressive,9,0.9090909090909091,1.0,0.09090909090909094,,0.0,0.0,0.0
v1.0,v1.0,v1.0,S0_nominal,D1_improved,P_aggressive,10,0.9090909090909091,1.0,0.09090909090909094,,0.0,0.0,0.0
v1.0,v1.0,v1.0,S0_nominal,D1_improved,P_aggressive,11,0.9090909090909091,1.0,0.09090909090909094,,0.0,0.0,0.0
v1.0,v1.0,v1.0,S0_nominal,D1_improved,P_aggressive,12,0.8921622474747474,1.0,0.11511553030303041,,0.05277777777777778,0.0,1.0
v1.0,v1.0,v1.0,S0_nominal,D1_improved,P_aggressive,13,0.9090909090909091,1.0,0.09090909090909094,,0.0,0.0,0.0
v1.0,v1.0,v1.0,S0_nominal,D1_improved,P_aggressive,14,0.9090909090909091,1.0,0.09090909090909094,,0.0,0.0,0.0
v1.0,v1.0,v1.0,S0_nominal,D1_improved,P_aggressive,15,0.9090909090909091,1.0,0.09090909090909094,,0.0,0.0,0.0
v1.0,v1.0,v1.0,S0_nominal,D1_improved,P_aggressive,16,0.9090909090909091,1.0,0.09090909090909094,,0.0,0.0,0.0
v1.0,v1.0,v1.0,S0_nominal,D1_improved,P_aggressive,17,0.8970233585858585,1.0,0.11025441919191932,,0.05277777777777778,0.0,1.0
v1.0,v1.0,v1.0,S0_nominal,D1_improved,P_aggressive,18,0.9090909090909091,1.0,0.09090909090909094,,0.0,0.0,0.0
v1.0,v1.0,v1.0,S0_nominal,D1_improved,P_aggressive,19,0.884955808080808,1.0,0.1295997474747476,,0.10555555555555556,0.0,2.0
v1.0,v1.0,v1.0,S0_nominal,D1_improved,P_aggressive,20,0.9090909090909091,1.0,0.09090909090909094,,0.0,0.0,0.0
v1.0,v1.0,v1.0,S0_nominal,D1_improved,P_aggressive,21,0.884955808080808,1.0,0.1295997474747476,,0.10555555555555556,0.0,2.0
v1.0,v1.0,v1.0,S0_nominal,D1_improved,P_aggressive,22,0.9090909090909091,1.0,0.09090909090909094,,0.0,0.0,0.0
v1.0,v1.0,v1.0,S0_nominal,D1_improved,P_aggressive,23,0.8921622474747475,1.0,0.1151155303030303,,0.05277777777777778,0.0,1.0
v1.0,v1.0,v1.0,S0_nominal,D1_improved,P_aggressive,24,0.8970233585858586,1.0,0.11025441919191921,,0.05277777777777778,0.0,1.0
v1.0,v1.0,v1.0,S0_nominal,D1_improved,P_aggressive,25,0.8970233585858586,1.0,0.11025441919191921,,0.05277777777777778,0.0,1.0
v1.0,v1.0,v1.0,S0_nominal,D1_improved,P_aggressive,26,0.9090909090909091,1.0,0.09090909090909094,,0.0,0.0,0.0
v1.0,v1.0,v1.0,S0_nominal,D1_improved,P_aggressive,27,0.9090909090909091,1.0,0.09090909090909094,,0.0,0.0,0.0
v1.0,v1.0,v1.0,S0_nominal,D1_improved,P_aggressive,28,0.9090909090909091,1.0,0.09090909090909094,,0.0,0.0,0.0
v1.0,v1.0,v1.0,S0_nominal,D1_improved,P_aggressive,29,0.8970233585858586,1.0,0.11025441919191921,,0.05277777777777778,0.0,1.0
v1.0,v1.0,v1.0,S0_nominal,D1_improved,P_aggressive,30,0.9090909090909091,1.0,0.09090909090909094,,0.0,0.0,0.0
v1.0,v1.0,v1.0,S0_nominal,D1_improved,P_aggressive,31,0.8970233585858586,1.0,0.11025441919191921,,0.05277777777777778,0.0,1.0
v1.0,v1.0,v1.0,S0_nominal,D1_improved,P_aggressive,32,0.8970233585858586,1.0,0.11025441919191921,,0.05277777777777778,0.0,1.0
v1.0,v1.0,v1.0,S0_nominal,D1_improved,P_aggressive,33,0.8970233585858586,1.0,0.11025441919191921,,0.05277777777777778,0.0,1.0
v1.0,v1.0,v1.0,S0_nominal,D1_improved,P_aggressive,34,0.9090909090909091,1.0,0.09090909090909094,,0.0,0.0,0.0
v1.0,v1.0,v1.0,S0_nominal,D1_improved,P_aggressive,35,0.8970233585858586,1.0,0.11025441919191921,,0.05277777777777778,0.0,1.0
v1.0,v1.0,v1.0,S0_nominal,D1_improved,P_aggressive,36,0.8970233585858586,1.0,0.11025441919191921,,0.05277777777777778,0.0,1.0
v1.0,v1.0,v1.0,S0_nominal,D1_improved,P_aggressive,37,0.8970233585858586,1.0,0.11025441919191921,,0.05277777777777778,0.0,1.0
v1.0,v1.0,v1.0,S0_nominal,D1_improved,P_aggressive,38,0.9090909090909091,1.0,0.09090909090909094,,0.0,0.0,0.0
v1.0,v1.0,v1.0,S0_nominal,D1_improved,P_aggressive,39,0.9090909090909091,1.0,0.09090909090909094,,0.0,0.0,0.0
v1.0,v1.0,v1.0,S0_nominal,D1_improved,P_conservative,0,0.9090909090909091,1.0,0.09690909090909094,,0.0,0.0,3.0
v1.0,v1.0,v1.0,S0_nominal,D1_improved,P_conservative,1,0.9090909090909091,1.0,0.09290909090909094,,0.0,0.0,1.0
v1.0,v1.0,v1.0,S0_nominal,D1_improved,P_conservative,2,0.9090909090909091,1.0,0.09090909090909094,,0.0,0.0,0.0
v1.0,v1.0,v1.0,S0_nominal,D1_improved,P_conservative,3,0.9090909090909091,1.0,0.09090909090909094,,0.0,0.0,0.0
v1.0,v1.0,v1.0,S0_nominal,D1_improved,P_conservative,4,0.9090909090909091,1.0,0.09090909090909094,,0.0,0.0,0.0
v1.0,v1.0,v1.0,S0_nominal,D1_improved,P_conservative,5,0.9090909090909091,1.0,0.09290909090909094,,0.0,0.0,1.0
v1.0,v1.0,v1.0,S0_nominal,D1_improved,P_conservative,6,0.9090909090909091,1.0,0.09090909090909094,,0.0,0.0,0.0
v1.0,v1.0,v1.0,S0_nominal,D1_improved,P_conservative,7,0.9090909090909091,1.0,0.09090909090909094,,0.0,0.0,0.0
v1.0,v1.0,v1.0,S0_nominal,D1_improved,P_conservative,8,0.9090909090909091,1.0,0.09290909090909094,,0.0,0.0,1.0
v1.0,v1.0,v1.0,S0_nominal,D1_improved,P_conservative,9,0.9090909090909091,1.0,0.09090909090909094,,0.0,0.0,0.0
v1.0,v1.0,v1.0,S0_nominal,D1_improved,P_conservative,10,0.9090909090909091,1.0,0.09090909090909094,,0.0,0.0,0.0
v1.0,v1.0,v1.0,S0_nominal,D1_improved,P_conservative,11,0.9090909090909091,1.0,0.09090909090909094,,0.0,0.0,0.0
v1.0,v1.0,v1.0,S0_nominal,D1_improved,P_conservative,12,0.9090909090909091,1.0,0.09290909090909094,,0.0,0.0,1.0
v1.0,v1.0,v1.0,S0_nominal,D1_improved,P_conservative,13,0.9090909090909091,1.0,0.09090909090909094,,0.0,0.0,0.0
v1.0,v1.0,v1.0,S0_nominal,D1_improved,P_conservative,14,0.9090909090909091,1.0,0.09090909090909094,,0.0,0.0,0.0
v1.0,v1.0,v1.0,S0_nominal,D1_improved,P_conservative,15,0.9090909090909091,1.0,0.09090909090909094,,0.0,0.0,0.0
v1.0,v1.0,v1.0,S0_nominal,D1_improved,P_conservative,16,0.9090909090909091,1.0,0.09090909090909094,,0.0,0.0,0.0
v1.0,v1.0,v1.0,S0_nominal,D1_improved,P_conservative,17,0.9090909090909091,1.0,0.09290909090909094,,0.0,0.0,1.0
v1.0,v1.0,v1.0,S0_nominal,D1_improved,P_conservative,18,0.9090909090909091,1.0,0.09090909090909094,,0.0,0.0,0.0
v1.0,v1.0,v1.0,S0_nominal,D1_improved,P_conservative,19,0.9090909090909091,1.0,0.09490909090909094,,0.0,0.0,2.0
v1.0,v1.0,v1.0,S0_nominal,D1_improved,P_conservative,20,0.9090909090909091,1.0,0.09090909090909094,,0.0,0.0,0.0
v1.0,v1.0,v1.0,S0_nominal,D1_improved,P_conservative,21,0.9090909090909091,1.0,0.09490909090909094,,0.0,0.0,2.0
v1.0,v1.0,v1.0,S0_nominal,D1_improved,P_conservative,22,0.9090909090909091,1.0,0.09090909090909094,,0.0,0.0,0.0
v1.0,v1.0,v1.0,S0_nominal,D1_improved,P_conservative,23,0.9090909090909091,1.0,0.09290909090909094,,0.0,0.0,1.0
v1.0,v1.0,v1.0,S0_nominal,D1_improved,P_conservative,24,0.9090909090909091,1.0,0.09290909090909094,,0.0,0.0,1.0
v1.0,v1.0,v1.0,S0_nominal,D1_improved,P_conservative,25,0.9090909090909091,1.0,0.09290909090909094,,0.0,0.0,1.0
v1.0,v1.0,v1.0,S0_nominal,D1_improved,P_conservative,26,0.9090909090909091,1.0,0.09090909090909094,,0.0,0.0,0.0
v1.0,v1.0,v1.0,S0_nominal,D1_improved,P_conservative,27,0.9090909090909091,1.0,0.09090909090909094,,0.0,0.0,0.0
v1.0,v1.0,v1.0,S0_nominal,D1_improved,P_conservative,28,0.9090909090909091,1.0,0.09090909090909094,,0.0,0.0,0.0
v1.0,v1.0,v1.0,S0_nominal,D1_improved,P_conservative,29,0.9090909090909091,1.0,0.09290909090909094,,0.0,0.0,1.0
v1.0,v1.0,v1.0,S0_nominal,D1_improved,P_conservative,30,0.9090909090909091,1.0,0.09090909090909094,,0.0,0.0,0.0
v1.0,v1.0,v1.0,S0_nominal,D1_improved,P_conservative,31,0.9090909090909091,1.0,0.09290909090909094,,0.0,0.0,1.0
v1.0,v1.0,v1.0,S0_nominal,D1_improved,P_conservative,32,0.9090909090909091,1.0,0.09290909090909094,,0.0,0.0,1.0
v1.0,v1.0,v1.0,S0_nominal,D1_improved,P_conservative,33,0.9090909090909091,1.0,0.09290909090909094,,0.0,0.0,1.0
v1.0,v1.0,v1.0,S0_nominal,D1_improved,P_conservative,34,0.9090909090909091,1.0,0.09090909090909094,,0.0,0.0,0.0
v1.0,v1.0,v1.0,S0_nominal,D1_improved,P_conservative,35,0.9090909090909091,1.0,0.09290909090909094,,0.0,0.0,1.0
v1.0,v1.0,v1.0,S0_nominal,D1_improved,P_conservative,36,0.9090909090909091,1.0,0.09290909090909094,,0.0,0.0,1.0
v1.0,v1.0,v1.0,S0_nominal,D1_improved,P_conservative,37,0.9090909090909091,1.0,0.09290909090909094,,0.0,0.0,1.0
v1.0,v1.0,v1.0,S0_nominal,D1_improved,P_conservative,38,0.9090909090909091,1.0,0.09090909090909094,,0.0,0.0,0.0
v1.0,v1.0,v1.0,S0_nominal,D1_improved,P_conservative,39,0.9090909090909091,1.0,0.09090909090909094,,0.0,0.0,0.0
v1.0,v1.0,v1.0,S0_nominal,D_oracle,P_alpha0.15,0,0.9090909090909091,1.0,0.09090909090909094,,0.0,0.0,0.0
v1.0,v1.0,v1.0,S0_nominal,D_oracle,P_alpha0.15,1,0.9090909090909091,1.0,0.09090909090909094,,0.0,0.0,0.0
v1.0,v1.0,v1.0,S0_nominal,D_oracle,P_alpha0.15,2,0.9090909090909091,1.0,0.09090909090909094,,0.0,0.0,0.0
v1.0,v1.0,v1.0,S0_nominal,D_oracle,P_alpha0.15,3,0.9090909090909091,1.0,0.09090909090909094,,0.0,0.0,0.0
v1.0,v1.0,v1.0,S0_nominal,D_oracle,P_alpha0.15,4,0.9090909090909091,1.0,0.09090909090909094,,0.0,0.0,0.0
v1.0,v1.0,v1.0,S0_nominal,D_oracle,P_alpha0.15,5,0.9090909090909091,1.0,0.09090909090909094,,0.0,0.0,0.0
v1.0,v1.0,v1.0,S0_nominal,D_oracle,P_alpha0.15,6,0.9090909090909091,1.0,0.09090909090909094,,0.0,0.0,0.0
v1.0,v1.0,v1.0,S0_nominal,D_oracle,P_alpha0.15,7,0.9090909090909091,1.0,0.09090909090909094,,0.0,0.0,0.0
v1.0,v1.0,v1.0,S0_nominal,D_oracle,P_alpha0.15,8,0.9090909090909091,1.0,0.09090909090909094,,0.0,0.0,0.0
v1.0,v1.0,v1.0,S0_nominal,D_oracle,P_alpha0.15,9,0.9090909090909091,1.0,0.09090909090909094,,0.0,0.0,0.0
v1.0,v1.0,v1.0,S0_nominal,D_oracle,P_alpha0.15,10,0.9090909090909091,1.0,0.09090909090909094,,0.0,0.0,0.0
v1.0,v1.0,v1.0,S0_nominal,D_oracle,P_alpha0.15,11,0.9090909090909091,1.0,0.09090909090909094,,0.0,0.0,0.0
v1.0,v1.0,v1.0,S0_nominal,D_oracle,P_alpha0.15,12,0.9090909090909091,1.0,0.09090909090909094,,0.0,0.0,0.0
v1.0,v1.0,v1.0,S0_nominal,D_oracle,P_alpha0.15,13,0.9090909090909091,1.0,0.09090909090909094,,0.0,0.0,0.0
v1.0,v1.0,v1.0,S0_nominal,D_oracle,P_alpha0.15,14,0.9090909090909091,1.0,0.09090909090909094,,0.0,0.0,0.0
v1.0,v1.0,v1.0,S0_nominal,D_oracle,P_alpha0.15,15,0.9090909090909091,1.0,0.09090909090909094,,0.0,0.0,0.0
v1.0,v1.0,v1.0,S0_nominal,D_oracle,P_alpha0.15,16,0.9090909090909091,1.0,0.09090909090909094,,0.0,0.0,0.0
v1.0,v1.0,v1.0,S0_nominal,D_oracle,P_alpha0.15,17,0.9090909090909091,1.0,0.09090909090909094,,0.0,0.0,0.0
v1.0,v1.0,v1.0,S0_nominal,D_oracle,P_alpha0.15,18,0.9090909090909091,1.0,0.09090909090909094,,0.0,0.0,0.0
v1.0,v1.0,v1.0,S0_nominal,D_oracle,P_alpha0.15,19,0.9090909090909091,1.0,0.09090909090909094,,0.0,0.0,0.0
v1.0,v1.0,v1.0,S0_nominal,D_oracle,P_alpha0.15,20,0.9090909090909091,1.0,0.09090909090909094,,0.0,0.0,0.0
v1.0,v1.0,v1.0,S0_nominal,D_oracle,P_alpha0.15,21,0.9090909090909091,1.0,0.09090909090909094,,0.0,0.0,0.0
v1.0,v1.0,v1.0,S0_nominal,D_oracle,P_alpha0.15,22,0.9090909090909091,1.0,0.09090909090909094,,0.0,0.0,0.0
v1.0,v1.0,v1.0,S0_nominal,D_oracle,P_alpha0.15,23,0.9090909090909091,1.0,0.09090909090909094,,0.0,0.0,0.0
v1.0,v1.0,v1.0,S0_nominal,D_oracle,P_alpha0.15,24,0.9090909090909091,1.0,0.09090909090909094,,0.0,0.0,0.0
v1.0,v1.0,v1.0,S0_nominal,D_oracle,P_alpha0.15,25,0.9090909090909091,1.0,0.09090909090909094,,0.0,0.0,0.0
v1.0,v1.0,v1.0,S0_nominal,D_oracle,P_alpha0.15,26,0.9090909090909091,1.0,0.09090909090909094,,0.0,0.0,0.0
v1.0,v1.0,v1.0,S0_nominal,D_oracle,P_alpha0.15,27,0.9090909090909091,1.0,0.09090909090909094,,0.0,0.0,0.0
v1.0,v1.0,v1.0,S0_nominal,D_oracle,P_alpha0.15,28,0.9090909090909091,1.0,0.09090909090909094,,0.0,0.0,0.0
v1.0,v1.0,v1.0,S0_nominal,D_oracle,P_alpha0.15,29,0.9090909090909091,1.0,0.09090909090909094,,0.0,0.0,0.0
v1.0,v1.0,v1.0,S0_nominal,D_oracle,P_alpha0.15,30,0.9090909090909091,1.0,0.09090909090909094,,0.0,0.0,0.0
v1.0,v1.0,v1.0,S0_nominal,D_oracle,P_alpha0.15,31,0.9090909090909091,1.0,0.09090909090909094,,0.0,0.0,0.0
v1.0,v1.0,v1.0,S0_nominal,D_oracle,P_alpha0.15,32,0.9090909090909091,1.0,0.09090909090909094,,0.0,0.0,0.0
v1.0,v1.0,v1.0,S0_nominal,D_oracle,P_alpha0.15,33,0.9090909090909091,1.0,0.09090909090909094,,0.0,0.0,0.0
v1.0,v1.0,v1.0,S0_nominal,D_oracle,P_alpha0.15,34,0.9090909090909091,1.0,0.09090909090909094,,0.0,0.0,0.0
v1.0,v1.0,v1.0,S0_nominal,D_oracle,P_alpha0.15,35,0.9090909090909091,1.0,0.09090909090909094,,0.0,0.0,0.0
v1.0,v1.0,v1.0,S0_nominal,D_oracle,P_alpha0.15,36,0.9090909090909091,1.0,0.09090909090909094,,0.0,0.0,0.0
v1.0,v1.0,v1.0,S0_nominal,D_oracle,P_alpha0.15,37,0.9090909090909091,1.0,0.09090909090909094,,0.0,0.0,0.0
v1.0,v1.0,v1.0,S0_nominal,D_oracle,P_alpha0.15,38,0.9090909090909091,1.0,0.09090909090909094,,0.0,0.0,0.0
v1.0,v1.0,v1.0,S0_nominal,D_oracle,P_alpha0.15,39,0.9090909090909091,1.0,0.09090909090909094,,0.0,0.0,0.0
v1.0,v1.0,v1.0,S0_nominal,D_oracle,P_alpha0.30,0,0.9090909090909091,1.0,0.09090909090909094,,0.0,0.0,0.0
v1.0,v1.0,v1.0,S0_nominal,D_oracle,P_alpha0.30,1,0.9090909090909091,1.0,0.09090909090909094,,0.0,0.0,0.0
v1.0,v1.0,v1.0,S0_nominal,D_oracle,P_alpha0.30,2,0.9090909090909091,1.0,0.09090909090909094,,0.0,0.0,0.0
v1.0,v1.0,v1.0,S0_nominal,D_oracle,P_alpha0.30,3,0.9090909090909091,1.0,0.09090909090909094,,0.0,0.0,0.0
v1.0,v1.0,v1.0,S0_nominal,D_oracle,P_alpha0.30,4,0.9090909090909091,1.0,0.09090909090909094,,0.0,0.0,0.0
v1.0,v1.0,v1.0,S0_nominal,D_oracle,P_alpha0.30,5,0.9090909090909091,1.0,0.09090909090909094,,0.0,0.0,0.0
v1.0,v1.0,v1.0,S0_nominal,D_oracle,P_alpha0.30,6,0.9090909090909091,1.0,0.09090909090909094,,0.0,0.0,0.0
v1.0,v1.0,v1.0,S0_nominal,D_oracle,P_alpha0.30,7,0.9090909090909091,1.0,0.09090909090909094,,0.0,0.0,0.0
v1.0,v1.0,v1.0,S0_nominal,D_oracle,P_alpha0.30,8,0.9090909090909091,1.0,0.09090909090909094,,0.0,0.0,0.0
v1.0,v1.0,v1.0,S0_nominal,D_oracle,P_alpha0.30,9,0.9090909090909091,1.0,0.09090909090909094,,0.0,0.0,0.0
v1.0,v1.0,v1.0,S0_nominal,D_oracle,P_alpha0.30,10,0.9090909090909091,1.0,0.09090909090909094,,0.0,0.0,0.0
v1.0,v1.0,v1.0,S0_nominal,D_oracle,P_alpha0.30,11,0.9090909090909091,1.0,0.09090909090909094,,0.0,0.0,0.0
v1.0,v1.0,v1.0,S0_nominal,D_oracle,P_alpha0.30,12,0.9090909090909091,1.0,0.09090909090909094,,0.0,0.0,0.0
v1.0,v1.0,v1.0,S0_nominal,D_oracle,P_alpha0.30,13,0.9090909090909091,1.0,0.09090909090909094,,0.0,0.0,0.0
v1.0,v1.0,v1.0,S0_nominal,D_oracle,P_alpha0.30,14,0.9090909090909091,1.0,0.09090909090909094,,0.0,0.0,0.0
v1.0,v1.0,v1.0,S0_nominal,D_oracle,P_alpha0.30,15,0.9090909090909091,1.0,0.09090909090909094,,0.0,0.0,0.0
v1.0,v1.0,v1.0,S0_nominal,D_oracle,P_alpha0.30,16,0.9090909090909091,1.0,0.09090909090909094,,0.0,0.0,0.0
v1.0,v1.0,v1.0,S0_nominal,D_oracle,P_alpha0.30,17,0.9090909090909091,1.0,0.09090909090909094,,0.0,0.0,0.0
v1.0,v1.0,v1.0,S0_nominal,D_oracle,P_alpha0.30,18,0.9090909090909091,1.0,0.09090909090909094,,0.0,0.0,0.0
v1.0,v1.0,v1.0,S0_nominal,D_oracle,P_alpha0.30,19,0.9090909090909091,1.0,0.09090909090909094,,0.0,0.0,0.0
v1.0,v1.0,v1.0,S0_nominal,D_oracle,P_alpha0.30,20,0.9090909090909091,1.0,0.09090909090909094,,0.0,0.0,0.0
v1.0,v1.0,v1.0,S0_nominal,D_oracle,P_alpha0.30,21,0.9090909090909091,1.0,0.09090909090909094,,0.0,0.0,0.0
v1.0,v1.0,v1.0,S0_nominal,D_oracle,P_alpha0.30,22,0.9090909090909091,1.0,0.09090909090909094,,0.0,0.0,0.0
v1.0,v1.0,v1.0,S0_nominal,D_oracle,P_alpha0.30,23,0.9090909090909091,1.0,0.09090909090909094,,0.0,0.0,0.0
v1.0,v1.0,v1.0,S0_nominal,D_oracle,P_alpha0.30,24,0.9090909090909091,1.0,0.09090909090909094,,0.0,0.0,0.0
v1.0,v1.0,v1.0,S0_nominal,D_oracle,P_alpha0.30,25,0.9090909090909091,1.0,0.09090909090909094,,0.0,0.0,0.0
v1.0,v1.0,v1.0,S0_nominal,D_oracle,P_alpha0.30,26,0.9090909090909091,1.0,0.09090909090909094,,0.0,0.0,0.0
v1.0,v1.0,v1.0,S0_nominal,D_oracle,P_alpha0.30,27,0.9090909090909091,1.0,0.09090909090909094,,0.0,0.0,0.0
v1.0,v1.0,v1.0,S0_nominal,D_oracle,P_alpha0.30,28,0.9090909090909091,1.0,0.09090909090909094,,0.0,0.0,0.0
v1.0,v1.0,v1.0,S0_nominal,D_oracle,P_alpha0.30,29,0.9090909090909091,1.0,0.09090909090909094,,0.0,0.0,0.0
v1.0,v1.0,v1.0,S0_nominal,D_oracle,P_alpha0.30,30,0.9090909090909091,1.0,0.09090909090909094,,0.0,0.0,0.0
v1.0,v1.0,v1.0,S0_nominal,D_oracle,P_alpha0.30,31,0.9090909090909091,1.0,0.09090909090909094,,0.0,0.0,0.0
v1.0,v1.0,v1.0,S0_nominal,D_oracle,P_alpha0.30,32,0.9090909090909091,1.0,0.09090909090909094,,0.0,0.0,0.0
v1.0,v1.0,v1.0,S0_nominal,D_oracle,P_alpha0.30,33,0.9090909090909091,1.0,0.09090909090909094,,0.0,0.0,0.0
v1.0,v1.0,v1.0,S0_nominal,D_oracle,P_alpha0.30,34,0.9090909090909091,1.0,0.09090909090909094,,0.0,0.0,0.0
v1.0,v1.0,v1.0,S0_nominal,D_oracle,P_alpha0.30,35,0.9090909090909091,1.0,0.09090909090909094,,0.0,0.0,0.0
v1.0,v1.0,v1.0,S0_nominal,D_oracle,P_alpha0.30,36,0.9090909090909091,1.0,0.09090909090909094,,0.0,0.0,0.0
v1.0,v1.0,v1.0,S0_nominal,D_oracle,P_alpha0.30,37,0.9090909090909091,1.0,0.09090909090909094,,0.0,0.0,0.0
v1.0,v1.0,v1.0,S0_nominal,D_oracle,P_alpha0.30,38,0.9090909090909091,1.0,0.09090909090909094,,0.0,0.0,0.0
v1.0,v1.0,v1.0,S0_nominal,D_oracle,P_alpha0.30,39,0.9090909090909091,1.0,0.09090909090909094,,0.0,0.0,0.0
v1.0,v1.0,v1.0,S0_nominal,D_oracle,P_alpha0.45,0,0.9090909090909091,1.0,0.09090909090909094,,0.0,0.0,0.0
v1.0,v1.0,v1.0,S0_nominal,D_oracle,P_alpha0.45,1,0.9090909090909091,1.0,0.09090909090909094,,0.0,0.0,0.0
v1.0,v1.0,v1.0,S0_nominal,D_oracle,P_alpha0.45,2,0.9090909090909091,1.0,0.09090909090909094,,0.0,0.0,0.0
v1.0,v1.0,v1.0,S0_nominal,D_oracle,P_alpha0.45,3,0.9090909090909091,1.0,0.09090909090909094,,0.0,0.0,0.0
v1.0,v1.0,v1.0,S0_nominal,D_oracle,P_alpha0.45,4,0.9090909090909091,1.0,0.09090909090909094,,0.0,0.0,0.0
v1.0,v1.0,v1.0,S0_nominal,D_oracle,P_alpha0.45,5,0.9090909090909091,1.0,0.09090909090909094,,0.0,0.0,0.0
v1.0,v1.0,v1.0,S0_nominal,D_oracle,P_alpha0.45,6,0.9090909090909091,1.0,0.09090909090909094,,0.0,0.0,0.0
v1.0,v1.0,v1.0,S0_nominal,D_oracle,P_alpha0.45,7,0.9090909090909091,1.0,0.09090909090909094,,0.0,0.0,0.0
v1.0,v1.0,v1.0,S0_nominal,D_oracle,P_alpha0.45,8,0.9090909090909091,1.0,0.09090909090909094,,0.0,0.0,0.0
v1.0,v1.0,v1.0,S0_nominal,D_oracle,P_alpha0.45,9,0.9090909090909091,1.0,0.09090909090909094,,0.0,0.0,0.0
v1.0,v1.0,v1.0,S0_nominal,D_oracle,P_alpha0.45,10,0.9090909090909091,1.0,0.09090909090909094,,0.0,0.0,0.0
v1.0,v1.0,v1.0,S0_nominal,D_oracle,P_alpha0.45,11,0.9090909090909091,1.0,0.09090909090909094,,0.0,0.0,0.0
v1.0,v1.0,v1.0,S0_nominal,D_oracle,P_alpha0.45,12,0.9090909090909091,1.0,0.09090909090909094,,0.0,0.0,0.0
v1.0,v1.0,v1.0,S0_nominal,D_oracle,P_alpha0.45,13,0.9090909090909091,1.0,0.09090909090909094,,0.0,0.0,0.0
v1.0,v1.0,v1.0,S0_nominal,D_oracle,P_alpha0.45,14,0.9090909090909091,1.0,0.09090909090909094,,0.0,0.0,0.0
v1.0,v1.0,v1.0,S0_nominal,D_oracle,P_alpha0.45,15,0.9090909090909091,1.0,0.09090909090909094,,0.0,0.0,0.0
v1.0,v1.0,v1.0,S0_nominal,D_oracle,P_alpha0.45,16,0.9090909090909091,1.0,0.09090909090909094,,0.0,0.0,0.0
v1.0,v1.0,v1.0,S0_nominal,D_oracle,P_alpha0.45,17,0.9090909090909091,1.0,0.09090909090909094,,0.0,0.0,0.0
v1.0,v1.0,v1.0,S0_nominal,D_oracle,P_alpha0.45,18,0.9090909090909091,1.0,0.09090909090909094,,0.0,0.0,0.0
v1.0,v1.0,v1.0,S0_nominal,D_oracle,P_alpha0.45,19,0.9090909090909091,1.0,0.09090909090909094,,0.0,0.0,0.0
v1.0,v1.0,v1.0,S0_nominal,D_oracle,P_alpha0.45,20,0.9090909090909091,1.0,0.09090909090909094,,0.0,0.0,0.0
v1.0,v1.0,v1.0,S0_nominal,D_oracle,P_alpha0.45,21,0.9090909090909091,1.0,0.09090909090909094,,0.0,0.0,0.0
v1.0,v1.0,v1.0,S0_nominal,D_oracle,P_alpha0.45,22,0.9090909090909091,1.0,0.09090909090909094,,0.0,0.0,0.0
v1.0,v1.0,v1.0,S0_nominal,D_oracle,P_alpha0.45,23,0.9090909090909091,1.0,0.09090909090909094,,0.0,0.0,0.0
v1.0,v1.0,v1.0,S0_nominal,D_oracle,P_alpha0.45,24,0.9090909090909091,1.0,0.09090909090909094,,0.0,0.0,0.0
v1.0,v1.0,v1.0,S0_nominal,D_oracle,P_alpha0.45,25,0.9090909090909091,1.0,0.09090909090909094,,0.0,0.0,0.0
v1.0,v1.0,v1.0,S0_nominal,D_oracle,P_alpha0.45,26,0.9090909090909091,1.0,0.09090909090909094,,0.0,0.0,0.0
v1.0,v1.0,v1.0,S0_nominal,D_oracle,P_alpha0.45,27,0.9090909090909091,1.0,0.09090909090909094,,0.0,0.0,0.0
v1.0,v1.0,v1.0,S0_nominal,D_oracle,P_alpha0.45,28,0.9090909090909091,1.0,0.09090909090909094,,0.0,0.0,0.0
v1.0,v1.0,v1.0,S0_nominal,D_oracle,P_alpha0.45,29,0.9090909090909091,1.0,0.09090909090909094,,0.0,0.0,0.0
v1.0,v1.0,v1.0,S0_nominal,D_oracle,P_alpha0.45,30,0.9090909090909091,1.0,0.09090909090909094,,0.0,0.0,0.0
v1.0,v1.0,v1.0,S0_nominal,D_oracle,P_alpha0.45,31,0.9090909090909091,1.0,0.09090909090909094,,0.0,0.0,0.0
v1.0,v1.0,v1.0,S0_nominal,D_oracle,P_alpha0.45,32,0.9090909090909091,1.0,0.09090909090909094,,0.0,0.0,0.0
v1.0,v1.0,v1.0,S0_nominal,D_oracle,P_alpha0.45,33,0.9090909090909091,1.0,0.09090909090909094,,0.0,0.0,0.0
v1.0,v1.0,v1.0,S0_nominal,D_oracle,P_alpha0.45,34,0.9090909090909091,1.0,0.09090909090909094,,0.0,0.0,0.0
v1.0,v1.0,v1.0,S0_nominal,D_oracle,P_alpha0.45,35,0.9090909090909091,1.0,0.09090909090909094,,0.0,0.0,0.0
v1.0,v1.0,v1.0,S0_nominal,D_oracle,P_alpha0.45,36,0.9090909090909091,1.0,0.09090909090909094,,0.0,0.0,0.0
v1.0,v1.0,v1.0,S0_nominal,D_oracle,P_alpha0.45,37,0.9090909090909091,1.0,0.09090909090909094,,0.0,0.0,0.0
v1.0,v1.0,v1.0,S0_nominal,D_oracle,P_alpha0.45,38,0.9090909090909091,1.0,0.09090909090909094,,0.0,0.0,0.0
v1.0,v1.0,v1.0,S0_nominal,D_oracle,P_alpha0.45,39,0.9090909090909091,1.0,0.09090909090909094,,0.0,0.0,0.0
v1.0,v1.0,v1.0,S0_nominal,D_oracle,P_alpha0.60,0,0.9090909090909091,1.0,0.09090909090909094,,0.0,0.0,0.0
v1.0,v1.0,v1.0,S0_nominal,D_oracle,P_alpha0.60,1,0.9090909090909091,1.0,0.09090909090909094,,0.0,0.0,0.0
v1.0,v1.0,v1.0,S0_nominal,D_oracle,P_alpha0.60,2,0.9090909090909091,1.0,0.09090909090909094,,0.0,0.0,0.0
v1.0,v1.0,v1.0,S0_nominal,D_oracle,P_alpha0.60,3,0.9090909090909091,1.0,0.09090909090909094,,0.0,0.0,0.0
v1.0,v1.0,v1.0,S0_nominal,D_oracle,P_alpha0.60,4,0.9090909090909091,1.0,0.09090909090909094,,0.0,0.0,0.0
v1.0,v1.0,v1.0,S0_nominal,D_oracle,P_alpha0.60,5,0.9090909090909091,1.0,0.09090909090909094,,0.0,0.0,0.0
v1.0,v1.0,v1.0,S0_nominal,D_oracle,P_alpha0.60,6,0.9090909090909091,1.0,0.09090909090909094,,0.0,0.0,0.0
v1.0,v1.0,v1.0,S0_nominal,D_oracle,P_alpha0.60,7,0.9090909090909091,1.0,0.09090909090909094,,0.0,0.0,0.0
v1.0,v1.0,v1.0,S0_nominal,D_oracle,P_alpha0.60,8,0.9090909090909091,1.0,0.09090909090909094,,0.0,0.0,0.0
v1.0,v1.0,v1.0,S0_nominal,D_oracle,P_alpha0.60,9,0.9090909090909091,1.0,0.09090909090909094,,0.0,0.0,0.0
v1.0,v1.0,v1.0,S0_nominal,D_oracle,P_alpha0.60,10,0.9090909090909091,1.0,0.09090909090909094,,0.0,0.0,0.0
v1.0,v1.0,v1.0,S0_nominal,D_oracle,P_alpha0.60,11,0.9090909090909091,1.0,0.09090909090909094,,0.0,0.0,0.0
v1.0,v1.0,v1.0,S0_nominal,D_oracle,P_alpha0.60,12,0.9090909090909091,1.0,0.09090909090909094,,0.0,0.0,0.0
v1.0,v1.0,v1.0,S0_nominal,D_oracle,P_alpha0.60,13,0.9090909090909091,1.0,0.09090909090909094,,0.0,0.0,0.0
v1.0,v1.0,v1.0,S0_nominal,D_oracle,P_alpha0.60,14,0.9090909090909091,1.0,0.09090909090909094,,0.0,0.0,0.0
v1.0,v1.0,v1.0,S0_nominal,D_oracle,P_alpha0.60,15,0.9090909090909091,1.0,0.09090909090909094,,0.0,0.0,0.0
v1.0,v1.0,v1.0,S0_nominal,D_oracle,P_alpha0.60,16,0.9090909090909091,1.0,0.09090909090909094,,0.0,0.0,0.0
v1.0,v1.0,v1.0,S0_nominal,D_oracle,P_alpha0.60,17,0.9090909090909091,1.0,0.09090909090909094,,0.0,0.0,0.0
v1.0,v1.0,v1.0,S0_nominal,D_oracle,P_alpha0.60,18,0.9090909090909091,1.0,0.09090909090909094,,0.0,0.0,0.0
v1.0,v1.0,v1.0,S0_nominal,D_oracle,P_alpha0.60,19,0.9090909090909091,1.0,0.09090909090909094,,0.0,0.0,0.0
v1.0,v1.0,v1.0,S0_nominal,D_oracle,P_alpha0.60,20,0.9090909090909091,1.0,0.09090909090909094,,0.0,0.0,0.0
v1.0,v1.0,v1.0,S0_nominal,D_oracle,P_alpha0.60,21,0.9090909090909091,1.0,0.09090909090909094,,0.0,0.0,0.0
v1.0,v1.0,v1.0,S0_nominal,D_oracle,P_alpha0.60,22,0.9090909090909091,1.0,0.09090909090909094,,0.0,0.0,0.0
v1.0,v1.0,v1.0,S0_nominal,D_oracle,P_alpha0.60,23,0.9090909090909091,1.0,0.09090909090909094,,0.0,0.0,0.0
v1.0,v1.0,v1.0,S0_nominal,D_oracle,P_alpha0.60,24,0.9090909090909091,1.0,0.09090909090909094,,0.0,0.0,0.0
v1.0,v1.0,v1.0,S0_nominal,D_oracle,P_alpha0.60,25,0.9090909090909091,1.0,0.09090909090909094,,0.0,0.0,0.0
v1.0,v1.0,v1.0,S0_nominal,D_oracle,P_alpha0.60,26,0.9090909090909091,1.0,0.09090909090909094,,0.0,0.0,0.0
v1.0,v1.0,v1.0,S0_nominal,D_oracle,P_alpha0.60,27,0.9090909090909091,1.0,0.09090909090909094,,0.0,0.0,0.0
v1.0,v1.0,v1.0,S0_nominal,D_oracle,P_alpha0.60,28,0.9090909090909091,1.0,0.09090909090909094,,0.0,0.0,0.0
v1.0,v1.0,v1.0,S0_nominal,D_oracle,P_alpha0.60,29,0.9090909090909091,1.0,0.09090909090909094,,0.0,0.0,0.0
v1.0,v1.0,v1.0,S0_nominal,D_oracle,P_alpha0.60,30,0.9090909090909091,1.0,0.09090909090909094,,0.0,0.0,0.0
v1.0,v1.0,v1.0,S0_nominal,D_oracle,P_alpha0.60,31,0.9090909090909091,1.0,0.09090909090909094,,0.0,0.0,0.0
v1.0,v1.0,v1.0,S0_nominal,D_oracle,P_alpha0.60,32,0.9090909090909091,1.0,0.09090909090909094,,0.0,0.0,0.0
v1.0,v1.0,v1.0,S0_nominal,D_oracle,P_alpha0.60,33,0.9090909090909091,1.0,0.09090909090909094,,0.0,0.0,0.0
v1.0,v1.0,v1.0,S0_nominal,D_oracle,P_alpha0.60,34,0.9090909090909091,1.0,0.09090909090909094,,0.0,0.0,0.0
v1.0,v1.0,v1.0,S0_nominal,D_oracle,P_alpha0.60,35,0.9090909090909091,1.0,0.09090909090909094,,0.0,0.0,0.0
v1.0,v1.0,v1.0,S0_nominal,D_oracle,P_alpha0.60,36,0.9090909090909091,1.0,0.09090909090909094,,0.0,0.0,0.0
v1.0,v1.0,v1.0,S0_nominal,D_oracle,P_alpha0.60,37,0.9090909090909091,1.0,0.09090909090909094,,0.0,0.0,0.0
v1.0,v1.0,v1.0,S0_nominal,D_oracle,P_alpha0.60,38,0.9090909090909091,1.0,0.09090909090909094,,0.0,0.0,0.0
v1.0,v1.0,v1.0,S0_nominal,D_oracle,P_alpha0.60,39,0.9090909090909091,1.0,0.09090909090909094,,0.0,0.0,0.0
v1.0,v1.0,v1.0,S0_nominal,D_oracle,P_alpha0.75,0,0.9090909090909091,1.0,0.09090909090909094,,0.0,0.0,0.0
v1.0,v1.0,v1.0,S0_nominal,D_oracle,P_alpha0.75,1,0.9090909090909091,1.0,0.09090909090909094,,0.0,0.0,0.0
v1.0,v1.0,v1.0,S0_nominal,D_oracle,P_alpha0.75,2,0.9090909090909091,1.0,0.09090909090909094,,0.0,0.0,0.0
v1.0,v1.0,v1.0,S0_nominal,D_oracle,P_alpha0.75,3,0.9090909090909091,1.0,0.09090909090909094,,0.0,0.0,0.0
v1.0,v1.0,v1.0,S0_nominal,D_oracle,P_alpha0.75,4,0.9090909090909091,1.0,0.09090909090909094,,0.0,0.0,0.0
v1.0,v1.0,v1.0,S0_nominal,D_oracle,P_alpha0.75,5,0.9090909090909091,1.0,0.09090909090909094,,0.0,0.0,0.0
v1.0,v1.0,v1.0,S0_nominal,D_oracle,P_alpha0.75,6,0.9090909090909091,1.0,0.09090909090909094,,0.0,0.0,0.0
v1.0,v1.0,v1.0,S0_nominal,D_oracle,P_alpha0.75,7,0.9090909090909091,1.0,0.09090909090909094,,0.0,0.0,0.0
v1.0,v1.0,v1.0,S0_nominal,D_oracle,P_alpha0.75,8,0.9090909090909091,1.0,0.09090909090909094,,0.0,0.0,0.0
v1.0,v1.0,v1.0,S0_nominal,D_oracle,P_alpha0.75,9,0.9090909090909091,1.0,0.09090909090909094,,0.0,0.0,0.0
v1.0,v1.0,v1.0,S0_nominal,D_oracle,P_alpha0.75,10,0.9090909090909091,1.0,0.09090909090909094,,0.0,0.0,0.0
v1.0,v1.0,v1.0,S0_nominal,D_oracle,P_alpha0.75,11,0.9090909090909091,1.0,0.09090909090909094,,0.0,0.0,0.0
v1.0,v1.0,v1.0,S0_nominal,D_oracle,P_alpha0.75,12,0.9090909090909091,1.0,0.09090909090909094,,0.0,0.0,0.0
v1.0,v1.0,v1.0,S0_nominal,D_oracle,P_alpha0.75,13,0.9090909090909091,1.0,0.09090909090909094,,0.0,0.0,0.0
v1.0,v1.0,v1.0,S0_nominal,D_oracle,P_alpha0.75,14,0.9090909090909091,1.0,0.09090909090909094,,0.0,0.0,0.0
v1.0,v1.0,v1.0,S0_nominal,D_oracle,P_alpha0.75,15,0.9090909090909091,1.0,0.09090909090909094,,0.0,0.0,0.0
v1.0,v1.0,v1.0,S0_nominal,D_oracle,P_alpha0.75,16,0.9090909090909091,1.0,0.09090909090909094,,0.0,0.0,0.0
v1.0,v1.0,v1.0,S0_nominal,D_oracle,P_alpha0.75,17,0.9090909090909091,1.0,0.09090909090909094,,0.0,0.0,0.0
v1.0,v1.0,v1.0,S0_nominal,D_oracle,P_alpha0.75,18,0.9090909090909091,1.0,0.09090909090909094,,0.0,0.0,0.0
v1.0,v1.0,v1.0,S0_nominal,D_oracle,P_alpha0.75,19,0.9090909090909091,1.0,0.09090909090909094,,0.0,0.0,0.0
v1.0,v1.0,v1.0,S0_nominal,D_oracle,P_alpha0.75,20,0.9090909090909091,1.0,0.09090909090909094,,0.0,0.0,0.0
v1.0,v1.0,v1.0,S0_nominal,D_oracle,P_alpha0.75,21,0.9090909090909091,1.0,0.09090909090909094,,0.0,0.0,0.0
v1.0,v1.0,v1.0,S0_nominal,D_oracle,P_alpha0.75,22,0.9090909090909091,1.0,0.09090909090909094,,0.0,0.0,0.0
v1.0,v1.0,v1.0,S0_nominal,D_oracle,P_alpha0.75,23,0.9090909090909091,1.0,0.09090909090909094,,0.0,0.0,0.0
v1.0,v1.0,v1.0,S0_nominal,D_oracle,P_alpha0.75,24,0.9090909090909091,1.0,0.09090909090909094,,0.0,0.0,0.0
v1.0,v1.0,v1.0,S0_nominal,D_oracle,P_alpha0.75,25,0.9090909090909091,1.0,0.09090909090909094,,0.0,0.0,0.0
v1.0,v1.0,v1.0,S0_nominal,D_oracle,P_alpha0.75,26,0.9090909090909091,1.0,0.09090909090909094,,0.0,0.0,0.0
v1.0,v1.0,v1.0,S0_nominal,D_oracle,P_alpha0.75,27,0.9090909090909091,1.0,0.09090909090909094,,0.0,0.0,0.0
v1.0,v1.0,v1.0,S0_nominal,D_oracle,P_alpha0.75,28,0.9090909090909091,1.0,0.09090909090909094,,0.0,0.0,0.0
v1.0,v1.0,v1.0,S0_nominal,D_oracle,P_alpha0.75,29,0.9090909090909091,1.0,0.09090909090909094,,0.0,0.0,0.0
v1.0,v1.0,v1.0,S0_nominal,D_oracle,P_alpha0.75,30,0.9090909090909091,1.0,0.09090909090909094,,0.0,0.0,0.0
v1.0,v1.0,v1.0,S0_nominal,D_oracle,P_alpha0.75,31,0.9090909090909091,1.0,0.09090909090909094,,0.0,0.0,0.0
v1.0,v1.0,v1.0,S0_nominal,D_oracle,P_alpha0.75,32,0.9090909090909091,1.0,0.09090909090909094,,0.0,0.0,0.0
v1.0,v1.0,v1.0,S0_nominal,D_oracle,P_alpha0.75,33,0.9090909090909091,1.0,0.09090909090909094,,0.0,0.0,0.0
v1.0,v1.0,v1.0,S0_nominal,D_oracle,P_alpha0.75,34,0.9090909090909091,1.0,0.09090909090909094,,0.0,0.0,0.0
v1.0,v1.0,v1.0,S0_nominal,D_oracle,P_alpha0.75,35,0.9090909090909091,1.0,0.09090909090909094,,0.0,0.0,0.0
v1.0,v1.0,v1.0,S0_nominal,D_oracle,P_alpha0.75,36,0.9090909090909091,1.0,0.09090909090909094,,0.0,0.0,0.0
v1.0,v1.0,v1.0,S0_nominal,D_oracle,P_alpha0.75,37,0.9090909090909091,1.0,0.09090909090909094,,0.0,0.0,0.0
v1.0,v1.0,v1.0,S0_nominal,D_oracle,P_alpha0.75,38,0.9090909090909091,1.0,0.09090909090909094,,0.0,0.0,0.0
v1.0,v1.0,v1.0,S0_nominal,D_oracle,P_alpha0.75,39,0.9090909090909091,1.0,0.09090909090909094,,0.0,0.0,0.0
v1.0,v1.0,v1.0,S0_nominal,D_oracle,P_alpha0.90,0,1.0,1.0,0.0,,0.0,0.0,0.0
v1.0,v1.0,v1.0,S0_nominal,D_oracle,P_alpha0.90,1,1.0,1.0,0.0,,0.0,0.0,0.0
v1.0,v1.0,v1.0,S0_nominal,D_oracle,P_alpha0.90,2,1.0,1.0,0.0,,0.0,0.0,0.0
v1.0,v1.0,v1.0,S0_nominal,D_oracle,P_alpha0.90,3,1.0,1.0,0.0,,0.0,0.0,0.0
v1.0,v1.0,v1.0,S0_nominal,D_oracle,P_alpha0.90,4,1.0,1.0,0.0,,0.0,0.0,0.0
v1.0,v1.0,v1.0,S0_nominal,D_oracle,P_alpha0.90,5,1.0,1.0,0.0,,0.0,0.0,0.0
v1.0,v1.0,v1.0,S0_nominal,D_oracle,P_alpha0.90,6,1.0,1.0,0.0,,0.0,0.0,0.0
v1.0,v1.0,v1.0,S0_nominal,D_oracle,P_alpha0.90,7,1.0,1.0,0.0,,0.0,0.0,0.0
v1.0,v1.0,v1.0,S0_nominal,D_oracle,P_alpha0.90,8,1.0,1.0,0.0,,0.0,0.0,0.0
v1.0,v1.0,v1.0,S0_nominal,D_oracle,P_alpha0.90,9,1.0,1.0,0.0,,0.0,0.0,0.0
v1.0,v1.0,v1.0,S0_nominal,D_oracle,P_alpha0.90,10,1.0,1.0,0.0,,0.0,0.0,0.0
v1.0,v1.0,v1.0,S0_nominal,D_oracle,P_alpha0.90,11,1.0,1.0,0.0,,0.0,0.0,0.0
v1.0,v1.0,v1.0,S0_nominal,D_oracle,P_alpha0.90,12,1.0,1.0,0.0,,0.0,0.0,0.0
v1.0,v1.0,v1.0,S0_nominal,D_oracle,P_alpha0.90,13,1.0,1.0,0.0,,0.0,0.0,0.0
v1.0,v1.0,v1.0,S0_nominal,D_oracle,P_alpha0.90,14,1.0,1.0,0.0,,0.0,0.0,0.0
v1.0,v1.0,v1.0,S0_nominal,D_oracle,P_alpha0.90,15,1.0,1.0,0.0,,0.0,0.0,0.0
v1.0,v1.0,v1.0,S0_nominal,D_oracle,P_alpha0.90,16,1.0,1.0,0.0,,0.0,0.0,0.0
v1.0,v1.0,v1.0,S0_nominal,D_oracle,P_alpha0.90,17,1.0,1.0,0.0,,0.0,0.0,0.0
v1.0,v1.0,v1.0,S0_nominal,D_oracle,P_alpha0.90,18,1.0,1.0,0.0,,0.0,0.0,0.0
v1.0,v1.0,v1.0,S0_nominal,D_oracle,P_alpha0.90,19,1.0,1.0,0.0,,0.0,0.0,0.0
v1.0,v1.0,v1.0,S0_nominal,D_oracle,P_alpha0.90,20,1.0,1.0,0.0,,0.0,0.0,0.0
v1.0,v1.0,v1.0,S0_nominal,D_oracle,P_alpha0.90,21,1.0,1.0,0.0,,0.0,0.0,0.0
v1.0,v1.0,v1.0,S0_nominal,D_oracle,P_alpha0.90,22,1.0,1.0,0.0,,0.0,0.0,0.0
v1.0,v1.0,v1.0,S0_nominal,D_oracle,P_alpha0.90,23,1.0,1.0,0.0,,0.0,0.0,0.0
v1.0,v1.0,v1.0,S0_nominal,D_oracle,P_alpha0.90,24,1.0,1.0,0.0,,0.0,0.0,0.0
v1.0,v1.0,v1.0,S0_nominal,D_oracle,P_alpha0.90,25,1.0,1.0,0.0,,0.0,0.0,0.0
v1.0,v1.0,v1.0,S0_nominal,D_oracle,P_alpha0.90,26,1.0,1.0,0.0,,0.0,0.0,0.0
v1.0,v1.0,v1.0,S0_nominal,D_oracle,P_alpha0.90,27,1.0,1.0,0.0,,0.0,0.0,0.0
v1.0,v1.0,v1.0,S0_nominal,D_oracle,P_alpha0.90,28,1.0,1.0,0.0,,0.0,0.0,0.0
v1.0,v1.0,v1.0,S0_nominal,D_oracle,P_alpha0.90,29,1.0,1.0,0.0,,0.0,0.0,0.0
v1.0,v1.0,v1.0,S0_nominal,D_oracle,P_alpha0.90,30,1.0,1.0,0.0,,0.0,0.0,0.0
v1.0,v1.0,v1.0,S0_nominal,D_oracle,P_alpha0.90,31,1.0,1.0,0.0,,0.0,0.0,0.0
v1.0,v1.0,v1.0,S0_nominal,D_oracle,P_alpha0.90,32,1.0,1.0,0.0,,0.0,0.0,0.0
v1.0,v1.0,v1.0,S0_nominal,D_oracle,P_alpha0.90,33,1.0,1.0,0.0,,0.0,0.0,0.0
v1.0,v1.0,v1.0,S0_nominal,D_oracle,P_alpha0.90,34,1.0,1.0,0.0,,0.0,0.0,0.0
v1.0,v1.0,v1.0,S0_nominal,D_oracle,P_alpha0.90,35,1.0,1.0,0.0,,0.0,0.0,0.0
v1.0,v1.0,v1.0,S0_nominal,D_oracle,P_alpha0.90,36,1.0,1.0,0.0,,0.0,0.0,0.0
v1.0,v1.0,v1.0,S0_nominal,D_oracle,P_alpha0.90,37,1.0,1.0,0.0,,0.0,0.0,0.0
v1.0,v1.0,v1.0,S0_nominal,D_oracle,P_alpha0.90,38,1.0,1.0,0.0,,0.0,0.0,0.0
v1.0,v1.0,v1.0,S0_nominal,D_oracle,P_alpha0.90,39,1.0,1.0,0.0,,0.0,0.0,0.0
v1.0,v1.0,v1.0,S0_nominal,D_oracle,P_alpha1.00,0,1.0,0.9453124999999993,0.0656250000000008,,0.0,0.0,0.0
v1.0,v1.0,v1.0,S0_nominal,D_oracle,P_alpha1.00,1,1.0,0.9453124999999993,0.0656250000000008,,0.0,0.0,0.0
v1.0,v1.0,v1.0,S0_nominal,D_oracle,P_alpha1.00,2,1.0,0.9453124999999993,0.0656250000000008,,0.0,0.0,0.0
v1.0,v1.0,v1.0,S0_nominal,D_oracle,P_alpha1.00,3,1.0,0.9453124999999993,0.0656250000000008,,0.0,0.0,0.0
v1.0,v1.0,v1.0,S0_nominal,D_oracle,P_alpha1.00,4,1.0,0.9453124999999993,0.0656250000000008,,0.0,0.0,0.0
v1.0,v1.0,v1.0,S0_nominal,D_oracle,P_alpha1.00,5,1.0,0.9453124999999993,0.0656250000000008,,0.0,0.0,0.0
v1.0,v1.0,v1.0,S0_nominal,D_oracle,P_alpha1.00,6,1.0,0.9453124999999993,0.0656250000000008,,0.0,0.0,0.0
v1.0,v1.0,v1.0,S0_nominal,D_oracle,P_alpha1.00,7,1.0,0.9453124999999993,0.0656250000000008,,0.0,0.0,0.0
v1.0,v1.0,v1.0,S0_nominal,D_oracle,P_alpha1.00,8,1.0,0.9453124999999993,0.0656250000000008,,0.0,0.0,0.0
v1.0,v1.0,v1.0,S0_nominal,D_oracle,P_alpha1.00,9,1.0,0.9453124999999993,0.0656250000000008,,0.0,0.0,0.0
v1.0,v1.0,v1.0,S0_nominal,D_oracle,P_alpha1.00,10,1.0,0.9453124999999993,0.0656250000000008,,0.0,0.0,0.0
v1.0,v1.0,v1.0,S0_nominal,D_oracle,P_alpha1.00,11,1.0,0.9453124999999993,0.0656250000000008,,0.0,0.0,0.0
v1.0,v1.0,v1.0,S0_nominal,D_oracle,P_alpha1.00,12,1.0,0.9453124999999993,0.0656250000000008,,0.0,0.0,0.0
v1.0,v1.0,v1.0,S0_nominal,D_oracle,P_alpha1.00,13,1.0,0.9453124999999993,0.0656250000000008,,0.0,0.0,0.0
v1.0,v1.0,v1.0,S0_nominal,D_oracle,P_alpha1.00,14,1.0,0.9453124999999993,0.0656250000000008,,0.0,0.0,0.0
v1.0,v1.0,v1.0,S0_nominal,D_oracle,P_alpha1.00,15,1.0,0.9453124999999993,0.0656250000000008,,0.0,0.0,0.0
v1.0,v1.0,v1.0,S0_nominal,D_oracle,P_alpha1.00,16,1.0,0.9453124999999993,0.0656250000000008,,0.0,0.0,0.0
v1.0,v1.0,v1.0,S0_nominal,D_oracle,P_alpha1.00,17,1.0,0.9453124999999993,0.0656250000000008,,0.0,0.0,0.0
v1.0,v1.0,v1.0,S0_nominal,D_oracle,P_alpha1.00,18,1.0,0.9453124999999993,0.0656250000000008,,0.0,0.0,0.0
v1.0,v1.0,v1.0,S0_nominal,D_oracle,P_alpha1.00,19,1.0,0.9453124999999993,0.0656250000000008,,0.0,0.0,0.0
v1.0,v1.0,v1.0,S0_nominal,D_oracle,P_alpha1.00,20,1.0,0.9453124999999993,0.0656250000000008,,0.0,0.0,0.0
v1.0,v1.0,v1.0,S0_nominal,D_oracle,P_alpha1.00,21,1.0,0.9453124999999993,0.0656250000000008,,0.0,0.0,0.0
v1.0,v1.0,v1.0,S0_nominal,D_oracle,P_alpha1.00,22,1.0,0.9453124999999993,0.0656250000000008,,0.0,0.0,0.0
v1.0,v1.0,v1.0,S0_nominal,D_oracle,P_alpha1.00,23,1.0,0.9453124999999993,0.0656250000000008,,0.0,0.0,0.0
v1.0,v1.0,v1.0,S0_nominal,D_oracle,P_alpha1.00,24,1.0,0.9453124999999993,0.0656250000000008,,0.0,0.0,0.0
v1.0,v1.0,v1.0,S0_nominal,D_oracle,P_alpha1.00,25,1.0,0.9453124999999993,0.0656250000000008,,0.0,0.0,0.0
v1.0,v1.0,v1.0,S0_nominal,D_oracle,P_alpha1.00,26,1.0,0.9453124999999993,0.0656250000000008,,0.0,0.0,0.0
v1.0,v1.0,v1.0,S0_nominal,D_oracle,P_alpha1.00,27,1.0,0.9453124999999993,0.0656250000000008,,0.0,0.0,0.0
v1.0,v1.0,v1.0,S0_nominal,D_oracle,P_alpha1.00,28,1.0,0.9453124999999993,0.0656250000000008,,0.0,0.0,0.0
v1.0,v1.0,v1.0,S0_nominal,D_oracle,P_alpha1.00,29,1.0,0.9453124999999993,0.0656250000000008,,0.0,0.0,0.0
v1.0,v1.0,v1.0,S0_nominal,D_oracle,P_alpha1.00,30,1.0,0.9453124999999993,0.0656250000000008,,0.0,0.0,0.0
v1.0,v1.0,v1.0,S0_nominal,D_oracle,P_alpha1.00,31,1.0,0.9453124999999993,0.0656250000000008,,0.0,0.0,0.0
v1.0,v1.0,v1.0,S0_nominal,D_oracle,P_alpha1.00,32,1.0,0.9453124999999993,0.0656250000000008,,0.0,0.0,0.0
v1.0,v1.0,v1.0,S0_nominal,D_oracle,P_alpha1.00,33,1.0,0.9453124999999993,0.0656250000000008,,0.0,0.0,0.0
v1.0,v1.0,v1.0,S0_nominal,D_oracle,P_alpha1.00,34,1.0,0.9453124999999993,0.0656250000000008,,0.0,0.0,0.0
v1.0,v1.0,v1.0,S0_nominal,D_oracle,P_alpha1.00,35,1.0,0.9453124999999993,0.0656250000000008,,0.0,0.0,0.0
v1.0,v1.0,v1.0,S0_nominal,D_oracle,P_alpha1.00,36,1.0,0.9453124999999993,0.0656250000000008,,0.0,0.0,0.0
v1.0,v1.0,v1.0,S0_nominal,D_oracle,P_alpha1.00,37,1.0,0.9453124999999993,0.0656250000000008,,0.0,0.0,0.0
v1.0,v1.0,v1.0,S0_nominal,D_oracle,P_alpha1.00,38,1.0,0.9453124999999993,0.0656250000000008,,0.0,0.0,0.0
v1.0,v1.0,v1.0,S0_nominal,D_oracle,P_alpha1.00,39,1.0,0.9453124999999993,0.0656250000000008,,0.0,0.0,0.0
v1.0,v1.0,v1.0,S0_nominal,D_oracle,P_availability_first,0,1.0,0.9453124999999993,0.0656250000000008,,0.0,0.0,0.0
v1.0,v1.0,v1.0,S0_nominal,D_oracle,P_availability_first,1,1.0,0.9453124999999993,0.0656250000000008,,0.0,0.0,0.0
v1.0,v1.0,v1.0,S0_nominal,D_oracle,P_availability_first,2,1.0,0.9453124999999993,0.0656250000000008,,0.0,0.0,0.0
v1.0,v1.0,v1.0,S0_nominal,D_oracle,P_availability_first,3,1.0,0.9453124999999993,0.0656250000000008,,0.0,0.0,0.0
v1.0,v1.0,v1.0,S0_nominal,D_oracle,P_availability_first,4,1.0,0.9453124999999993,0.0656250000000008,,0.0,0.0,0.0
v1.0,v1.0,v1.0,S0_nominal,D_oracle,P_availability_first,5,1.0,0.9453124999999993,0.0656250000000008,,0.0,0.0,0.0
v1.0,v1.0,v1.0,S0_nominal,D_oracle,P_availability_first,6,1.0,0.9453124999999993,0.0656250000000008,,0.0,0.0,0.0
v1.0,v1.0,v1.0,S0_nominal,D_oracle,P_availability_first,7,1.0,0.9453124999999993,0.0656250000000008,,0.0,0.0,0.0
v1.0,v1.0,v1.0,S0_nominal,D_oracle,P_availability_first,8,1.0,0.9453124999999993,0.0656250000000008,,0.0,0.0,0.0
v1.0,v1.0,v1.0,S0_nominal,D_oracle,P_availability_first,9,1.0,0.9453124999999993,0.0656250000000008,,0.0,0.0,0.0
v1.0,v1.0,v1.0,S0_nominal,D_oracle,P_availability_first,10,1.0,0.9453124999999993,0.0656250000000008,,0.0,0.0,0.0
v1.0,v1.0,v1.0,S0_nominal,D_oracle,P_availability_first,11,1.0,0.9453124999999993,0.0656250000000008,,0.0,0.0,0.0
v1.0,v1.0,v1.0,S0_nominal,D_oracle,P_availability_first,12,1.0,0.9453124999999993,0.0656250000000008,,0.0,0.0,0.0
v1.0,v1.0,v1.0,S0_nominal,D_oracle,P_availability_first,13,1.0,0.9453124999999993,0.0656250000000008,,0.0,0.0,0.0
v1.0,v1.0,v1.0,S0_nominal,D_oracle,P_availability_first,14,1.0,0.9453124999999993,0.0656250000000008,,0.0,0.0,0.0
v1.0,v1.0,v1.0,S0_nominal,D_oracle,P_availability_first,15,1.0,0.9453124999999993,0.0656250000000008,,0.0,0.0,0.0
v1.0,v1.0,v1.0,S0_nominal,D_oracle,P_availability_first,16,1.0,0.9453124999999993,0.0656250000000008,,0.0,0.0,0.0
v1.0,v1.0,v1.0,S0_nominal,D_oracle,P_availability_first,17,1.0,0.9453124999999993,0.0656250000000008,,0.0,0.0,0.0
v1.0,v1.0,v1.0,S0_nominal,D_oracle,P_availability_first,18,1.0,0.9453124999999993,0.0656250000000008,,0.0,0.0,0.0
v1.0,v1.0,v1.0,S0_nominal,D_oracle,P_availability_first,19,1.0,0.9453124999999993,0.0656250000000008,,0.0,0.0,0.0
v1.0,v1.0,v1.0,S0_nominal,D_oracle,P_availability_first,20,1.0,0.9453124999999993,0.0656250000000008,,0.0,0.0,0.0
v1.0,v1.0,v1.0,S0_nominal,D_oracle,P_availability_first,21,1.0,0.9453124999999993,0.0656250000000008,,0.0,0.0,0.0
v1.0,v1.0,v1.0,S0_nominal,D_oracle,P_availability_first,22,1.0,0.9453124999999993,0.0656250000000008,,0.0,0.0,0.0
v1.0,v1.0,v1.0,S0_nominal,D_oracle,P_availability_first,23,1.0,0.9453124999999993,0.0656250000000008,,0.0,0.0,0.0
v1.0,v1.0,v1.0,S0_nominal,D_oracle,P_availability_first,24,1.0,0.9453124999999993,0.0656250000000008,,0.0,0.0,0.0
v1.0,v1.0,v1.0,S0_nominal,D_oracle,P_availability_first,25,1.0,0.9453124999999993,0.0656250000000008,,0.0,0.0,0.0
v1.0,v1.0,v1.0,S0_nominal,D_oracle,P_availability_first,26,1.0,0.9453124999999993,0.0656250000000008,,0.0,0.0,0.0
v1.0,v1.0,v1.0,S0_nominal,D_oracle,P_availability_first,27,1.0,0.9453124999999993,0.0656250000000008,,0.0,0.0,0.0
v1.0,v1.0,v1.0,S0_nominal,D_oracle,P_availability_first,28,1.0,0.9453124999999993,0.0656250000000008,,0.0,0.0,0.0
v1.0,v1.0,v1.0,S0_nominal,D_oracle,P_availability_first,29,1.0,0.9453124999999993,0.0656250000000008,,0.0,0.0,0.0
v1.0,v1.0,v1.0,S0_nominal,D_oracle,P_availability_first,30,1.0,0.9453124999999993,0.0656250000000008,,0.0,0.0,0.0
v1.0,v1.0,v1.0,S0_nominal,D_oracle,P_availability_first,31,1.0,0.9453124999999993,0.0656250000000008,,0.0,0.0,0.0
v1.0,v1.0,v1.0,S0_nominal,D_oracle,P_availability_first,32,1.0,0.9453124999999993,0.0656250000000008,,0.0,0.0,0.0
v1.0,v1.0,v1.0,S0_nominal,D_oracle,P_availability_first,33,1.0,0.9453124999999993,0.0656250000000008,,0.0,0.0,0.0
v1.0,v1.0,v1.0,S0_nominal,D_oracle,P_availability_first,34,1.0,0.9453124999999993,0.0656250000000008,,0.0,0.0,0.0
v1.0,v1.0,v1.0,S0_nominal,D_oracle,P_availability_first,35,1.0,0.9453124999999993,0.0656250000000008,,0.0,0.0,0.0
v1.0,v1.0,v1.0,S0_nominal,D_oracle,P_availability_first,36,1.0,0.9453124999999993,0.0656250000000008,,0.0,0.0,0.0
v1.0,v1.0,v1.0,S0_nominal,D_oracle,P_availability_first,37,1.0,0.9453124999999993,0.0656250000000008,,0.0,0.0,0.0
v1.0,v1.0,v1.0,S0_nominal,D_oracle,P_availability_first,38,1.0,0.9453124999999993,0.0656250000000008,,0.0,0.0,0.0
v1.0,v1.0,v1.0,S0_nominal,D_oracle,P_availability_first,39,1.0,0.9453124999999993,0.0656250000000008,,0.0,0.0,0.0
v1.0,v1.0,v1.0,S0_nominal,D_oracle,P_heat_first,0,0.9090909090909091,1.0,0.09090909090909094,,0.0,0.0,0.0
v1.0,v1.0,v1.0,S0_nominal,D_oracle,P_heat_first,1,0.9090909090909091,1.0,0.09090909090909094,,0.0,0.0,0.0
v1.0,v1.0,v1.0,S0_nominal,D_oracle,P_heat_first,2,0.9090909090909091,1.0,0.09090909090909094,,0.0,0.0,0.0
v1.0,v1.0,v1.0,S0_nominal,D_oracle,P_heat_first,3,0.9090909090909091,1.0,0.09090909090909094,,0.0,0.0,0.0
v1.0,v1.0,v1.0,S0_nominal,D_oracle,P_heat_first,4,0.9090909090909091,1.0,0.09090909090909094,,0.0,0.0,0.0
v1.0,v1.0,v1.0,S0_nominal,D_oracle,P_heat_first,5,0.9090909090909091,1.0,0.09090909090909094,,0.0,0.0,0.0
v1.0,v1.0,v1.0,S0_nominal,D_oracle,P_heat_first,6,0.9090909090909091,1.0,0.09090909090909094,,0.0,0.0,0.0
v1.0,v1.0,v1.0,S0_nominal,D_oracle,P_heat_first,7,0.9090909090909091,1.0,0.09090909090909094,,0.0,0.0,0.0
v1.0,v1.0,v1.0,S0_nominal,D_oracle,P_heat_first,8,0.9090909090909091,1.0,0.09090909090909094,,0.0,0.0,0.0
v1.0,v1.0,v1.0,S0_nominal,D_oracle,P_heat_first,9,0.9090909090909091,1.0,0.09090909090909094,,0.0,0.0,0.0
v1.0,v1.0,v1.0,S0_nominal,D_oracle,P_heat_first,10,0.9090909090909091,1.0,0.09090909090909094,,0.0,0.0,0.0
v1.0,v1.0,v1.0,S0_nominal,D_oracle,P_heat_first,11,0.9090909090909091,1.0,0.09090909090909094,,0.0,0.0,0.0
v1.0,v1.0,v1.0,S0_nominal,D_oracle,P_heat_first,12,0.9090909090909091,1.0,0.09090909090909094,,0.0,0.0,0.0
v1.0,v1.0,v1.0,S0_nominal,D_oracle,P_heat_first,13,0.9090909090909091,1.0,0.09090909090909094,,0.0,0.0,0.0
v1.0,v1.0,v1.0,S0_nominal,D_oracle,P_heat_first,14,0.9090909090909091,1.0,0.09090909090909094,,0.0,0.0,0.0
v1.0,v1.0,v1.0,S0_nominal,D_oracle,P_heat_first,15,0.9090909090909091,1.0,0.09090909090909094,,0.0,0.0,0.0
v1.0,v1.0,v1.0,S0_nominal,D_oracle,P_heat_first,16,0.9090909090909091,1.0,0.09090909090909094,,0.0,0.0,0.0
v1.0,v1.0,v1.0,S0_nominal,D_oracle,P_heat_first,17,0.9090909090909091,1.0,0.09090909090909094,,0.0,0.0,0.0
v1.0,v1.0,v1.0,S0_nominal,D_oracle,P_heat_first,18,0.9090909090909091,1.0,0.09090909090909094,,0.0,0.0,0.0
v1.0,v1.0,v1.0,S0_nominal,D_oracle,P_heat_first,19,0.9090909090909091,1.0,0.09090909090909094,,0.0,0.0,0.0
v1.0,v1.0,v1.0,S0_nominal,D_oracle,P_heat_first,20,0.9090909090909091,1.0,0.09090909090909094,,0.0,0.0,0.0
v1.0,v1.0,v1.0,S0_nominal,D_oracle,P_heat_first,21,0.9090909090909091,1.0,0.09090909090909094,,0.0,0.0,0.0
v1.0,v1.0,v1.0,S0_nominal,D_oracle,P_heat_first,22,0.9090909090909091,1.0,0.09090909090909094,,0.0,0.0,0.0
v1.0,v1.0,v1.0,S0_nominal,D_oracle,P_heat_first,23,0.9090909090909091,1.0,0.09090909090909094,,0.0,0.0,0.0
v1.0,v1.0,v1.0,S0_nominal,D_oracle,P_heat_first,24,0.9090909090909091,1.0,0.09090909090909094,,0.0,0.0,0.0
v1.0,v1.0,v1.0,S0_nominal,D_oracle,P_heat_first,25,0.9090909090909091,1.0,0.09090909090909094,,0.0,0.0,0.0
v1.0,v1.0,v1.0,S0_nominal,D_oracle,P_heat_first,26,0.9090909090909091,1.0,0.09090909090909094,,0.0,0.0,0.0
v1.0,v1.0,v1.0,S0_nominal,D_oracle,P_heat_first,27,0.9090909090909091,1.0,0.09090909090909094,,0.0,0.0,0.0
v1.0,v1.0,v1.0,S0_nominal,D_oracle,P_heat_first,28,0.9090909090909091,1.0,0.09090909090909094,,0.0,0.0,0.0
v1.0,v1.0,v1.0,S0_nominal,D_oracle,P_heat_first,29,0.9090909090909091,1.0,0.09090909090909094,,0.0,0.0,0.0
v1.0,v1.0,v1.0,S0_nominal,D_oracle,P_heat_first,30,0.9090909090909091,1.0,0.09090909090909094,,0.0,0.0,0.0
v1.0,v1.0,v1.0,S0_nominal,D_oracle,P_heat_first,31,0.9090909090909091,1.0,0.09090909090909094,,0.0,0.0,0.0
v1.0,v1.0,v1.0,S0_nominal,D_oracle,P_heat_first,32,0.9090909090909091,1.0,0.09090909090909094,,0.0,0.0,0.0
v1.0,v1.0,v1.0,S0_nominal,D_oracle,P_heat_first,33,0.9090909090909091,1.0,0.09090909090909094,,0.0,0.0,0.0
v1.0,v1.0,v1.0,S0_nominal,D_oracle,P_heat_first,34,0.9090909090909091,1.0,0.09090909090909094,,0.0,0.0,0.0
v1.0,v1.0,v1.0,S0_nominal,D_oracle,P_heat_first,35,0.9090909090909091,1.0,0.09090909090909094,,0.0,0.0,0.0
v1.0,v1.0,v1.0,S0_nominal,D_oracle,P_heat_first,36,0.9090909090909091,1.0,0.09090909090909094,,0.0,0.0,0.0
v1.0,v1.0,v1.0,S0_nominal,D_oracle,P_heat_first,37,0.9090909090909091,1.0,0.09090909090909094,,0.0,0.0,0.0
v1.0,v1.0,v1.0,S0_nominal,D_oracle,P_heat_first,38,0.9090909090909091,1.0,0.09090909090909094,,0.0,0.0,0.0
v1.0,v1.0,v1.0,S0_nominal,D_oracle,P_heat_first,39,0.9090909090909091,1.0,0.09090909090909094,,0.0,0.0,0.0
v1.0,v1.0,v1.0,S0_nominal,D_oracle,P_balanced,0,0.9090909090909091,1.0,0.09090909090909094,,0.0,0.0,0.0
v1.0,v1.0,v1.0,S0_nominal,D_oracle,P_balanced,1,0.9090909090909091,1.0,0.09090909090909094,,0.0,0.0,0.0
v1.0,v1.0,v1.0,S0_nominal,D_oracle,P_balanced,2,0.9090909090909091,1.0,0.09090909090909094,,0.0,0.0,0.0
v1.0,v1.0,v1.0,S0_nominal,D_oracle,P_balanced,3,0.9090909090909091,1.0,0.09090909090909094,,0.0,0.0,0.0
v1.0,v1.0,v1.0,S0_nominal,D_oracle,P_balanced,4,0.9090909090909091,1.0,0.09090909090909094,,0.0,0.0,0.0
v1.0,v1.0,v1.0,S0_nominal,D_oracle,P_balanced,5,0.9090909090909091,1.0,0.09090909090909094,,0.0,0.0,0.0
v1.0,v1.0,v1.0,S0_nominal,D_oracle,P_balanced,6,0.9090909090909091,1.0,0.09090909090909094,,0.0,0.0,0.0
v1.0,v1.0,v1.0,S0_nominal,D_oracle,P_balanced,7,0.9090909090909091,1.0,0.09090909090909094,,0.0,0.0,0.0
v1.0,v1.0,v1.0,S0_nominal,D_oracle,P_balanced,8,0.9090909090909091,1.0,0.09090909090909094,,0.0,0.0,0.0
v1.0,v1.0,v1.0,S0_nominal,D_oracle,P_balanced,9,0.9090909090909091,1.0,0.09090909090909094,,0.0,0.0,0.0
v1.0,v1.0,v1.0,S0_nominal,D_oracle,P_balanced,10,0.9090909090909091,1.0,0.09090909090909094,,0.0,0.0,0.0
v1.0,v1.0,v1.0,S0_nominal,D_oracle,P_balanced,11,0.9090909090909091,1.0,0.09090909090909094,,0.0,0.0,0.0
v1.0,v1.0,v1.0,S0_nominal,D_oracle,P_balanced,12,0.9090909090909091,1.0,0.09090909090909094,,0.0,0.0,0.0
v1.0,v1.0,v1.0,S0_nominal,D_oracle,P_balanced,13,0.9090909090909091,1.0,0.09090909090909094,,0.0,0.0,0.0
v1.0,v1.0,v1.0,S0_nominal,D_oracle,P_balanced,14,0.9090909090909091,1.0,0.09090909090909094,,0.0,0.0,0.0
v1.0,v1.0,v1.0,S0_nominal,D_oracle,P_balanced,15,0.9090909090909091,1.0,0.09090909090909094,,0.0,0.0,0.0
v1.0,v1.0,v1.0,S0_nominal,D_oracle,P_balanced,16,0.9090909090909091,1.0,0.09090909090909094,,0.0,0.0,0.0
v1.0,v1.0,v1.0,S0_nominal,D_oracle,P_balanced,17,0.9090909090909091,1.0,0.09090909090909094,,0.0,0.0,0.0
v1.0,v1.0,v1.0,S0_nominal,D_oracle,P_balanced,18,0.9090909090909091,1.0,0.09090909090909094,,0.0,0.0,0.0
v1.0,v1.0,v1.0,S0_nominal,D_oracle,P_balanced,19,0.9090909090909091,1.0,0.09090909090909094,,0.0,0.0,0.0
v1.0,v1.0,v1.0,S0_nominal,D_oracle,P_balanced,20,0.9090909090909091,1.0,0.09090909090909094,,0.0,0.0,0.0
v1.0,v1.0,v1.0,S0_nominal,D_oracle,P_balanced,21,0.9090909090909091,1.0,0.09090909090909094,,0.0,0.0,0.0
v1.0,v1.0,v1.0,S0_nominal,D_oracle,P_balanced,22,0.9090909090909091,1.0,0.09090909090909094,,0.0,0.0,0.0
v1.0,v1.0,v1.0,S0_nominal,D_oracle,P_balanced,23,0.9090909090909091,1.0,0.09090909090909094,,0.0,0.0,0.0
v1.0,v1.0,v1.0,S0_nominal,D_oracle,P_balanced,24,0.9090909090909091,1.0,0.09090909090909094,,0.0,0.0,0.0
v1.0,v1.0,v1.0,S0_nominal,D_oracle,P_balanced,25,0.9090909090909091,1.0,0.09090909090909094,,0.0,0.0,0.0
v1.0,v1.0,v1.0,S0_nominal,D_oracle,P_balanced,26,0.9090909090909091,1.0,0.09090909090909094,,0.0,0.0,0.0
v1.0,v1.0,v1.0,S0_nominal,D_oracle,P_balanced,27,0.9090909090909091,1.0,0.09090909090909094,,0.0,0.0,0.0
v1.0,v1.0,v1.0,S0_nominal,D_oracle,P_balanced,28,0.9090909090909091,1.0,0.09090909090909094,,0.0,0.0,0.0
v1.0,v1.0,v1.0,S0_nominal,D_oracle,P_balanced,29,0.9090909090909091,1.0,0.09090909090909094,,0.0,0.0,0.0
v1.0,v1.0,v1.0,S0_nominal,D_oracle,P_balanced,30,0.9090909090909091,1.0,0.09090909090909094,,0.0,0.0,0.0
v1.0,v1.0,v1.0,S0_nominal,D_oracle,P_balanced,31,0.9090909090909091,1.0,0.09090909090909094,,0.0,0.0,0.0
v1.0,v1.0,v1.0,S0_nominal,D_oracle,P_balanced,32,0.9090909090909091,1.0,0.09090909090909094,,0.0,0.0,0.0
v1.0,v1.0,v1.0,S0_nominal,D_oracle,P_balanced,33,0.9090909090909091,1.0,0.09090909090909094,,0.0,0.0,0.0
v1.0,v1.0,v1.0,S0_nominal,D_oracle,P_balanced,34,0.9090909090909091,1.0,0.09090909090909094,,0.0,0.0,0.0
v1.0,v1.0,v1.0,S0_nominal,D_oracle,P_balanced,35,0.9090909090909091,1.0,0.09090909090909094,,0.0,0.0,0.0
v1.0,v1.0,v1.0,S0_nominal,D_oracle,P_balanced,36,0.9090909090909091,1.0,0.09090909090909094,,0.0,0.0,0.0
v1.0,v1.0,v1.0,S0_nominal,D_oracle,P_balanced,37,0.9090909090909091,1.0,0.09090909090909094,,0.0,0.0,0.0
v1.0,v1.0,v1.0,S0_nominal,D_oracle,P_balanced,38,0.9090909090909091,1.0,0.09090909090909094,,0.0,0.0,0.0
v1.0,v1.0,v1.0,S0_nominal,D_oracle,P_balanced,39,0.9090909090909091,1.0,0.09090909090909094,,0.0,0.0,0.0
v1.0,v1.0,v1.0,S0_nominal,D_oracle,P_no_containment,0,0.9090909090909091,1.0,0.09090909090909094,,0.0,0.0,0.0
v1.0,v1.0,v1.0,S0_nominal,D_oracle,P_no_containment,1,0.9090909090909091,1.0,0.09090909090909094,,0.0,0.0,0.0
v1.0,v1.0,v1.0,S0_nominal,D_oracle,P_no_containment,2,0.9090909090909091,1.0,0.09090909090909094,,0.0,0.0,0.0
v1.0,v1.0,v1.0,S0_nominal,D_oracle,P_no_containment,3,0.9090909090909091,1.0,0.09090909090909094,,0.0,0.0,0.0
v1.0,v1.0,v1.0,S0_nominal,D_oracle,P_no_containment,4,0.9090909090909091,1.0,0.09090909090909094,,0.0,0.0,0.0
v1.0,v1.0,v1.0,S0_nominal,D_oracle,P_no_containment,5,0.9090909090909091,1.0,0.09090909090909094,,0.0,0.0,0.0
v1.0,v1.0,v1.0,S0_nominal,D_oracle,P_no_containment,6,0.9090909090909091,1.0,0.09090909090909094,,0.0,0.0,0.0
v1.0,v1.0,v1.0,S0_nominal,D_oracle,P_no_containment,7,0.9090909090909091,1.0,0.09090909090909094,,0.0,0.0,0.0
v1.0,v1.0,v1.0,S0_nominal,D_oracle,P_no_containment,8,0.9090909090909091,1.0,0.09090909090909094,,0.0,0.0,0.0
v1.0,v1.0,v1.0,S0_nominal,D_oracle,P_no_containment,9,0.9090909090909091,1.0,0.09090909090909094,,0.0,0.0,0.0
v1.0,v1.0,v1.0,S0_nominal,D_oracle,P_no_containment,10,0.9090909090909091,1.0,0.09090909090909094,,0.0,0.0,0.0
v1.0,v1.0,v1.0,S0_nominal,D_oracle,P_no_containment,11,0.9090909090909091,1.0,0.09090909090909094,,0.0,0.0,0.0
v1.0,v1.0,v1.0,S0_nominal,D_oracle,P_no_containment,12,0.9090909090909091,1.0,0.09090909090909094,,0.0,0.0,0.0
v1.0,v1.0,v1.0,S0_nominal,D_oracle,P_no_containment,13,0.9090909090909091,1.0,0.09090909090909094,,0.0,0.0,0.0
v1.0,v1.0,v1.0,S0_nominal,D_oracle,P_no_containment,14,0.9090909090909091,1.0,0.09090909090909094,,0.0,0.0,0.0
v1.0,v1.0,v1.0,S0_nominal,D_oracle,P_no_containment,15,0.9090909090909091,1.0,0.09090909090909094,,0.0,0.0,0.0
v1.0,v1.0,v1.0,S0_nominal,D_oracle,P_no_containment,16,0.9090909090909091,1.0,0.09090909090909094,,0.0,0.0,0.0
v1.0,v1.0,v1.0,S0_nominal,D_oracle,P_no_containment,17,0.9090909090909091,1.0,0.09090909090909094,,0.0,0.0,0.0
v1.0,v1.0,v1.0,S0_nominal,D_oracle,P_no_containment,18,0.9090909090909091,1.0,0.09090909090909094,,0.0,0.0,0.0
v1.0,v1.0,v1.0,S0_nominal,D_oracle,P_no_containment,19,0.9090909090909091,1.0,0.09090909090909094,,0.0,0.0,0.0
v1.0,v1.0,v1.0,S0_nominal,D_oracle,P_no_containment,20,0.9090909090909091,1.0,0.09090909090909094,,0.0,0.0,0.0
v1.0,v1.0,v1.0,S0_nominal,D_oracle,P_no_containment,21,0.9090909090909091,1.0,0.09090909090909094,,0.0,0.0,0.0
v1.0,v1.0,v1.0,S0_nominal,D_oracle,P_no_containment,22,0.9090909090909091,1.0,0.09090909090909094,,0.0,0.0,0.0
v1.0,v1.0,v1.0,S0_nominal,D_oracle,P_no_containment,23,0.9090909090909091,1.0,0.09090909090909094,,0.0,0.0,0.0
v1.0,v1.0,v1.0,S0_nominal,D_oracle,P_no_containment,24,0.9090909090909091,1.0,0.09090909090909094,,0.0,0.0,0.0
v1.0,v1.0,v1.0,S0_nominal,D_oracle,P_no_containment,25,0.9090909090909091,1.0,0.09090909090909094,,0.0,0.0,0.0
v1.0,v1.0,v1.0,S0_nominal,D_oracle,P_no_containment,26,0.9090909090909091,1.0,0.09090909090909094,,0.0,0.0,0.0
v1.0,v1.0,v1.0,S0_nominal,D_oracle,P_no_containment,27,0.9090909090909091,1.0,0.09090909090909094,,0.0,0.0,0.0
v1.0,v1.0,v1.0,S0_nominal,D_oracle,P_no_containment,28,0.9090909090909091,1.0,0.09090909090909094,,0.0,0.0,0.0
v1.0,v1.0,v1.0,S0_nominal,D_oracle,P_no_containment,29,0.9090909090909091,1.0,0.09090909090909094,,0.0,0.0,0.0
v1.0,v1.0,v1.0,S0_nominal,D_oracle,P_no_containment,30,0.9090909090909091,1.0,0.09090909090909094,,0.0,0.0,0.0
v1.0,v1.0,v1.0,S0_nominal,D_oracle,P_no_containment,31,0.9090909090909091,1.0,0.09090909090909094,,0.0,0.0,0.0
v1.0,v1.0,v1.0,S0_nominal,D_oracle,P_no_containment,32,0.9090909090909091,1.0,0.09090909090909094,,0.0,0.0,0.0
v1.0,v1.0,v1.0,S0_nominal,D_oracle,P_no_containment,33,0.9090909090909091,1.0,0.09090909090909094,,0.0,0.0,0.0
v1.0,v1.0,v1.0,S0_nominal,D_oracle,P_no_containment,34,0.9090909090909091,1.0,0.09090909090909094,,0.0,0.0,0.0
v1.0,v1.0,v1.0,S0_nominal,D_oracle,P_no_containment,35,0.9090909090909091,1.0,0.09090909090909094,,0.0,0.0,0.0
v1.0,v1.0,v1.0,S0_nominal,D_oracle,P_no_containment,36,0.9090909090909091,1.0,0.09090909090909094,,0.0,0.0,0.0
v1.0,v1.0,v1.0,S0_nominal,D_oracle,P_no_containment,37,0.9090909090909091,1.0,0.09090909090909094,,0.0,0.0,0.0
v1.0,v1.0,v1.0,S0_nominal,D_oracle,P_no_containment,38,0.9090909090909091,1.0,0.09090909090909094,,0.0,0.0,0.0
v1.0,v1.0,v1.0,S0_nominal,D_oracle,P_no_containment,39,0.9090909090909091,1.0,0.09090909090909094,,0.0,0.0,0.0
v1.0,v1.0,v1.0,S0_nominal,D_oracle,P_aggressive,0,0.9090909090909091,1.0,0.09090909090909094,,0.0,0.0,0.0
v1.0,v1.0,v1.0,S0_nominal,D_oracle,P_aggressive,1,0.9090909090909091,1.0,0.09090909090909094,,0.0,0.0,0.0
v1.0,v1.0,v1.0,S0_nominal,D_oracle,P_aggressive,2,0.9090909090909091,1.0,0.09090909090909094,,0.0,0.0,0.0
v1.0,v1.0,v1.0,S0_nominal,D_oracle,P_aggressive,3,0.9090909090909091,1.0,0.09090909090909094,,0.0,0.0,0.0
v1.0,v1.0,v1.0,S0_nominal,D_oracle,P_aggressive,4,0.9090909090909091,1.0,0.09090909090909094,,0.0,0.0,0.0
v1.0,v1.0,v1.0,S0_nominal,D_oracle,P_aggressive,5,0.9090909090909091,1.0,0.09090909090909094,,0.0,0.0,0.0
v1.0,v1.0,v1.0,S0_nominal,D_oracle,P_aggressive,6,0.9090909090909091,1.0,0.09090909090909094,,0.0,0.0,0.0
v1.0,v1.0,v1.0,S0_nominal,D_oracle,P_aggressive,7,0.9090909090909091,1.0,0.09090909090909094,,0.0,0.0,0.0
v1.0,v1.0,v1.0,S0_nominal,D_oracle,P_aggressive,8,0.9090909090909091,1.0,0.09090909090909094,,0.0,0.0,0.0
v1.0,v1.0,v1.0,S0_nominal,D_oracle,P_aggressive,9,0.9090909090909091,1.0,0.09090909090909094,,0.0,0.0,0.0
v1.0,v1.0,v1.0,S0_nominal,D_oracle,P_aggressive,10,0.9090909090909091,1.0,0.09090909090909094,,0.0,0.0,0.0
v1.0,v1.0,v1.0,S0_nominal,D_oracle,P_aggressive,11,0.9090909090909091,1.0,0.09090909090909094,,0.0,0.0,0.0
v1.0,v1.0,v1.0,S0_nominal,D_oracle,P_aggressive,12,0.9090909090909091,1.0,0.09090909090909094,,0.0,0.0,0.0
v1.0,v1.0,v1.0,S0_nominal,D_oracle,P_aggressive,13,0.9090909090909091,1.0,0.09090909090909094,,0.0,0.0,0.0
v1.0,v1.0,v1.0,S0_nominal,D_oracle,P_aggressive,14,0.9090909090909091,1.0,0.09090909090909094,,0.0,0.0,0.0
v1.0,v1.0,v1.0,S0_nominal,D_oracle,P_aggressive,15,0.9090909090909091,1.0,0.09090909090909094,,0.0,0.0,0.0
v1.0,v1.0,v1.0,S0_nominal,D_oracle,P_aggressive,16,0.9090909090909091,1.0,0.09090909090909094,,0.0,0.0,0.0
v1.0,v1.0,v1.0,S0_nominal,D_oracle,P_aggressive,17,0.9090909090909091,1.0,0.09090909090909094,,0.0,0.0,0.0
v1.0,v1.0,v1.0,S0_nominal,D_oracle,P_aggressive,18,0.9090909090909091,1.0,0.09090909090909094,,0.0,0.0,0.0
v1.0,v1.0,v1.0,S0_nominal,D_oracle,P_aggressive,19,0.9090909090909091,1.0,0.09090909090909094,,0.0,0.0,0.0
v1.0,v1.0,v1.0,S0_nominal,D_oracle,P_aggressive,20,0.9090909090909091,1.0,0.09090909090909094,,0.0,0.0,0.0
v1.0,v1.0,v1.0,S0_nominal,D_oracle,P_aggressive,21,0.9090909090909091,1.0,0.09090909090909094,,0.0,0.0,0.0
v1.0,v1.0,v1.0,S0_nominal,D_oracle,P_aggressive,22,0.9090909090909091,1.0,0.09090909090909094,,0.0,0.0,0.0
v1.0,v1.0,v1.0,S0_nominal,D_oracle,P_aggressive,23,0.9090909090909091,1.0,0.09090909090909094,,0.0,0.0,0.0
v1.0,v1.0,v1.0,S0_nominal,D_oracle,P_aggressive,24,0.9090909090909091,1.0,0.09090909090909094,,0.0,0.0,0.0
v1.0,v1.0,v1.0,S0_nominal,D_oracle,P_aggressive,25,0.9090909090909091,1.0,0.09090909090909094,,0.0,0.0,0.0
v1.0,v1.0,v1.0,S0_nominal,D_oracle,P_aggressive,26,0.9090909090909091,1.0,0.09090909090909094,,0.0,0.0,0.0
v1.0,v1.0,v1.0,S0_nominal,D_oracle,P_aggressive,27,0.9090909090909091,1.0,0.09090909090909094,,0.0,0.0,0.0
v1.0,v1.0,v1.0,S0_nominal,D_oracle,P_aggressive,28,0.9090909090909091,1.0,0.09090909090909094,,0.0,0.0,0.0
v1.0,v1.0,v1.0,S0_nominal,D_oracle,P_aggressive,29,0.9090909090909091,1.0,0.09090909090909094,,0.0,0.0,0.0
v1.0,v1.0,v1.0,S0_nominal,D_oracle,P_aggressive,30,0.9090909090909091,1.0,0.09090909090909094,,0.0,0.0,0.0
v1.0,v1.0,v1.0,S0_nominal,D_oracle,P_aggressive,31,0.9090909090909091,1.0,0.09090909090909094,,0.0,0.0,0.0
v1.0,v1.0,v1.0,S0_nominal,D_oracle,P_aggressive,32,0.9090909090909091,1.0,0.09090909090909094,,0.0,0.0,0.0
v1.0,v1.0,v1.0,S0_nominal,D_oracle,P_aggressive,33,0.9090909090909091,1.0,0.09090909090909094,,0.0,0.0,0.0
v1.0,v1.0,v1.0,S0_nominal,D_oracle,P_aggressive,34,0.9090909090909091,1.0,0.09090909090909094,,0.0,0.0,0.0
v1.0,v1.0,v1.0,S0_nominal,D_oracle,P_aggressive,35,0.9090909090909091,1.0,0.09090909090909094,,0.0,0.0,0.0
v1.0,v1.0,v1.0,S0_nominal,D_oracle,P_aggressive,36,0.9090909090909091,1.0,0.09090909090909094,,0.0,0.0,0.0
v1.0,v1.0,v1.0,S0_nominal,D_oracle,P_aggressive,37,0.9090909090909091,1.0,0.09090909090909094,,0.0,0.0,0.0
v1.0,v1.0,v1.0,S0_nominal,D_oracle,P_aggressive,38,0.9090909090909091,1.0,0.09090909090909094,,0.0,0.0,0.0
v1.0,v1.0,v1.0,S0_nominal,D_oracle,P_aggressive,39,0.9090909090909091,1.0,0.09090909090909094,,0.0,0.0,0.0
v1.0,v1.0,v1.0,S0_nominal,D_oracle,P_conservative,0,0.9090909090909091,1.0,0.09090909090909094,,0.0,0.0,0.0
v1.0,v1.0,v1.0,S0_nominal,D_oracle,P_conservative,1,0.9090909090909091,1.0,0.09090909090909094,,0.0,0.0,0.0
v1.0,v1.0,v1.0,S0_nominal,D_oracle,P_conservative,2,0.9090909090909091,1.0,0.09090909090909094,,0.0,0.0,0.0
v1.0,v1.0,v1.0,S0_nominal,D_oracle,P_conservative,3,0.9090909090909091,1.0,0.09090909090909094,,0.0,0.0,0.0
v1.0,v1.0,v1.0,S0_nominal,D_oracle,P_conservative,4,0.9090909090909091,1.0,0.09090909090909094,,0.0,0.0,0.0
v1.0,v1.0,v1.0,S0_nominal,D_oracle,P_conservative,5,0.9090909090909091,1.0,0.09090909090909094,,0.0,0.0,0.0
v1.0,v1.0,v1.0,S0_nominal,D_oracle,P_conservative,6,0.9090909090909091,1.0,0.09090909090909094,,0.0,0.0,0.0
v1.0,v1.0,v1.0,S0_nominal,D_oracle,P_conservative,7,0.9090909090909091,1.0,0.09090909090909094,,0.0,0.0,0.0
v1.0,v1.0,v1.0,S0_nominal,D_oracle,P_conservative,8,0.9090909090909091,1.0,0.09090909090909094,,0.0,0.0,0.0
v1.0,v1.0,v1.0,S0_nominal,D_oracle,P_conservative,9,0.9090909090909091,1.0,0.09090909090909094,,0.0,0.0,0.0
v1.0,v1.0,v1.0,S0_nominal,D_oracle,P_conservative,10,0.9090909090909091,1.0,0.09090909090909094,,0.0,0.0,0.0
v1.0,v1.0,v1.0,S0_nominal,D_oracle,P_conservative,11,0.9090909090909091,1.0,0.09090909090909094,,0.0,0.0,0.0
v1.0,v1.0,v1.0,S0_nominal,D_oracle,P_conservative,12,0.9090909090909091,1.0,0.09090909090909094,,0.0,0.0,0.0
v1.0,v1.0,v1.0,S0_nominal,D_oracle,P_conservative,13,0.9090909090909091,1.0,0.09090909090909094,,0.0,0.0,0.0
v1.0,v1.0,v1.0,S0_nominal,D_oracle,P_conservative,14,0.9090909090909091,1.0,0.09090909090909094,,0.0,0.0,0.0
v1.0,v1.0,v1.0,S0_nominal,D_oracle,P_conservative,15,0.9090909090909091,1.0,0.09090909090909094,,0.0,0.0,0.0
v1.0,v1.0,v1.0,S0_nominal,D_oracle,P_conservative,16,0.9090909090909091,1.0,0.09090909090909094,,0.0,0.0,0.0
v1.0,v1.0,v1.0,S0_nominal,D_oracle,P_conservative,17,0.9090909090909091,1.0,0.09090909090909094,,0.0,0.0,0.0
v1.0,v1.0,v1.0,S0_nominal,D_oracle,P_conservative,18,0.9090909090909091,1.0,0.09090909090909094,,0.0,0.0,0.0
v1.0,v1.0,v1.0,S0_nominal,D_oracle,P_conservative,19,0.9090909090909091,1.0,0.09090909090909094,,0.0,0.0,0.0
v1.0,v1.0,v1.0,S0_nominal,D_oracle,P_conservative,20,0.9090909090909091,1.0,0.09090909090909094,,0.0,0.0,0.0
v1.0,v1.0,v1.0,S0_nominal,D_oracle,P_conservative,21,0.9090909090909091,1.0,0.09090909090909094,,0.0,0.0,0.0
v1.0,v1.0,v1.0,S0_nominal,D_oracle,P_conservative,22,0.9090909090909091,1.0,0.09090909090909094,,0.0,0.0,0.0
v1.0,v1.0,v1.0,S0_nominal,D_oracle,P_conservative,23,0.9090909090909091,1.0,0.09090909090909094,,0.0,0.0,0.0
v1.0,v1.0,v1.0,S0_nominal,D_oracle,P_conservative,24,0.9090909090909091,1.0,0.09090909090909094,,0.0,0.0,0.0
v1.0,v1.0,v1.0,S0_nominal,D_oracle,P_conservative,25,0.9090909090909091,1.0,0.09090909090909094,,0.0,0.0,0.0
v1.0,v1.0,v1.0,S0_nominal,D_oracle,P_conservative,26,0.9090909090909091,1.0,0.09090909090909094,,0.0,0.0,0.0
v1.0,v1.0,v1.0,S0_nominal,D_oracle,P_conservative,27,0.9090909090909091,1.0,0.09090909090909094,,0.0,0.0,0.0
v1.0,v1.0,v1.0,S0_nominal,D_oracle,P_conservative,28,0.9090909090909091,1.0,0.09090909090909094,,0.0,0.0,0.0
v1.0,v1.0,v1.0,S0_nominal,D_oracle,P_conservative,29,0.9090909090909091,1.0,0.09090909090909094,,0.0,0.0,0.0
v1.0,v1.0,v1.0,S0_nominal,D_oracle,P_conservative,30,0.9090909090909091,1.0,0.09090909090909094,,0.0,0.0,0.0
v1.0,v1.0,v1.0,S0_nominal,D_oracle,P_conservative,31,0.9090909090909091,1.0,0.09090909090909094,,0.0,0.0,0.0
v1.0,v1.0,v1.0,S0_nominal,D_oracle,P_conservative,32,0.9090909090909091,1.0,0.09090909090909094,,0.0,0.0,0.0
v1.0,v1.0,v1.0,S0_nominal,D_oracle,P_conservative,33,0.9090909090909091,1.0,0.09090909090909094,,0.0,0.0,0.0
v1.0,v1.0,v1.0,S0_nominal,D_oracle,P_conservative,34,0.9090909090909091,1.0,0.09090909090909094,,0.0,0.0,0.0
v1.0,v1.0,v1.0,S0_nominal,D_oracle,P_conservative,35,0.9090909090909091,1.0,0.09090909090909094,,0.0,0.0,0.0
v1.0,v1.0,v1.0,S0_nominal,D_oracle,P_conservative,36,0.9090909090909091,1.0,0.09090909090909094,,0.0,0.0,0.0
v1.0,v1.0,v1.0,S0_nominal,D_oracle,P_conservative,37,0.9090909090909091,1.0,0.09090909090909094,,0.0,0.0,0.0
v1.0,v1.0,v1.0,S0_nominal,D_oracle,P_conservative,38,0.9090909090909091,1.0,0.09090909090909094,,0.0,0.0,0.0
v1.0,v1.0,v1.0,S0_nominal,D_oracle,P_conservative,39,0.9090909090909091,1.0,0.09090909090909094,,0.0,0.0,0.0
v1.0,v1.0,v1.0,S1_grid_cap,D0_weak,P_alpha0.15,0,0.8624242424242423,1.0,0.1435757575757577,,0.0,0.0,3.0
v1.0,v1.0,v1.0,S1_grid_cap,D0_weak,P_alpha0.15,1,0.8624242424242423,1.0,0.1395757575757577,,0.0,0.0,1.0
v1.0,v1.0,v1.0,S1_grid_cap,D0_weak,P_alpha0.15,2,0.8624242424242423,1.0,0.13757575757575768,,0.0,0.0,0.0
v1.0,v1.0,v1.0,S1_grid_cap,D0_weak,P_alpha0.15,3,0.8624242424242423,1.0,0.13757575757575768,,0.0,0.0,0.0
v1.0,v1.0,v1.0,S1_grid_cap,D0_weak,P_alpha0.15,4,0.8624242424242423,1.0,0.1395757575757577,,0.0,0.0,1.0
v1.0,v1.0,v1.0,S1_grid_cap,D0_weak,P_alpha0.15,5,0.8624242424242423,1.0,0.1395757575757577,,0.0,0.0,1.0
v1.0,v1.0,v1.0,S1_grid_cap,D0_weak,P_alpha0.15,6,0.8624242424242423,1.0,0.1395757575757577,,0.0,0.0,1.0
v1.0,v1.0,v1.0,S1_grid_cap,D0_weak,P_alpha0.15,7,0.8624242424242423,1.0,0.1395757575757577,,0.0,0.0,1.0
v1.0,v1.0,v1.0,S1_grid_cap,D0_weak,P_alpha0.15,8,0.8624242424242423,1.0,0.1395757575757577,,0.0,0.0,1.0
v1.0,v1.0,v1.0,S1_grid_cap,D0_weak,P_alpha0.15,9,0.8624242424242423,1.0,0.13757575757575768,,0.0,0.0,0.0
v1.0,v1.0,v1.0,S1_grid_cap,D0_weak,P_alpha0.15,10,0.8624242424242423,1.0,0.1395757575757577,,0.0,0.0,1.0
v1.0,v1.0,v1.0,S1_grid_cap,D0_weak,P_alpha0.15,11,0.8624242424242423,1.0,0.1395757575757577,,0.0,0.0,1.0
v1.0,v1.0,v1.0,S1_grid_cap,D0_weak,P_alpha0.15,12,0.8624242424242423,1.0,0.1395757575757577,,0.0,0.0,1.0
v1.0,v1.0,v1.0,S1_grid_cap,D0_weak,P_alpha0.15,13,0.8624242424242423,1.0,0.1395757575757577,,0.0,0.0,1.0
v1.0,v1.0,v1.0,S1_grid_cap,D0_weak,P_alpha0.15,14,0.8624242424242423,1.0,0.13757575757575768,,0.0,0.0,0.0
v1.0,v1.0,v1.0,S1_grid_cap,D0_weak,P_alpha0.15,15,0.8624242424242423,1.0,0.1415757575757577,,0.0,0.0,2.0
v1.0,v1.0,v1.0,S1_grid_cap,D0_weak,P_alpha0.15,16,0.8624242424242423,1.0,0.13757575757575768,,0.0,0.0,0.0
v1.0,v1.0,v1.0,S1_grid_cap,D0_weak,P_alpha0.15,17,0.8624242424242423,1.0,0.1415757575757577,,0.0,0.0,2.0
v1.0,v1.0,v1.0,S1_grid_cap,D0_weak,P_alpha0.15,18,0.8624242424242423,1.0,0.13757575757575768,,0.0,0.0,0.0
v1.0,v1.0,v1.0,S1_grid_cap,D0_weak,P_alpha0.15,19,0.8624242424242423,1.0,0.1415757575757577,,0.0,0.0,2.0
v1.0,v1.0,v1.0,S1_grid_cap,D0_weak,P_alpha0.15,20,0.8624242424242423,1.0,0.1395757575757577,,0.0,0.0,1.0
v1.0,v1.0,v1.0,S1_grid_cap,D0_weak,P_alpha0.15,21,0.8624242424242423,1.0,0.1435757575757577,,0.0,0.0,3.0
v1.0,v1.0,v1.0,S1_grid_cap,D0_weak,P_alpha0.15,22,0.8624242424242423,1.0,0.13757575757575768,,0.0,0.0,0.0
v1.0,v1.0,v1.0,S1_grid_cap,D0_weak,P_alpha0.15,23,0.8624242424242423,1.0,0.1395757575757577,,0.0,0.0,1.0
v1.0,v1.0,v1.0,S1_grid_cap,D0_weak,P_alpha0.15,24,0.8624242424242423,1.0,0.1415757575757577,,0.0,0.0,2.0
v1.0,v1.0,v1.0,S1_grid_cap,D0_weak,P_alpha0.15,25,0.8624242424242423,1.0,0.1395757575757577,,0.0,0.0,1.0
v1.0,v1.0,v1.0,S1_grid_cap,D0_weak,P_alpha0.15,26,0.8624242424242423,1.0,0.13757575757575768,,0.0,0.0,0.0
v1.0,v1.0,v1.0,S1_grid_cap,D0_weak,P_alpha0.15,27,0.8624242424242423,1.0,0.13757575757575768,,0.0,0.0,0.0
v1.0,v1.0,v1.0,S1_grid_cap,D0_weak,P_alpha0.15,28,0.8624242424242423,1.0,0.13757575757575768,,0.0,0.0,0.0
v1.0,v1.0,v1.0,S1_grid_cap,D0_weak,P_alpha0.15,29,0.8624242424242423,1.0,0.1415757575757577,,0.0,0.0,2.0
v1.0,v1.0,v1.0,S1_grid_cap,D0_weak,P_alpha0.15,30,0.8624242424242423,1.0,0.13757575757575768,,0.0,0.0,0.0
v1.0,v1.0,v1.0,S1_grid_cap,D0_weak,P_alpha0.15,31,0.8624242424242423,1.0,0.1415757575757577,,0.0,0.0,2.0
v1.0,v1.0,v1.0,S1_grid_cap,D0_weak,P_alpha0.15,32,0.8624242424242423,1.0,0.1395757575757577,,0.0,0.0,1.0
v1.0,v1.0,v1.0,S1_grid_cap,D0_weak,P_alpha0.15,33,0.8624242424242423,1.0,0.1415757575757577,,0.0,0.0,2.0
v1.0,v1.0,v1.0,S1_grid_cap,D0_weak,P_alpha0.15,34,0.8624242424242423,1.0,0.1395757575757577,,0.0,0.0,1.0
v1.0,v1.0,v1.0,S1_grid_cap,D0_weak,P_alpha0.15,35,0.8624242424242423,1.0,0.1395757575757577,,0.0,0.0,1.0
v1.0,v1.0,v1.0,S1_grid_cap,D0_weak,P_alpha0.15,36,0.8624242424242423,1.0,0.1395757575757577,,0.0,0.0,1.0
v1.0,v1.0,v1.0,S1_grid_cap,D0_weak,P_alpha0.15,37,0.8624242424242423,1.0,0.1415757575757577,,0.0,0.0,2.0
v1.0,v1.0,v1.0,S1_grid_cap,D0_weak,P_alpha0.15,38,0.8624242424242423,1.0,0.1395757575757577,,0.0,0.0,1.0
v1.0,v1.0,v1.0,S1_grid_cap,D0_weak,P_alpha0.15,39,0.8624242424242423,1.0,0.13757575757575768,,0.0,0.0,0.0
v1.0,v1.0,v1.0,S1_grid_cap,D0_weak,P_alpha0.30,0,0.8624242424242423,1.0,0.1435757575757577,,0.0,0.0,3.0
v1.0,v1.0,v1.0,S1_grid_cap,D0_weak,P_alpha0.30,1,0.8624242424242423,1.0,0.1395757575757577,,0.0,0.0,1.0
v1.0,v1.0,v1.0,S1_grid_cap,D0_weak,P_alpha0.30,2,0.8624242424242423,1.0,0.13757575757575768,,0.0,0.0,0.0
v1.0,v1.0,v1.0,S1_grid_cap,D0_weak,P_alpha0.30,3,0.8624242424242423,1.0,0.13757575757575768,,0.0,0.0,0.0
v1.0,v1.0,v1.0,S1_grid_cap,D0_weak,P_alpha0.30,4,0.8624242424242423,1.0,0.1395757575757577,,0.0,0.0,1.0
v1.0,v1.0,v1.0,S1_grid_cap,D0_weak,P_alpha0.30,5,0.8624242424242423,1.0,0.1395757575757577,,0.0,0.0,1.0
v1.0,v1.0,v1.0,S1_grid_cap,D0_weak,P_alpha0.30,6,0.8624242424242423,1.0,0.1395757575757577,,0.0,0.0,1.0
v1.0,v1.0,v1.0,S1_grid_cap,D0_weak,P_alpha0.30,7,0.8624242424242423,1.0,0.1395757575757577,,0.0,0.0,1.0
v1.0,v1.0,v1.0,S1_grid_cap,D0_weak,P_alpha0.30,8,0.8624242424242423,1.0,0.1395757575757577,,0.0,0.0,1.0
v1.0,v1.0,v1.0,S1_grid_cap,D0_weak,P_alpha0.30,9,0.8624242424242423,1.0,0.13757575757575768,,0.0,0.0,0.0
v1.0,v1.0,v1.0,S1_grid_cap,D0_weak,P_alpha0.30,10,0.8624242424242423,1.0,0.1395757575757577,,0.0,0.0,1.0
v1.0,v1.0,v1.0,S1_grid_cap,D0_weak,P_alpha0.30,11,0.8624242424242423,1.0,0.1395757575757577,,0.0,0.0,1.0
v1.0,v1.0,v1.0,S1_grid_cap,D0_weak,P_alpha0.30,12,0.8624242424242423,1.0,0.1395757575757577,,0.0,0.0,1.0
v1.0,v1.0,v1.0,S1_grid_cap,D0_weak,P_alpha0.30,13,0.8624242424242423,1.0,0.1395757575757577,,0.0,0.0,1.0
v1.0,v1.0,v1.0,S1_grid_cap,D0_weak,P_alpha0.30,14,0.8624242424242423,1.0,0.13757575757575768,,0.0,0.0,0.0
v1.0,v1.0,v1.0,S1_grid_cap,D0_weak,P_alpha0.30,15,0.8624242424242423,1.0,0.1415757575757577,,0.0,0.0,2.0
v1.0,v1.0,v1.0,S1_grid_cap,D0_weak,P_alpha0.30,16,0.8624242424242423,1.0,0.13757575757575768,,0.0,0.0,0.0
v1.0,v1.0,v1.0,S1_grid_cap,D0_weak,P_alpha0.30,17,0.8624242424242423,1.0,0.1415757575757577,,0.0,0.0,2.0
v1.0,v1.0,v1.0,S1_grid_cap,D0_weak,P_alpha0.30,18,0.8624242424242423,1.0,0.13757575757575768,,0.0,0.0,0.0
v1.0,v1.0,v1.0,S1_grid_cap,D0_weak,P_alpha0.30,19,0.8624242424242423,1.0,0.1415757575757577,,0.0,0.0,2.0
v1.0,v1.0,v1.0,S1_grid_cap,D0_weak,P_alpha0.30,20,0.8624242424242423,1.0,0.1395757575757577,,0.0,0.0,1.0
v1.0,v1.0,v1.0,S1_grid_cap,D0_weak,P_alpha0.30,21,0.8624242424242423,1.0,0.1435757575757577,,0.0,0.0,3.0
v1.0,v1.0,v1.0,S1_grid_cap,D0_weak,P_alpha0.30,22,0.8624242424242423,1.0,0.13757575757575768,,0.0,0.0,0.0
v1.0,v1.0,v1.0,S1_grid_cap,D0_weak,P_alpha0.30,23,0.8624242424242423,1.0,0.1395757575757577,,0.0,0.0,1.0
v1.0,v1.0,v1.0,S1_grid_cap,D0_weak,P_alpha0.30,24,0.8624242424242423,1.0,0.1415757575757577,,0.0,0.0,2.0
v1.0,v1.0,v1.0,S1_grid_cap,D0_weak,P_alpha0.30,25,0.8624242424242423,1.0,0.1395757575757577,,0.0,0.0,1.0
v1.0,v1.0,v1.0,S1_grid_cap,D0_weak,P_alpha0.30,26,0.8624242424242423,1.0,0.13757575757575768,,0.0,0.0,0.0
v1.0,v1.0,v1.0,S1_grid_cap,D0_weak,P_alpha0.30,27,0.8624242424242423,1.0,0.13757575757575768,,0.0,0.0,0.0
v1.0,v1.0,v1.0,S1_grid_cap,D0_weak,P_alpha0.30,28,0.8624242424242423,1.0,0.13757575757575768,,0.0,0.0,0.0
v1.0,v1.0,v1.0,S1_grid_cap,D0_weak,P_alpha0.30,29,0.8624242424242423,1.0,0.1415757575757577,,0.0,0.0,2.0
v1.0,v1.0,v1.0,S1_grid_cap,D0_weak,P_alpha0.30,30,0.8624242424242423,1.0,0.13757575757575768,,0.0,0.0,0.0
v1.0,v1.0,v1.0,S1_grid_cap,D0_weak,P_alpha0.30,31,0.8624242424242423,1.0,0.1415757575757577,,0.0,0.0,2.0
v1.0,v1.0,v1.0,S1_grid_cap,D0_weak,P_alpha0.30,32,0.8624242424242423,1.0,0.1395757575757577,,0.0,0.0,1.0
v1.0,v1.0,v1.0,S1_grid_cap,D0_weak,P_alpha0.30,33,0.8624242424242423,1.0,0.1415757575757577,,0.0,0.0,2.0
v1.0,v1.0,v1.0,S1_grid_cap,D0_weak,P_alpha0.30,34,0.8624242424242423,1.0,0.1395757575757577,,0.0,0.0,1.0
v1.0,v1.0,v1.0,S1_grid_cap,D0_weak,P_alpha0.30,35,0.8624242424242423,1.0,0.1395757575757577,,0.0,0.0,1.0
v1.0,v1.0,v1.0,S1_grid_cap,D0_weak,P_alpha0.30,36,0.8624242424242423,1.0,0.1395757575757577,,0.0,0.0,1.0
v1.0,v1.0,v1.0,S1_grid_cap,D0_weak,P_alpha0.30,37,0.8624242424242423,1.0,0.1415757575757577,,0.0,0.0,2.0
v1.0,v1.0,v1.0,S1_grid_cap,D0_weak,P_alpha0.30,38,0.8624242424242423,1.0,0.1395757575757577,,0.0,0.0,1.0
v1.0,v1.0,v1.0,S1_grid_cap,D0_weak,P_alpha0.30,39,0.8624242424242423,1.0,0.13757575757575768,,0.0,0.0,0.0
v1.0,v1.0,v1.0,S1_grid_cap,D0_weak,P_alpha0.45,0,0.8624242424242423,1.0,0.1435757575757577,,0.0,0.0,3.0
v1.0,v1.0,v1.0,S1_grid_cap,D0_weak,P_alpha0.45,1,0.8624242424242423,1.0,0.1395757575757577,,0.0,0.0,1.0
v1.0,v1.0,v1.0,S1_grid_cap,D0_weak,P_alpha0.45,2,0.8624242424242423,1.0,0.13757575757575768,,0.0,0.0,0.0
v1.0,v1.0,v1.0,S1_grid_cap,D0_weak,P_alpha0.45,3,0.8624242424242423,1.0,0.13757575757575768,,0.0,0.0,0.0
v1.0,v1.0,v1.0,S1_grid_cap,D0_weak,P_alpha0.45,4,0.8624242424242423,1.0,0.1395757575757577,,0.0,0.0,1.0
v1.0,v1.0,v1.0,S1_grid_cap,D0_weak,P_alpha0.45,5,0.8624242424242423,1.0,0.1395757575757577,,0.0,0.0,1.0
v1.0,v1.0,v1.0,S1_grid_cap,D0_weak,P_alpha0.45,6,0.8624242424242423,1.0,0.1395757575757577,,0.0,0.0,1.0
v1.0,v1.0,v1.0,S1_grid_cap,D0_weak,P_alpha0.45,7,0.8624242424242423,1.0,0.1395757575757577,,0.0,0.0,1.0
v1.0,v1.0,v1.0,S1_grid_cap,D0_weak,P_alpha0.45,8,0.8624242424242423,1.0,0.1395757575757577,,0.0,0.0,1.0
v1.0,v1.0,v1.0,S1_grid_cap,D0_weak,P_alpha0.45,9,0.8624242424242423,1.0,0.13757575757575768,,0.0,0.0,0.0
v1.0,v1.0,v1.0,S1_grid_cap,D0_weak,P_alpha0.45,10,0.8624242424242423,1.0,0.1395757575757577,,0.0,0.0,1.0
v1.0,v1.0,v1.0,S1_grid_cap,D0_weak,P_alpha0.45,11,0.8624242424242423,1.0,0.1395757575757577,,0.0,0.0,1.0
v1.0,v1.0,v1.0,S1_grid_cap,D0_weak,P_alpha0.45,12,0.8624242424242423,1.0,0.1395757575757577,,0.0,0.0,1.0
v1.0,v1.0,v1.0,S1_grid_cap,D0_weak,P_alpha0.45,13,0.8624242424242423,1.0,0.1395757575757577,,0.0,0.0,1.0
v1.0,v1.0,v1.0,S1_grid_cap,D0_weak,P_alpha0.45,14,0.8624242424242423,1.0,0.13757575757575768,,0.0,0.0,0.0
v1.0,v1.0,v1.0,S1_grid_cap,D0_weak,P_alpha0.45,15,0.8624242424242423,1.0,0.1415757575757577,,0.0,0.0,2.0
v1.0,v1.0,v1.0,S1_grid_cap,D0_weak,P_alpha0.45,16,0.8624242424242423,1.0,0.13757575757575768,,0.0,0.0,0.0
v1.0,v1.0,v1.0,S1_grid_cap,D0_weak,P_alpha0.45,17,0.8624242424242423,1.0,0.1415757575757577,,0.0,0.0,2.0
v1.0,v1.0,v1.0,S1_grid_cap,D0_weak,P_alpha0.45,18,0.8624242424242423,1.0,0.13757575757575768,,0.0,0.0,0.0
v1.0,v1.0,v1.0,S1_grid_cap,D0_weak,P_alpha0.45,19,0.8624242424242423,1.0,0.1415757575757577,,0.0,0.0,2.0
v1.0,v1.0,v1.0,S1_grid_cap,D0_weak,P_alpha0.45,20,0.8624242424242423,1.0,0.1395757575757577,,0.0,0.0,1.0
v1.0,v1.0,v1.0,S1_grid_cap,D0_weak,P_alpha0.45,21,0.8624242424242423,1.0,0.1435757575757577,,0.0,0.0,3.0
v1.0,v1.0,v1.0,S1_grid_cap,D0_weak,P_alpha0.45,22,0.8624242424242423,1.0,0.13757575757575768,,0.0,0.0,0.0
v1.0,v1.0,v1.0,S1_grid_cap,D0_weak,P_alpha0.45,23,0.8624242424242423,1.0,0.1395757575757577,,0.0,0.0,1.0
v1.0,v1.0,v1.0,S1_grid_cap,D0_weak,P_alpha0.45,24,0.8624242424242423,1.0,0.1415757575757577,,0.0,0.0,2.0
v1.0,v1.0,v1.0,S1_grid_cap,D0_weak,P_alpha0.45,25,0.8624242424242423,1.0,0.1395757575757577,,0.0,0.0,1.0
v1.0,v1.0,v1.0,S1_grid_cap,D0_weak,P_alpha0.45,26,0.8624242424242423,1.0,0.13757575757575768,,0.0,0.0,0.0
v1.0,v1.0,v1.0,S1_grid_cap,D0_weak,P_alpha0.45,27,0.8624242424242423,1.0,0.13757575757575768,,0.0,0.0,0.0
v1.0,v1.0,v1.0,S1_grid_cap,D0_weak,P_alpha0.45,28,0.8624242424242423,1.0,0.13757575757575768,,0.0,0.0,0.0
v1.0,v1.0,v1.0,S1_grid_cap,D0_weak,P_alpha0.45,29,0.8624242424242423,1.0,0.1415757575757577,,0.0,0.0,2.0
v1.0,v1.0,v1.0,S1_grid_cap,D0_weak,P_alpha0.45,30,0.8624242424242423,1.0,0.13757575757575768,,0.0,0.0,0.0
v1.0,v1.0,v1.0,S1_grid_cap,D0_weak,P_alpha0.45,31,0.8624242424242423,1.0,0.1415757575757577,,0.0,0.0,2.0
v1.0,v1.0,v1.0,S1_grid_cap,D0_weak,P_alpha0.45,32,0.8624242424242423,1.0,0.1395757575757577,,0.0,0.0,1.0
v1.0,v1.0,v1.0,S1_grid_cap,D0_weak,P_alpha0.45,33,0.8624242424242423,1.0,0.1415757575757577,,0.0,0.0,2.0
v1.0,v1.0,v1.0,S1_grid_cap,D0_weak,P_alpha0.45,34,0.8624242424242423,1.0,0.1395757575757577,,0.0,0.0,1.0
v1.0,v1.0,v1.0,S1_grid_cap,D0_weak,P_alpha0.45,35,0.8624242424242423,1.0,0.1395757575757577,,0.0,0.0,1.0
v1.0,v1.0,v1.0,S1_grid_cap,D0_weak,P_alpha0.45,36,0.8624242424242423,1.0,0.1395757575757577,,0.0,0.0,1.0
v1.0,v1.0,v1.0,S1_grid_cap,D0_weak,P_alpha0.45,37,0.8624242424242423,1.0,0.1415757575757577,,0.0,0.0,2.0
v1.0,v1.0,v1.0,S1_grid_cap,D0_weak,P_alpha0.45,38,0.8624242424242423,1.0,0.1395757575757577,,0.0,0.0,1.0
v1.0,v1.0,v1.0,S1_grid_cap,D0_weak,P_alpha0.45,39,0.8624242424242423,1.0,0.13757575757575768,,0.0,0.0,0.0
v1.0,v1.0,v1.0,S1_grid_cap,D0_weak,P_alpha0.60,0,0.8624242424242423,1.0,0.1435757575757577,,0.0,0.0,3.0
v1.0,v1.0,v1.0,S1_grid_cap,D0_weak,P_alpha0.60,1,0.8624242424242423,1.0,0.1395757575757577,,0.0,0.0,1.0
v1.0,v1.0,v1.0,S1_grid_cap,D0_weak,P_alpha0.60,2,0.8624242424242423,1.0,0.13757575757575768,,0.0,0.0,0.0
v1.0,v1.0,v1.0,S1_grid_cap,D0_weak,P_alpha0.60,3,0.8624242424242423,1.0,0.13757575757575768,,0.0,0.0,0.0
v1.0,v1.0,v1.0,S1_grid_cap,D0_weak,P_alpha0.60,4,0.8624242424242423,1.0,0.1395757575757577,,0.0,0.0,1.0
v1.0,v1.0,v1.0,S1_grid_cap,D0_weak,P_alpha0.60,5,0.8624242424242423,1.0,0.1395757575757577,,0.0,0.0,1.0
v1.0,v1.0,v1.0,S1_grid_cap,D0_weak,P_alpha0.60,6,0.8624242424242423,1.0,0.1395757575757577,,0.0,0.0,1.0
v1.0,v1.0,v1.0,S1_grid_cap,D0_weak,P_alpha0.60,7,0.8624242424242423,1.0,0.1395757575757577,,0.0,0.0,1.0
v1.0,v1.0,v1.0,S1_grid_cap,D0_weak,P_alpha0.60,8,0.8624242424242423,1.0,0.1395757575757577,,0.0,0.0,1.0
v1.0,v1.0,v1.0,S1_grid_cap,D0_weak,P_alpha0.60,9,0.8624242424242423,1.0,0.13757575757575768,,0.0,0.0,0.0
v1.0,v1.0,v1.0,S1_grid_cap,D0_weak,P_alpha0.60,10,0.8624242424242423,1.0,0.1395757575757577,,0.0,0.0,1.0
v1.0,v1.0,v1.0,S1_grid_cap,D0_weak,P_alpha0.60,11,0.8624242424242423,1.0,0.1395757575757577,,0.0,0.0,1.0
v1.0,v1.0,v1.0,S1_grid_cap,D0_weak,P_alpha0.60,12,0.8624242424242423,1.0,0.1395757575757577,,0.0,0.0,1.0
v1.0,v1.0,v1.0,S1_grid_cap,D0_weak,P_alpha0.60,13,0.8624242424242423,1.0,0.1395757575757577,,0.0,0.0,1.0
v1.0,v1.0,v1.0,S1_grid_cap,D0_weak,P_alpha0.60,14,0.8624242424242423,1.0,0.13757575757575768,,0.0,0.0,0.0
v1.0,v1.0,v1.0,S1_grid_cap,D0_weak,P_alpha0.60,15,0.8624242424242423,1.0,0.1415757575757577,,0.0,0.0,2.0
v1.0,v1.0,v1.0,S1_grid_cap,D0_weak,P_alpha0.60,16,0.8624242424242423,1.0,0.13757575757575768,,0.0,0.0,0.0
v1.0,v1.0,v1.0,S1_grid_cap,D0_weak,P_alpha0.60,17,0.8624242424242423,1.0,0.1415757575757577,,0.0,0.0,2.0
v1.0,v1.0,v1.0,S1_grid_cap,D0_weak,P_alpha0.60,18,0.8624242424242423,1.0,0.13757575757575768,,0.0,0.0,0.0
v1.0,v1.0,v1.0,S1_grid_cap,D0_weak,P_alpha0.60,19,0.8624242424242423,1.0,0.1415757575757577,,0.0,0.0,2.0
v1.0,v1.0,v1.0,S1_grid_cap,D0_weak,P_alpha0.60,20,0.8624242424242423,1.0,0.1395757575757577,,0.0,0.0,1.0
v1.0,v1.0,v1.0,S1_grid_cap,D0_weak,P_alpha0.60,21,0.8624242424242423,1.0,0.1435757575757577,,0.0,0.0,3.0
v1.0,v1.0,v1.0,S1_grid_cap,D0_weak,P_alpha0.60,22,0.8624242424242423,1.0,0.13757575757575768,,0.0,0.0,0.0
v1.0,v1.0,v1.0,S1_grid_cap,D0_weak,P_alpha0.60,23,0.8624242424242423,1.0,0.1395757575757577,,0.0,0.0,1.0
v1.0,v1.0,v1.0,S1_grid_cap,D0_weak,P_alpha0.60,24,0.8624242424242423,1.0,0.1415757575757577,,0.0,0.0,2.0
v1.0,v1.0,v1.0,S1_grid_cap,D0_weak,P_alpha0.60,25,0.8624242424242423,1.0,0.1395757575757577,,0.0,0.0,1.0
v1.0,v1.0,v1.0,S1_grid_cap,D0_weak,P_alpha0.60,26,0.8624242424242423,1.0,0.13757575757575768,,0.0,0.0,0.0
v1.0,v1.0,v1.0,S1_grid_cap,D0_weak,P_alpha0.60,27,0.8624242424242423,1.0,0.13757575757575768,,0.0,0.0,0.0
v1.0,v1.0,v1.0,S1_grid_cap,D0_weak,P_alpha0.60,28,0.8624242424242423,1.0,0.13757575757575768,,0.0,0.0,0.0
v1.0,v1.0,v1.0,S1_grid_cap,D0_weak,P_alpha0.60,29,0.8624242424242423,1.0,0.1415757575757577,,0.0,0.0,2.0
v1.0,v1.0,v1.0,S1_grid_cap,D0_weak,P_alpha0.60,30,0.8624242424242423,1.0,0.13757575757575768,,0.0,0.0,0.0
v1.0,v1.0,v1.0,S1_grid_cap,D0_weak,P_alpha0.60,31,0.8624242424242423,1.0,0.1415757575757577,,0.0,0.0,2.0
v1.0,v1.0,v1.0,S1_grid_cap,D0_weak,P_alpha0.60,32,0.8624242424242423,1.0,0.1395757575757577,,0.0,0.0,1.0
v1.0,v1.0,v1.0,S1_grid_cap,D0_weak,P_alpha0.60,33,0.8624242424242423,1.0,0.1415757575757577,,0.0,0.0,2.0
v1.0,v1.0,v1.0,S1_grid_cap,D0_weak,P_alpha0.60,34,0.8624242424242423,1.0,0.1395757575757577,,0.0,0.0,1.0
v1.0,v1.0,v1.0,S1_grid_cap,D0_weak,P_alpha0.60,35,0.8624242424242423,1.0,0.1395757575757577,,0.0,0.0,1.0
v1.0,v1.0,v1.0,S1_grid_cap,D0_weak,P_alpha0.60,36,0.8624242424242423,1.0,0.1395757575757577,,0.0,0.0,1.0
v1.0,v1.0,v1.0,S1_grid_cap,D0_weak,P_alpha0.60,37,0.8624242424242423,1.0,0.1415757575757577,,0.0,0.0,2.0
v1.0,v1.0,v1.0,S1_grid_cap,D0_weak,P_alpha0.60,38,0.8624242424242423,1.0,0.1395757575757577,,0.0,0.0,1.0
v1.0,v1.0,v1.0,S1_grid_cap,D0_weak,P_alpha0.60,39,0.8624242424242423,1.0,0.13757575757575768,,0.0,0.0,0.0
v1.0,v1.0,v1.0,S1_grid_cap,D0_weak,P_alpha0.75,0,0.868030303030303,1.0,0.13796969696969696,,0.0,0.0,3.0
v1.0,v1.0,v1.0,S1_grid_cap,D0_weak,P_alpha0.75,1,0.868030303030303,1.0,0.13396969696969696,,0.0,0.0,1.0
v1.0,v1.0,v1.0,S1_grid_cap,D0_weak,P_alpha0.75,2,0.868030303030303,1.0,0.13196969696969696,,0.0,0.0,0.0
v1.0,v1.0,v1.0,S1_grid_cap,D0_weak,P_alpha0.75,3,0.868030303030303,1.0,0.13196969696969696,,0.0,0.0,0.0
v1.0,v1.0,v1.0,S1_grid_cap,D0_weak,P_alpha0.75,4,0.868030303030303,1.0,0.13396969696969696,,0.0,0.0,1.0
v1.0,v1.0,v1.0,S1_grid_cap,D0_weak,P_alpha0.75,5,0.868030303030303,1.0,0.13396969696969696,,0.0,0.0,1.0
v1.0,v1.0,v1.0,S1_grid_cap,D0_weak,P_alpha0.75,6,0.868030303030303,1.0,0.13396969696969696,,0.0,0.0,1.0
v1.0,v1.0,v1.0,S1_grid_cap,D0_weak,P_alpha0.75,7,0.868030303030303,1.0,0.13396969696969696,,0.0,0.0,1.0
v1.0,v1.0,v1.0,S1_grid_cap,D0_weak,P_alpha0.75,8,0.868030303030303,1.0,0.13396969696969696,,0.0,0.0,1.0
v1.0,v1.0,v1.0,S1_grid_cap,D0_weak,P_alpha0.75,9,0.868030303030303,1.0,0.13196969696969696,,0.0,0.0,0.0
v1.0,v1.0,v1.0,S1_grid_cap,D0_weak,P_alpha0.75,10,0.868030303030303,1.0,0.13396969696969696,,0.0,0.0,1.0
v1.0,v1.0,v1.0,S1_grid_cap,D0_weak,P_alpha0.75,11,0.868030303030303,1.0,0.13396969696969696,,0.0,0.0,1.0
v1.0,v1.0,v1.0,S1_grid_cap,D0_weak,P_alpha0.75,12,0.868030303030303,1.0,0.13396969696969696,,0.0,0.0,1.0
v1.0,v1.0,v1.0,S1_grid_cap,D0_weak,P_alpha0.75,13,0.868030303030303,1.0,0.13396969696969696,,0.0,0.0,1.0
v1.0,v1.0,v1.0,S1_grid_cap,D0_weak,P_alpha0.75,14,0.868030303030303,1.0,0.13196969696969696,,0.0,0.0,0.0
v1.0,v1.0,v1.0,S1_grid_cap,D0_weak,P_alpha0.75,15,0.868030303030303,1.0,0.13596969696969696,,0.0,0.0,2.0
v1.0,v1.0,v1.0,S1_grid_cap,D0_weak,P_alpha0.75,16,0.868030303030303,1.0,0.13196969696969696,,0.0,0.0,0.0
v1.0,v1.0,v1.0,S1_grid_cap,D0_weak,P_alpha0.75,17,0.868030303030303,1.0,0.13596969696969696,,0.0,0.0,2.0
v1.0,v1.0,v1.0,S1_grid_cap,D0_weak,P_alpha0.75,18,0.868030303030303,1.0,0.13196969696969696,,0.0,0.0,0.0
v1.0,v1.0,v1.0,S1_grid_cap,D0_weak,P_alpha0.75,19,0.868030303030303,1.0,0.13596969696969696,,0.0,0.0,2.0
v1.0,v1.0,v1.0,S1_grid_cap,D0_weak,P_alpha0.75,20,0.868030303030303,1.0,0.13396969696969696,,0.0,0.0,1.0
v1.0,v1.0,v1.0,S1_grid_cap,D0_weak,P_alpha0.75,21,0.868030303030303,1.0,0.13796969696969696,,0.0,0.0,3.0
v1.0,v1.0,v1.0,S1_grid_cap,D0_weak,P_alpha0.75,22,0.868030303030303,1.0,0.13196969696969696,,0.0,0.0,0.0
v1.0,v1.0,v1.0,S1_grid_cap,D0_weak,P_alpha0.75,23,0.868030303030303,1.0,0.13396969696969696,,0.0,0.0,1.0
v1.0,v1.0,v1.0,S1_grid_cap,D0_weak,P_alpha0.75,24,0.868030303030303,1.0,0.13596969696969696,,0.0,0.0,2.0
v1.0,v1.0,v1.0,S1_grid_cap,D0_weak,P_alpha0.75,25,0.868030303030303,1.0,0.13396969696969696,,0.0,0.0,1.0
v1.0,v1.0,v1.0,S1_grid_cap,D0_weak,P_alpha0.75,26,0.868030303030303,1.0,0.13196969696969696,,0.0,0.0,0.0
v1.0,v1.0,v1.0,S1_grid_cap,D0_weak,P_alpha0.75,27,0.868030303030303,1.0,0.13196969696969696,,0.0,0.0,0.0
v1.0,v1.0,v1.0,S1_grid_cap,D0_weak,P_alpha0.75,28,0.868030303030303,1.0,0.13196969696969696,,0.0,0.0,0.0
v1.0,v1.0,v1.0,S1_grid_cap,D0_weak,P_alpha0.75,29,0.868030303030303,1.0,0.13596969696969696,,0.0,0.0,2.0
v1.0,v1.0,v1.0,S1_grid_cap,D0_weak,P_alpha0.75,30,0.868030303030303,1.0,0.13196969696969696,,0.0,0.0,0.0
v1.0,v1.0,v1.0,S1_grid_cap,D0_weak,P_alpha0.75,31,0.868030303030303,1.0,0.13596969696969696,,0.0,0.0,2.0
v1.0,v1.0,v1.0,S1_grid_cap,D0_weak,P_alpha0.75,32,0.868030303030303,1.0,0.13396969696969696,,0.0,0.0,1.0
v1.0,v1.0,v1.0,S1_grid_cap,D0_weak,P_alpha0.75,33,0.868030303030303,1.0,0.13596969696969696,,0.0,0.0,2.0
v1.0,v1.0,v1.0,S1_grid_cap,D0_weak,P_alpha0.75,34,0.868030303030303,1.0,0.13396969696969696,,0.0,0.0,1.0
v1.0,v1.0,v1.0,S1_grid_cap,D0_weak,P_alpha0.75,35,0.868030303030303,1.0,0.13396969696969696,,0.0,0.0,1.0
v1.0,v1.0,v1.0,S1_grid_cap,D0_weak,P_alpha0.75,36,0.868030303030303,1.0,0.13396969696969696,,0.0,0.0,1.0
v1.0,v1.0,v1.0,S1_grid_cap,D0_weak,P_alpha0.75,37,0.868030303030303,1.0,0.13596969696969696,,0.0,0.0,2.0
v1.0,v1.0,v1.0,S1_grid_cap,D0_weak,P_alpha0.75,38,0.868030303030303,1.0,0.13396969696969696,,0.0,0.0,1.0
v1.0,v1.0,v1.0,S1_grid_cap,D0_weak,P_alpha0.75,39,0.868030303030303,1.0,0.13196969696969696,,0.0,0.0,0.0
v1.0,v1.0,v1.0,S1_grid_cap,D0_weak,P_alpha0.90,0,0.965878787878788,1.0,0.040121212121211995,,0.0,0.0,3.0
v1.0,v1.0,v1.0,S1_grid_cap,D0_weak,P_alpha0.90,1,0.965878787878788,1.0,0.036121212121212,,0.0,0.0,1.0
v1.0,v1.0,v1.0,S1_grid_cap,D0_weak,P_alpha0.90,2,0.965878787878788,1.0,0.034121212121212,,0.0,0.0,0.0
v1.0,v1.0,v1.0,S1_grid_cap,D0_weak,P_alpha0.90,3,0.965878787878788,1.0,0.034121212121212,,0.0,0.0,0.0
v1.0,v1.0,v1.0,S1_grid_cap,D0_weak,P_alpha0.90,4,0.965878787878788,1.0,0.036121212121212,,0.0,0.0,1.0
v1.0,v1.0,v1.0,S1_grid_cap,D0_weak,P_alpha0.90,5,0.965878787878788,1.0,0.036121212121212,,0.0,0.0,1.0
v1.0,v1.0,v1.0,S1_grid_cap,D0_weak,P_alpha0.90,6,0.965878787878788,1.0,0.036121212121212,,0.0,0.0,1.0
v1.0,v1.0,v1.0,S1_grid_cap,D0_weak,P_alpha0.90,7,0.965878787878788,1.0,0.036121212121212,,0.0,0.0,1.0
v1.0,v1.0,v1.0,S1_grid_cap,D0_weak,P_alpha0.90,8,0.965878787878788,1.0,0.036121212121212,,0.0,0.0,1.0
v1.0,v1.0,v1.0,S1_grid_cap,D0_weak,P_alpha0.90,9,0.965878787878788,1.0,0.034121212121212,,0.0,0.0,0.0
v1.0,v1.0,v1.0,S1_grid_cap,D0_weak,P_alpha0.90,10,0.965878787878788,1.0,0.036121212121212,,0.0,0.0,1.0
v1.0,v1.0,v1.0,S1_grid_cap,D0_weak,P_alpha0.90,11,0.965878787878788,1.0,0.036121212121212,,0.0,0.0,1.0
v1.0,v1.0,v1.0,S1_grid_cap,D0_weak,P_alpha0.90,12,0.965878787878788,1.0,0.036121212121212,,0.0,0.0,1.0
v1.0,v1.0,v1.0,S1_grid_cap,D0_weak,P_alpha0.90,13,0.965878787878788,1.0,0.036121212121212,,0.0,0.0,1.0
v1.0,v1.0,v1.0,S1_grid_cap,D0_weak,P_alpha0.90,14,0.965878787878788,1.0,0.034121212121212,,0.0,0.0,0.0
v1.0,v1.0,v1.0,S1_grid_cap,D0_weak,P_alpha0.90,15,0.965878787878788,1.0,0.038121212121212,,0.0,0.0,2.0
v1.0,v1.0,v1.0,S1_grid_cap,D0_weak,P_alpha0.90,16,0.965878787878788,1.0,0.034121212121212,,0.0,0.0,0.0
v1.0,v1.0,v1.0,S1_grid_cap,D0_weak,P_alpha0.90,17,0.965878787878788,1.0,0.038121212121212,,0.0,0.0,2.0
v1.0,v1.0,v1.0,S1_grid_cap,D0_weak,P_alpha0.90,18,0.965878787878788,1.0,0.034121212121212,,0.0,0.0,0.0
v1.0,v1.0,v1.0,S1_grid_cap,D0_weak,P_alpha0.90,19,0.965878787878788,1.0,0.038121212121212,,0.0,0.0,2.0
v1.0,v1.0,v1.0,S1_grid_cap,D0_weak,P_alpha0.90,20,0.965878787878788,1.0,0.036121212121212,,0.0,0.0,1.0
v1.0,v1.0,v1.0,S1_grid_cap,D0_weak,P_alpha0.90,21,0.965878787878788,1.0,0.040121212121211995,,0.0,0.0,3.0
v1.0,v1.0,v1.0,S1_grid_cap,D0_weak,P_alpha0.90,22,0.965878787878788,1.0,0.034121212121212,,0.0,0.0,0.0
v1.0,v1.0,v1.0,S1_grid_cap,D0_weak,P_alpha0.90,23,0.965878787878788,1.0,0.036121212121212,,0.0,0.0,1.0
v1.0,v1.0,v1.0,S1_grid_cap,D0_weak,P_alpha0.90,24,0.965878787878788,1.0,0.038121212121212,,0.0,0.0,2.0
v1.0,v1.0,v1.0,S1_grid_cap,D0_weak,P_alpha0.90,25,0.965878787878788,1.0,0.036121212121212,,0.0,0.0,1.0
v1.0,v1.0,v1.0,S1_grid_cap,D0_weak,P_alpha0.90,26,0.965878787878788,1.0,0.034121212121212,,0.0,0.0,0.0
v1.0,v1.0,v1.0,S1_grid_cap,D0_weak,P_alpha0.90,27,0.965878787878788,1.0,0.034121212121212,,0.0,0.0,0.0
v1.0,v1.0,v1.0,S1_grid_cap,D0_weak,P_alpha0.90,28,0.965878787878788,1.0,0.034121212121212,,0.0,0.0,0.0
v1.0,v1.0,v1.0,S1_grid_cap,D0_weak,P_alpha0.90,29,0.965878787878788,1.0,0.038121212121212,,0.0,0.0,2.0
v1.0,v1.0,v1.0,S1_grid_cap,D0_weak,P_alpha0.90,30,0.965878787878788,1.0,0.034121212121212,,0.0,0.0,0.0
v1.0,v1.0,v1.0,S1_grid_cap,D0_weak,P_alpha0.90,31,0.965878787878788,1.0,0.038121212121212,,0.0,0.0,2.0
v1.0,v1.0,v1.0,S1_grid_cap,D0_weak,P_alpha0.90,32,0.965878787878788,1.0,0.036121212121212,,0.0,0.0,1.0
v1.0,v1.0,v1.0,S1_grid_cap,D0_weak,P_alpha0.90,33,0.965878787878788,1.0,0.038121212121212,,0.0,0.0,2.0
v1.0,v1.0,v1.0,S1_grid_cap,D0_weak,P_alpha0.90,34,0.965878787878788,1.0,0.036121212121212,,0.0,0.0,1.0
v1.0,v1.0,v1.0,S1_grid_cap,D0_weak,P_alpha0.90,35,0.965878787878788,1.0,0.036121212121212,,0.0,0.0,1.0
v1.0,v1.0,v1.0,S1_grid_cap,D0_weak,P_alpha0.90,36,0.965878787878788,1.0,0.036121212121212,,0.0,0.0,1.0
v1.0,v1.0,v1.0,S1_grid_cap,D0_weak,P_alpha0.90,37,0.965878787878788,1.0,0.038121212121212,,0.0,0.0,2.0
v1.0,v1.0,v1.0,S1_grid_cap,D0_weak,P_alpha0.90,38,0.965878787878788,1.0,0.036121212121212,,0.0,0.0,1.0
v1.0,v1.0,v1.0,S1_grid_cap,D0_weak,P_alpha0.90,39,0.965878787878788,1.0,0.034121212121212,,0.0,0.0,0.0
v1.0,v1.0,v1.0,S1_grid_cap,D0_weak,P_alpha1.00,0,0.9806060606060606,0.9324092741935478,0.10650281036168205,,0.0,0.0,3.0
v1.0,v1.0,v1.0,S1_grid_cap,D0_weak,P_alpha1.00,1,0.9806060606060606,0.9324092741935478,0.10250281036168205,,0.0,0.0,1.0
v1.0,v1.0,v1.0,S1_grid_cap,D0_weak,P_alpha1.00,2,0.9806060606060606,0.9324092741935478,0.10050281036168204,,0.0,0.0,0.0
v1.0,v1.0,v1.0,S1_grid_cap,D0_weak,P_alpha1.00,3,0.9806060606060606,0.9324092741935478,0.10050281036168204,,0.0,0.0,0.0
v1.0,v1.0,v1.0,S1_grid_cap,D0_weak,P_alpha1.00,4,0.9806060606060606,0.9324092741935478,0.10250281036168205,,0.0,0.0,1.0
v1.0,v1.0,v1.0,S1_grid_cap,D0_weak,P_alpha1.00,5,0.9806060606060606,0.9324092741935478,0.10250281036168205,,0.0,0.0,1.0
v1.0,v1.0,v1.0,S1_grid_cap,D0_weak,P_alpha1.00,6,0.9806060606060606,0.9324092741935478,0.10250281036168205,,0.0,0.0,1.0
v1.0,v1.0,v1.0,S1_grid_cap,D0_weak,P_alpha1.00,7,0.9806060606060606,0.9324092741935478,0.10250281036168205,,0.0,0.0,1.0
v1.0,v1.0,v1.0,S1_grid_cap,D0_weak,P_alpha1.00,8,0.9806060606060606,0.9324092741935478,0.10250281036168205,,0.0,0.0,1.0
v1.0,v1.0,v1.0,S1_grid_cap,D0_weak,P_alpha1.00,9,0.9806060606060606,0.9324092741935478,0.10050281036168204,,0.0,0.0,0.0
v1.0,v1.0,v1.0,S1_grid_cap,D0_weak,P_alpha1.00,10,0.9806060606060606,0.9324092741935478,0.10250281036168205,,0.0,0.0,1.0
v1.0,v1.0,v1.0,S1_grid_cap,D0_weak,P_alpha1.00,11,0.9806060606060606,0.9324092741935478,0.10250281036168205,,0.0,0.0,1.0
v1.0,v1.0,v1.0,S1_grid_cap,D0_weak,P_alpha1.00,12,0.9806060606060606,0.9324092741935478,0.10250281036168205,,0.0,0.0,1.0
v1.0,v1.0,v1.0,S1_grid_cap,D0_weak,P_alpha1.00,13,0.9806060606060606,0.9324092741935478,0.10250281036168205,,0.0,0.0,1.0
v1.0,v1.0,v1.0,S1_grid_cap,D0_weak,P_alpha1.00,14,0.9806060606060606,0.9324092741935478,0.10050281036168204,,0.0,0.0,0.0
v1.0,v1.0,v1.0,S1_grid_cap,D0_weak,P_alpha1.00,15,0.9806060606060606,0.9324092741935478,0.10450281036168205,,0.0,0.0,2.0
v1.0,v1.0,v1.0,S1_grid_cap,D0_weak,P_alpha1.00,16,0.9806060606060606,0.9324092741935478,0.10050281036168204,,0.0,0.0,0.0
v1.0,v1.0,v1.0,S1_grid_cap,D0_weak,P_alpha1.00,17,0.9806060606060606,0.9324092741935478,0.10450281036168205,,0.0,0.0,2.0
v1.0,v1.0,v1.0,S1_grid_cap,D0_weak,P_alpha1.00,18,0.9806060606060606,0.9324092741935478,0.10050281036168204,,0.0,0.0,0.0
v1.0,v1.0,v1.0,S1_grid_cap,D0_weak,P_alpha1.00,19,0.9806060606060606,0.9324092741935478,0.10450281036168205,,0.0,0.0,2.0
v1.0,v1.0,v1.0,S1_grid_cap,D0_weak,P_alpha1.00,20,0.9806060606060606,0.9324092741935478,0.10250281036168205,,0.0,0.0,1.0
v1.0,v1.0,v1.0,S1_grid_cap,D0_weak,P_alpha1.00,21,0.9806060606060606,0.9324092741935478,0.10650281036168205,,0.0,0.0,3.0
v1.0,v1.0,v1.0,S1_grid_cap,D0_weak,P_alpha1.00,22,0.9806060606060606,0.9324092741935478,0.10050281036168204,,0.0,0.0,0.0
v1.0,v1.0,v1.0,S1_grid_cap,D0_weak,P_alpha1.00,23,0.9806060606060606,0.9324092741935478,0.10250281036168205,,0.0,0.0,1.0
v1.0,v1.0,v1.0,S1_grid_cap,D0_weak,P_alpha1.00,24,0.9806060606060606,0.9324092741935478,0.10450281036168205,,0.0,0.0,2.0
v1.0,v1.0,v1.0,S1_grid_cap,D0_weak,P_alpha1.00,25,0.9806060606060606,0.9324092741935478,0.10250281036168205,,0.0,0.0,1.0
v1.0,v1.0,v1.0,S1_grid_cap,D0_weak,P_alpha1.00,26,0.9806060606060606,0.9324092741935478,0.10050281036168204,,0.0,0.0,0.0
v1.0,v1.0,v1.0,S1_grid_cap,D0_weak,P_alpha1.00,27,0.9806060606060606,0.9324092741935478,0.10050281036168204,,0.0,0.0,0.0
v1.0,v1.0,v1.0,S1_grid_cap,D0_weak,P_alpha1.00,28,0.9806060606060606,0.9324092741935478,0.10050281036168204,,0.0,0.0,0.0
v1.0,v1.0,v1.0,S1_grid_cap,D0_weak,P_alpha1.00,29,0.9806060606060606,0.9324092741935478,0.10450281036168205,,0.0,0.0,2.0
v1.0,v1.0,v1.0,S1_grid_cap,D0_weak,P_alpha1.00,30,0.9806060606060606,0.9324092741935478,0.10050281036168204,,0.0,0.0,0.0
v1.0,v1.0,v1.0,S1_grid_cap,D0_weak,P_alpha1.00,31,0.9806060606060606,0.9324092741935478,0.10450281036168205,,0.0,0.0,2.0
v1.0,v1.0,v1.0,S1_grid_cap,D0_weak,P_alpha1.00,32,0.9806060606060606,0.9324092741935478,0.10250281036168205,,0.0,0.0,1.0
v1.0,v1.0,v1.0,S1_grid_cap,D0_weak,P_alpha1.00,33,0.9806060606060606,0.9324092741935478,0.10450281036168205,,0.0,0.0,2.0
v1.0,v1.0,v1.0,S1_grid_cap,D0_weak,P_alpha1.00,34,0.9806060606060606,0.9324092741935478,0.10250281036168205,,0.0,0.0,1.0
v1.0,v1.0,v1.0,S1_grid_cap,D0_weak,P_alpha1.00,35,0.9806060606060606,0.9324092741935478,0.10250281036168205,,0.0,0.0,1.0
v1.0,v1.0,v1.0,S1_grid_cap,D0_weak,P_alpha1.00,36,0.9806060606060606,0.9324092741935478,0.10250281036168205,,0.0,0.0,1.0
v1.0,v1.0,v1.0,S1_grid_cap,D0_weak,P_alpha1.00,37,0.9806060606060606,0.9324092741935478,0.10450281036168205,,0.0,0.0,2.0
v1.0,v1.0,v1.0,S1_grid_cap,D0_weak,P_alpha1.00,38,0.9806060606060606,0.9324092741935478,0.10250281036168205,,0.0,0.0,1.0
v1.0,v1.0,v1.0,S1_grid_cap,D0_weak,P_alpha1.00,39,0.9806060606060606,0.9324092741935478,0.10050281036168204,,0.0,0.0,0.0
v1.0,v1.0,v1.0,S1_grid_cap,D0_weak,P_availability_first,0,0.9806060606060606,0.9324092741935478,0.10650281036168205,,0.0,0.0,3.0
v1.0,v1.0,v1.0,S1_grid_cap,D0_weak,P_availability_first,1,0.9806060606060606,0.9324092741935478,0.10250281036168205,,0.0,0.0,1.0
v1.0,v1.0,v1.0,S1_grid_cap,D0_weak,P_availability_first,2,0.9806060606060606,0.9324092741935478,0.10050281036168204,,0.0,0.0,0.0
v1.0,v1.0,v1.0,S1_grid_cap,D0_weak,P_availability_first,3,0.9806060606060606,0.9324092741935478,0.10050281036168204,,0.0,0.0,0.0
v1.0,v1.0,v1.0,S1_grid_cap,D0_weak,P_availability_first,4,0.9806060606060606,0.9324092741935478,0.10250281036168205,,0.0,0.0,1.0
v1.0,v1.0,v1.0,S1_grid_cap,D0_weak,P_availability_first,5,0.9806060606060606,0.9324092741935478,0.10250281036168205,,0.0,0.0,1.0
v1.0,v1.0,v1.0,S1_grid_cap,D0_weak,P_availability_first,6,0.9806060606060606,0.9324092741935478,0.10250281036168205,,0.0,0.0,1.0
v1.0,v1.0,v1.0,S1_grid_cap,D0_weak,P_availability_first,7,0.9806060606060606,0.9324092741935478,0.10250281036168205,,0.0,0.0,1.0
v1.0,v1.0,v1.0,S1_grid_cap,D0_weak,P_availability_first,8,0.9806060606060606,0.9324092741935478,0.10250281036168205,,0.0,0.0,1.0
v1.0,v1.0,v1.0,S1_grid_cap,D0_weak,P_availability_first,9,0.9806060606060606,0.9324092741935478,0.10050281036168204,,0.0,0.0,0.0
v1.0,v1.0,v1.0,S1_grid_cap,D0_weak,P_availability_first,10,0.9806060606060606,0.9324092741935478,0.10250281036168205,,0.0,0.0,1.0
v1.0,v1.0,v1.0,S1_grid_cap,D0_weak,P_availability_first,11,0.9806060606060606,0.9324092741935478,0.10250281036168205,,0.0,0.0,1.0
v1.0,v1.0,v1.0,S1_grid_cap,D0_weak,P_availability_first,12,0.9806060606060606,0.9324092741935478,0.10250281036168205,,0.0,0.0,1.0
v1.0,v1.0,v1.0,S1_grid_cap,D0_weak,P_availability_first,13,0.9806060606060606,0.9324092741935478,0.10250281036168205,,0.0,0.0,1.0
v1.0,v1.0,v1.0,S1_grid_cap,D0_weak,P_availability_first,14,0.9806060606060606,0.9324092741935478,0.10050281036168204,,0.0,0.0,0.0
v1.0,v1.0,v1.0,S1_grid_cap,D0_weak,P_availability_first,15,0.9806060606060606,0.9324092741935478,0.10450281036168205,,0.0,0.0,2.0
v1.0,v1.0,v1.0,S1_grid_cap,D0_weak,P_availability_first,16,0.9806060606060606,0.9324092741935478,0.10050281036168204,,0.0,0.0,0.0
v1.0,v1.0,v1.0,S1_grid_cap,D0_weak,P_availability_first,17,0.9806060606060606,0.9324092741935478,0.10450281036168205,,0.0,0.0,2.0
v1.0,v1.0,v1.0,S1_grid_cap,D0_weak,P_availability_first,18,0.9806060606060606,0.9324092741935478,0.10050281036168204,,0.0,0.0,0.0
v1.0,v1.0,v1.0,S1_grid_cap,D0_weak,P_availability_first,19,0.9806060606060606,0.9324092741935478,0.10450281036168205,,0.0,0.0,2.0
v1.0,v1.0,v1.0,S1_grid_cap,D0_weak,P_availability_first,20,0.9806060606060606,0.9324092741935478,0.10250281036168205,,0.0,0.0,1.0
v1.0,v1.0,v1.0,S1_grid_cap,D0_weak,P_availability_first,21,0.9806060606060606,0.9324092741935478,0.10650281036168205,,0.0,0.0,3.0
v1.0,v1.0,v1.0,S1_grid_cap,D0_weak,P_availability_first,22,0.9806060606060606,0.9324092741935478,0.10050281036168204,,0.0,0.0,0.0
v1.0,v1.0,v1.0,S1_grid_cap,D0_weak,P_availability_first,23,0.9806060606060606,0.9324092741935478,0.10250281036168205,,0.0,0.0,1.0
v1.0,v1.0,v1.0,S1_grid_cap,D0_weak,P_availability_first,24,0.9806060606060606,0.9324092741935478,0.10450281036168205,,0.0,0.0,2.0
v1.0,v1.0,v1.0,S1_grid_cap,D0_weak,P_availability_first,25,0.9806060606060606,0.9324092741935478,0.10250281036168205,,0.0,0.0,1.0
v1.0,v1.0,v1.0,S1_grid_cap,D0_weak,P_availability_first,26,0.9806060606060606,0.9324092741935478,0.10050281036168204,,0.0,0.0,0.0
v1.0,v1.0,v1.0,S1_grid_cap,D0_weak,P_availability_first,27,0.9806060606060606,0.9324092741935478,0.10050281036168204,,0.0,0.0,0.0
v1.0,v1.0,v1.0,S1_grid_cap,D0_weak,P_availability_first,28,0.9806060606060606,0.9324092741935478,0.10050281036168204,,0.0,0.0,0.0
v1.0,v1.0,v1.0,S1_grid_cap,D0_weak,P_availability_first,29,0.9806060606060606,0.9324092741935478,0.10450281036168205,,0.0,0.0,2.0
v1.0,v1.0,v1.0,S1_grid_cap,D0_weak,P_availability_first,30,0.9806060606060606,0.9324092741935478,0.10050281036168204,,0.0,0.0,0.0
v1.0,v1.0,v1.0,S1_grid_cap,D0_weak,P_availability_first,31,0.9806060606060606,0.9324092741935478,0.10450281036168205,,0.0,0.0,2.0
v1.0,v1.0,v1.0,S1_grid_cap,D0_weak,P_availability_first,32,0.9806060606060606,0.9324092741935478,0.10250281036168205,,0.0,0.0,1.0
v1.0,v1.0,v1.0,S1_grid_cap,D0_weak,P_availability_first,33,0.9806060606060606,0.9324092741935478,0.10450281036168205,,0.0,0.0,2.0
v1.0,v1.0,v1.0,S1_grid_cap,D0_weak,P_availability_first,34,0.9806060606060606,0.9324092741935478,0.10250281036168205,,0.0,0.0,1.0
v1.0,v1.0,v1.0,S1_grid_cap,D0_weak,P_availability_first,35,0.9806060606060606,0.9324092741935478,0.10250281036168205,,0.0,0.0,1.0
v1.0,v1.0,v1.0,S1_grid_cap,D0_weak,P_availability_first,36,0.9806060606060606,0.9324092741935478,0.10250281036168205,,0.0,0.0,1.0
v1.0,v1.0,v1.0,S1_grid_cap,D0_weak,P_availability_first,37,0.9806060606060606,0.9324092741935478,0.10450281036168205,,0.0,0.0,2.0
v1.0,v1.0,v1.0,S1_grid_cap,D0_weak,P_availability_first,38,0.9806060606060606,0.9324092741935478,0.10250281036168205,,0.0,0.0,1.0
v1.0,v1.0,v1.0,S1_grid_cap,D0_weak,P_availability_first,39,0.9806060606060606,0.9324092741935478,0.10050281036168204,,0.0,0.0,0.0
v1.0,v1.0,v1.0,S1_grid_cap,D0_weak,P_heat_first,0,0.8624242424242423,1.0,0.1435757575757577,,0.0,0.0,3.0
v1.0,v1.0,v1.0,S1_grid_cap,D0_weak,P_heat_first,1,0.8624242424242423,1.0,0.1395757575757577,,0.0,0.0,1.0
v1.0,v1.0,v1.0,S1_grid_cap,D0_weak,P_heat_first,2,0.8624242424242423,1.0,0.13757575757575768,,0.0,0.0,0.0
v1.0,v1.0,v1.0,S1_grid_cap,D0_weak,P_heat_first,3,0.8624242424242423,1.0,0.13757575757575768,,0.0,0.0,0.0
v1.0,v1.0,v1.0,S1_grid_cap,D0_weak,P_heat_first,4,0.8624242424242423,1.0,0.1395757575757577,,0.0,0.0,1.0
v1.0,v1.0,v1.0,S1_grid_cap,D0_weak,P_heat_first,5,0.8624242424242423,1.0,0.1395757575757577,,0.0,0.0,1.0
v1.0,v1.0,v1.0,S1_grid_cap,D0_weak,P_heat_first,6,0.8624242424242423,1.0,0.1395757575757577,,0.0,0.0,1.0
v1.0,v1.0,v1.0,S1_grid_cap,D0_weak,P_heat_first,7,0.8624242424242423,1.0,0.1395757575757577,,0.0,0.0,1.0
v1.0,v1.0,v1.0,S1_grid_cap,D0_weak,P_heat_first,8,0.8624242424242423,1.0,0.1395757575757577,,0.0,0.0,1.0
v1.0,v1.0,v1.0,S1_grid_cap,D0_weak,P_heat_first,9,0.8624242424242423,1.0,0.13757575757575768,,0.0,0.0,0.0
v1.0,v1.0,v1.0,S1_grid_cap,D0_weak,P_heat_first,10,0.8624242424242423,1.0,0.1395757575757577,,0.0,0.0,1.0
v1.0,v1.0,v1.0,S1_grid_cap,D0_weak,P_heat_first,11,0.8624242424242423,1.0,0.1395757575757577,,0.0,0.0,1.0
v1.0,v1.0,v1.0,S1_grid_cap,D0_weak,P_heat_first,12,0.8624242424242423,1.0,0.1395757575757577,,0.0,0.0,1.0
v1.0,v1.0,v1.0,S1_grid_cap,D0_weak,P_heat_first,13,0.8624242424242423,1.0,0.1395757575757577,,0.0,0.0,1.0
v1.0,v1.0,v1.0,S1_grid_cap,D0_weak,P_heat_first,14,0.8624242424242423,1.0,0.13757575757575768,,0.0,0.0,0.0
v1.0,v1.0,v1.0,S1_grid_cap,D0_weak,P_heat_first,15,0.8624242424242423,1.0,0.1415757575757577,,0.0,0.0,2.0
v1.0,v1.0,v1.0,S1_grid_cap,D0_weak,P_heat_first,16,0.8624242424242423,1.0,0.13757575757575768,,0.0,0.0,0.0
v1.0,v1.0,v1.0,S1_grid_cap,D0_weak,P_heat_first,17,0.8624242424242423,1.0,0.1415757575757577,,0.0,0.0,2.0
v1.0,v1.0,v1.0,S1_grid_cap,D0_weak,P_heat_first,18,0.8624242424242423,1.0,0.13757575757575768,,0.0,0.0,0.0
v1.0,v1.0,v1.0,S1_grid_cap,D0_weak,P_heat_first,19,0.8624242424242423,1.0,0.1415757575757577,,0.0,0.0,2.0
v1.0,v1.0,v1.0,S1_grid_cap,D0_weak,P_heat_first,20,0.8624242424242423,1.0,0.1395757575757577,,0.0,0.0,1.0
v1.0,v1.0,v1.0,S1_grid_cap,D0_weak,P_heat_first,21,0.8624242424242423,1.0,0.1435757575757577,,0.0,0.0,3.0
v1.0,v1.0,v1.0,S1_grid_cap,D0_weak,P_heat_first,22,0.8624242424242423,1.0,0.13757575757575768,,0.0,0.0,0.0
v1.0,v1.0,v1.0,S1_grid_cap,D0_weak,P_heat_first,23,0.8624242424242423,1.0,0.1395757575757577,,0.0,0.0,1.0
v1.0,v1.0,v1.0,S1_grid_cap,D0_weak,P_heat_first,24,0.8624242424242423,1.0,0.1415757575757577,,0.0,0.0,2.0
v1.0,v1.0,v1.0,S1_grid_cap,D0_weak,P_heat_first,25,0.8624242424242423,1.0,0.1395757575757577,,0.0,0.0,1.0
v1.0,v1.0,v1.0,S1_grid_cap,D0_weak,P_heat_first,26,0.8624242424242423,1.0,0.13757575757575768,,0.0,0.0,0.0
v1.0,v1.0,v1.0,S1_grid_cap,D0_weak,P_heat_first,27,0.8624242424242423,1.0,0.13757575757575768,,0.0,0.0,0.0
v1.0,v1.0,v1.0,S1_grid_cap,D0_weak,P_heat_first,28,0.8624242424242423,1.0,0.13757575757575768,,0.0,0.0,0.0
v1.0,v1.0,v1.0,S1_grid_cap,D0_weak,P_heat_first,29,0.8624242424242423,1.0,0.1415757575757577,,0.0,0.0,2.0
v1.0,v1.0,v1.0,S1_grid_cap,D0_weak,P_heat_first,30,0.8624242424242423,1.0,0.13757575757575768,,0.0,0.0,0.0
v1.0,v1.0,v1.0,S1_grid_cap,D0_weak,P_heat_first,31,0.8624242424242423,1.0,0.1415757575757577,,0.0,0.0,2.0
v1.0,v1.0,v1.0,S1_grid_cap,D0_weak,P_heat_first,32,0.8624242424242423,1.0,0.1395757575757577,,0.0,0.0,1.0
v1.0,v1.0,v1.0,S1_grid_cap,D0_weak,P_heat_first,33,0.8624242424242423,1.0,0.1415757575757577,,0.0,0.0,2.0
v1.0,v1.0,v1.0,S1_grid_cap,D0_weak,P_heat_first,34,0.8624242424242423,1.0,0.1395757575757577,,0.0,0.0,1.0
v1.0,v1.0,v1.0,S1_grid_cap,D0_weak,P_heat_first,35,0.8624242424242423,1.0,0.1395757575757577,,0.0,0.0,1.0
v1.0,v1.0,v1.0,S1_grid_cap,D0_weak,P_heat_first,36,0.8624242424242423,1.0,0.1395757575757577,,0.0,0.0,1.0
v1.0,v1.0,v1.0,S1_grid_cap,D0_weak,P_heat_first,37,0.8624242424242423,1.0,0.1415757575757577,,0.0,0.0,2.0
v1.0,v1.0,v1.0,S1_grid_cap,D0_weak,P_heat_first,38,0.8624242424242423,1.0,0.1395757575757577,,0.0,0.0,1.0
v1.0,v1.0,v1.0,S1_grid_cap,D0_weak,P_heat_first,39,0.8624242424242423,1.0,0.13757575757575768,,0.0,0.0,0.0
v1.0,v1.0,v1.0,S1_grid_cap,D0_weak,P_balanced,0,0.868030303030303,1.0,0.13796969696969696,,0.0,0.0,3.0
v1.0,v1.0,v1.0,S1_grid_cap,D0_weak,P_balanced,1,0.868030303030303,1.0,0.13396969696969696,,0.0,0.0,1.0
v1.0,v1.0,v1.0,S1_grid_cap,D0_weak,P_balanced,2,0.868030303030303,1.0,0.13196969696969696,,0.0,0.0,0.0
v1.0,v1.0,v1.0,S1_grid_cap,D0_weak,P_balanced,3,0.868030303030303,1.0,0.13196969696969696,,0.0,0.0,0.0
v1.0,v1.0,v1.0,S1_grid_cap,D0_weak,P_balanced,4,0.868030303030303,1.0,0.13396969696969696,,0.0,0.0,1.0
v1.0,v1.0,v1.0,S1_grid_cap,D0_weak,P_balanced,5,0.868030303030303,1.0,0.13396969696969696,,0.0,0.0,1.0
v1.0,v1.0,v1.0,S1_grid_cap,D0_weak,P_balanced,6,0.868030303030303,1.0,0.13396969696969696,,0.0,0.0,1.0
v1.0,v1.0,v1.0,S1_grid_cap,D0_weak,P_balanced,7,0.868030303030303,1.0,0.13396969696969696,,0.0,0.0,1.0
v1.0,v1.0,v1.0,S1_grid_cap,D0_weak,P_balanced,8,0.868030303030303,1.0,0.13396969696969696,,0.0,0.0,1.0
v1.0,v1.0,v1.0,S1_grid_cap,D0_weak,P_balanced,9,0.868030303030303,1.0,0.13196969696969696,,0.0,0.0,0.0
v1.0,v1.0,v1.0,S1_grid_cap,D0_weak,P_balanced,10,0.868030303030303,1.0,0.13396969696969696,,0.0,0.0,1.0
v1.0,v1.0,v1.0,S1_grid_cap,D0_weak,P_balanced,11,0.868030303030303,1.0,0.13396969696969696,,0.0,0.0,1.0
v1.0,v1.0,v1.0,S1_grid_cap,D0_weak,P_balanced,12,0.868030303030303,1.0,0.13396969696969696,,0.0,0.0,1.0
v1.0,v1.0,v1.0,S1_grid_cap,D0_weak,P_balanced,13,0.868030303030303,1.0,0.13396969696969696,,0.0,0.0,1.0
v1.0,v1.0,v1.0,S1_grid_cap,D0_weak,P_balanced,14,0.868030303030303,1.0,0.13196969696969696,,0.0,0.0,0.0
v1.0,v1.0,v1.0,S1_grid_cap,D0_weak,P_balanced,15,0.868030303030303,1.0,0.13596969696969696,,0.0,0.0,2.0
v1.0,v1.0,v1.0,S1_grid_cap,D0_weak,P_balanced,16,0.868030303030303,1.0,0.13196969696969696,,0.0,0.0,0.0
v1.0,v1.0,v1.0,S1_grid_cap,D0_weak,P_balanced,17,0.868030303030303,1.0,0.13596969696969696,,0.0,0.0,2.0
v1.0,v1.0,v1.0,S1_grid_cap,D0_weak,P_balanced,18,0.868030303030303,1.0,0.13196969696969696,,0.0,0.0,0.0
v1.0,v1.0,v1.0,S1_grid_cap,D0_weak,P_balanced,19,0.868030303030303,1.0,0.13596969696969696,,0.0,0.0,2.0
v1.0,v1.0,v1.0,S1_grid_cap,D0_weak,P_balanced,20,0.868030303030303,1.0,0.13396969696969696,,0.0,0.0,1.0
v1.0,v1.0,v1.0,S1_grid_cap,D0_weak,P_balanced,21,0.868030303030303,1.0,0.13796969696969696,,0.0,0.0,3.0
v1.0,v1.0,v1.0,S1_grid_cap,D0_weak,P_balanced,22,0.868030303030303,1.0,0.13196969696969696,,0.0,0.0,0.0
v1.0,v1.0,v1.0,S1_grid_cap,D0_weak,P_balanced,23,0.868030303030303,1.0,0.13396969696969696,,0.0,0.0,1.0
v1.0,v1.0,v1.0,S1_grid_cap,D0_weak,P_balanced,24,0.868030303030303,1.0,0.13596969696969696,,0.0,0.0,2.0
v1.0,v1.0,v1.0,S1_grid_cap,D0_weak,P_balanced,25,0.868030303030303,1.0,0.13396969696969696,,0.0,0.0,1.0
v1.0,v1.0,v1.0,S1_grid_cap,D0_weak,P_balanced,26,0.868030303030303,1.0,0.13196969696969696,,0.0,0.0,0.0
v1.0,v1.0,v1.0,S1_grid_cap,D0_weak,P_balanced,27,0.868030303030303,1.0,0.13196969696969696,,0.0,0.0,0.0
v1.0,v1.0,v1.0,S1_grid_cap,D0_weak,P_balanced,28,0.868030303030303,1.0,0.13196969696969696,,0.0,0.0,0.0
v1.0,v1.0,v1.0,S1_grid_cap,D0_weak,P_balanced,29,0.868030303030303,1.0,0.13596969696969696,,0.0,0.0,2.0
v1.0,v1.0,v1.0,S1_grid_cap,D0_weak,P_balanced,30,0.868030303030303,1.0,0.13196969696969696,,0.0,0.0,0.0
v1.0,v1.0,v1.0,S1_grid_cap,D0_weak,P_balanced,31,0.868030303030303,1.0,0.13596969696969696,,0.0,0.0,2.0
v1.0,v1.0,v1.0,S1_grid_cap,D0_weak,P_balanced,32,0.868030303030303,1.0,0.13396969696969696,,0.0,0.0,1.0
v1.0,v1.0,v1.0,S1_grid_cap,D0_weak,P_balanced,33,0.868030303030303,1.0,0.13596969696969696,,0.0,0.0,2.0
v1.0,v1.0,v1.0,S1_grid_cap,D0_weak,P_balanced,34,0.868030303030303,1.0,0.13396969696969696,,0.0,0.0,1.0
v1.0,v1.0,v1.0,S1_grid_cap,D0_weak,P_balanced,35,0.868030303030303,1.0,0.13396969696969696,,0.0,0.0,1.0
v1.0,v1.0,v1.0,S1_grid_cap,D0_weak,P_balanced,36,0.868030303030303,1.0,0.13396969696969696,,0.0,0.0,1.0
v1.0,v1.0,v1.0,S1_grid_cap,D0_weak,P_balanced,37,0.868030303030303,1.0,0.13596969696969696,,0.0,0.0,2.0
v1.0,v1.0,v1.0,S1_grid_cap,D0_weak,P_balanced,38,0.868030303030303,1.0,0.13396969696969696,,0.0,0.0,1.0
v1.0,v1.0,v1.0,S1_grid_cap,D0_weak,P_balanced,39,0.868030303030303,1.0,0.13196969696969696,,0.0,0.0,0.0
v1.0,v1.0,v1.0,S1_grid_cap,D0_weak,P_no_containment,0,0.868030303030303,1.0,0.13796969696969696,,0.0,0.0,3.0
v1.0,v1.0,v1.0,S1_grid_cap,D0_weak,P_no_containment,1,0.868030303030303,1.0,0.13396969696969696,,0.0,0.0,1.0
v1.0,v1.0,v1.0,S1_grid_cap,D0_weak,P_no_containment,2,0.868030303030303,1.0,0.13196969696969696,,0.0,0.0,0.0
v1.0,v1.0,v1.0,S1_grid_cap,D0_weak,P_no_containment,3,0.868030303030303,1.0,0.13196969696969696,,0.0,0.0,0.0
v1.0,v1.0,v1.0,S1_grid_cap,D0_weak,P_no_containment,4,0.868030303030303,1.0,0.13396969696969696,,0.0,0.0,1.0
v1.0,v1.0,v1.0,S1_grid_cap,D0_weak,P_no_containment,5,0.868030303030303,1.0,0.13396969696969696,,0.0,0.0,1.0
v1.0,v1.0,v1.0,S1_grid_cap,D0_weak,P_no_containment,6,0.868030303030303,1.0,0.13396969696969696,,0.0,0.0,1.0
v1.0,v1.0,v1.0,S1_grid_cap,D0_weak,P_no_containment,7,0.868030303030303,1.0,0.13396969696969696,,0.0,0.0,1.0
v1.0,v1.0,v1.0,S1_grid_cap,D0_weak,P_no_containment,8,0.868030303030303,1.0,0.13396969696969696,,0.0,0.0,1.0
v1.0,v1.0,v1.0,S1_grid_cap,D0_weak,P_no_containment,9,0.868030303030303,1.0,0.13196969696969696,,0.0,0.0,0.0
v1.0,v1.0,v1.0,S1_grid_cap,D0_weak,P_no_containment,10,0.868030303030303,1.0,0.13396969696969696,,0.0,0.0,1.0
v1.0,v1.0,v1.0,S1_grid_cap,D0_weak,P_no_containment,11,0.868030303030303,1.0,0.13396969696969696,,0.0,0.0,1.0
v1.0,v1.0,v1.0,S1_grid_cap,D0_weak,P_no_containment,12,0.868030303030303,1.0,0.13396969696969696,,0.0,0.0,1.0
v1.0,v1.0,v1.0,S1_grid_cap,D0_weak,P_no_containment,13,0.868030303030303,1.0,0.13396969696969696,,0.0,0.0,1.0
v1.0,v1.0,v1.0,S1_grid_cap,D0_weak,P_no_containment,14,0.868030303030303,1.0,0.13196969696969696,,0.0,0.0,0.0
v1.0,v1.0,v1.0,S1_grid_cap,D0_weak,P_no_containment,15,0.868030303030303,1.0,0.13596969696969696,,0.0,0.0,2.0
v1.0,v1.0,v1.0,S1_grid_cap,D0_weak,P_no_containment,16,0.868030303030303,1.0,0.13196969696969696,,0.0,0.0,0.0
v1.0,v1.0,v1.0,S1_grid_cap,D0_weak,P_no_containment,17,0.868030303030303,1.0,0.13596969696969696,,0.0,0.0,2.0
v1.0,v1.0,v1.0,S1_grid_cap,D0_weak,P_no_containment,18,0.868030303030303,1.0,0.13196969696969696,,0.0,0.0,0.0
v1.0,v1.0,v1.0,S1_grid_cap,D0_weak,P_no_containment,19,0.868030303030303,1.0,0.13596969696969696,,0.0,0.0,2.0
v1.0,v1.0,v1.0,S1_grid_cap,D0_weak,P_no_containment,20,0.868030303030303,1.0,0.13396969696969696,,0.0,0.0,1.0
v1.0,v1.0,v1.0,S1_grid_cap,D0_weak,P_no_containment,21,0.868030303030303,1.0,0.13796969696969696,,0.0,0.0,3.0
v1.0,v1.0,v1.0,S1_grid_cap,D0_weak,P_no_containment,22,0.868030303030303,1.0,0.13196969696969696,,0.0,0.0,0.0
v1.0,v1.0,v1.0,S1_grid_cap,D0_weak,P_no_containment,23,0.868030303030303,1.0,0.13396969696969696,,0.0,0.0,1.0
v1.0,v1.0,v1.0,S1_grid_cap,D0_weak,P_no_containment,24,0.868030303030303,1.0,0.13596969696969696,,0.0,0.0,2.0
v1.0,v1.0,v1.0,S1_grid_cap,D0_weak,P_no_containment,25,0.868030303030303,1.0,0.13396969696969696,,0.0,0.0,1.0
v1.0,v1.0,v1.0,S1_grid_cap,D0_weak,P_no_containment,26,0.868030303030303,1.0,0.13196969696969696,,0.0,0.0,0.0
v1.0,v1.0,v1.0,S1_grid_cap,D0_weak,P_no_containment,27,0.868030303030303,1.0,0.13196969696969696,,0.0,0.0,0.0
v1.0,v1.0,v1.0,S1_grid_cap,D0_weak,P_no_containment,28,0.868030303030303,1.0,0.13196969696969696,,0.0,0.0,0.0
v1.0,v1.0,v1.0,S1_grid_cap,D0_weak,P_no_containment,29,0.868030303030303,1.0,0.13596969696969696,,0.0,0.0,2.0
v1.0,v1.0,v1.0,S1_grid_cap,D0_weak,P_no_containment,30,0.868030303030303,1.0,0.13196969696969696,,0.0,0.0,0.0
v1.0,v1.0,v1.0,S1_grid_cap,D0_weak,P_no_containment,31,0.868030303030303,1.0,0.13596969696969696,,0.0,0.0,2.0
v1.0,v1.0,v1.0,S1_grid_cap,D0_weak,P_no_containment,32,0.868030303030303,1.0,0.13396969696969696,,0.0,0.0,1.0
v1.0,v1.0,v1.0,S1_grid_cap,D0_weak,P_no_containment,33,0.868030303030303,1.0,0.13596969696969696,,0.0,0.0,2.0
v1.0,v1.0,v1.0,S1_grid_cap,D0_weak,P_no_containment,34,0.868030303030303,1.0,0.13396969696969696,,0.0,0.0,1.0
v1.0,v1.0,v1.0,S1_grid_cap,D0_weak,P_no_containment,35,0.868030303030303,1.0,0.13396969696969696,,0.0,0.0,1.0
v1.0,v1.0,v1.0,S1_grid_cap,D0_weak,P_no_containment,36,0.868030303030303,1.0,0.13396969696969696,,0.0,0.0,1.0
v1.0,v1.0,v1.0,S1_grid_cap,D0_weak,P_no_containment,37,0.868030303030303,1.0,0.13596969696969696,,0.0,0.0,2.0
v1.0,v1.0,v1.0,S1_grid_cap,D0_weak,P_no_containment,38,0.868030303030303,1.0,0.13396969696969696,,0.0,0.0,1.0
v1.0,v1.0,v1.0,S1_grid_cap,D0_weak,P_no_containment,39,0.868030303030303,1.0,0.13196969696969696,,0.0,0.0,0.0
v1.0,v1.0,v1.0,S1_grid_cap,D0_weak,P_aggressive,0,0.8390340909090908,1.0,0.17752146464646482,,0.10555555555555556,0.0,3.0
v1.0,v1.0,v1.0,S1_grid_cap,D0_weak,P_aggressive,1,0.8559627525252527,1.0,0.1513150252525251,,0.05277777777777778,0.0,1.0
v1.0,v1.0,v1.0,S1_grid_cap,D0_weak,P_aggressive,2,0.868030303030303,1.0,0.13196969696969696,,0.0,0.0,0.0
v1.0,v1.0,v1.0,S1_grid_cap,D0_weak,P_aggressive,3,0.868030303030303,1.0,0.13196969696969696,,0.0,0.0,0.0
v1.0,v1.0,v1.0,S1_grid_cap,D0_weak,P_aggressive,4,0.8511316287878787,1.0,0.15614614898989904,,0.05277777777777778,0.0,1.0
v1.0,v1.0,v1.0,S1_grid_cap,D0_weak,P_aggressive,5,0.8559627525252527,1.0,0.1513150252525251,,0.05277777777777778,0.0,1.0
v1.0,v1.0,v1.0,S1_grid_cap,D0_weak,P_aggressive,6,0.8559627525252527,1.0,0.1513150252525251,,0.05277777777777778,0.0,1.0
v1.0,v1.0,v1.0,S1_grid_cap,D0_weak,P_aggressive,7,0.8600028409090908,0.9999295194892474,0.1473595134815901,,0.05277777777777778,0.0,1.0
v1.0,v1.0,v1.0,S1_grid_cap,D0_weak,P_aggressive,8,0.858732638888889,1.0,0.14604513888888881,,0.027777777777777776,0.0,1.0
v1.0,v1.0,v1.0,S1_grid_cap,D0_weak,P_aggressive,9,0.868030303030303,1.0,0.13196969696969696,,0.0,0.0,0.0
v1.0,v1.0,v1.0,S1_grid_cap,D0_weak,P_aggressive,10,0.8559627525252527,1.0,0.1513150252525251,,0.05277777777777778,0.0,1.0
v1.0,v1.0,v1.0,S1_grid_cap,D0_weak,P_aggressive,11,0.8601322601010101,0.9999295194892474,0.14723009428967088,,0.05277777777777778,0.0,1.0
v1.0,v1.0,v1.0,S1_grid_cap,D0_weak,P_aggressive,12,0.8601322601010101,0.9999295194892474,0.14723009428967088,,0.05277777777777778,0.0,1.0
v1.0,v1.0,v1.0,S1_grid_cap,D0_weak,P_aggressive,13,0.8511016414141414,1.0,0.15617613636363642,,0.05277777777777778,0.0,1.0
v1.0,v1.0,v1.0,S1_grid_cap,D0_weak,P_aggressive,14,0.868030303030303,1.0,0.13196969696969696,,0.0,0.0,0.0
v1.0,v1.0,v1.0,S1_grid_cap,D0_weak,P_aggressive,15,0.8559627525252527,1.0,0.1533150252525251,,0.05277777777777778,0.0,2.0
v1.0,v1.0,v1.0,S1_grid_cap,D0_weak,P_aggressive,16,0.868030303030303,1.0,0.13196969696969696,,0.0,0.0,0.0
v1.0,v1.0,v1.0,S1_grid_cap,D0_weak,P_aggressive,17,0.8341729797979798,1.0,0.1803825757575758,,0.10555555555555556,0.0,2.0
v1.0,v1.0,v1.0,S1_grid_cap,D0_weak,P_aggressive,18,0.868030303030303,1.0,0.13196969696969696,,0.0,0.0,0.0
v1.0,v1.0,v1.0,S1_grid_cap,D0_weak,P_aggressive,19,0.8498071338383839,0.9999295194892474,0.16483299833007484,,0.10555555555555556,0.0,2.0
v1.0,v1.0,v1.0,S1_grid_cap,D0_weak,P_aggressive,20,0.8559627525252527,1.0,0.1513150252525251,,0.05277777777777778,0.0,1.0
v1.0,v1.0,v1.0,S1_grid_cap,D0_weak,P_aggressive,21,0.8318276515151515,1.0,0.19000568181818187,,0.15833333333333333,0.0,3.0
v1.0,v1.0,v1.0,S1_grid_cap,D0_weak,P_aggressive,22,0.868030303030303,1.0,0.13196969696969696,,0.0,0.0,0.0
v1.0,v1.0,v1.0,S1_grid_cap,D0_weak,P_aggressive,23,0.8511016414141414,1.0,0.15617613636363642,,0.05277777777777778,0.0,1.0
v1.0,v1.0,v1.0,S1_grid_cap,D0_weak,P_aggressive,24,0.8438952020202019,1.0,0.17066035353535372,,0.10555555555555556,0.0,2.0
v1.0,v1.0,v1.0,S1_grid_cap,D0_weak,P_aggressive,25,0.8559627525252527,1.0,0.1513150252525251,,0.05277777777777778,0.0,1.0
v1.0,v1.0,v1.0,S1_grid_cap,D0_weak,P_aggressive,26,0.868030303030303,1.0,0.13196969696969696,,0.0,0.0,0.0
v1.0,v1.0,v1.0,S1_grid_cap,D0_weak,P_aggressive,27,0.868030303030303,1.0,0.13196969696969696,,0.0,0.0,0.0
v1.0,v1.0,v1.0,S1_grid_cap,D0_weak,P_aggressive,28,0.868030303030303,1.0,0.13196969696969696,,0.0,0.0,0.0
v1.0,v1.0,v1.0,S1_grid_cap,D0_weak,P_aggressive,29,0.8559627525252527,1.0,0.1533150252525251,,0.05277777777777778,0.0,2.0
v1.0,v1.0,v1.0,S1_grid_cap,D0_weak,P_aggressive,30,0.868030303030303,1.0,0.13196969696969696,,0.0,0.0,0.0
v1.0,v1.0,v1.0,S1_grid_cap,D0_weak,P_aggressive,31,0.8438952020202021,1.0,0.1706603535353535,,0.10555555555555556,0.0,2.0
v1.0,v1.0,v1.0,S1_grid_cap,D0_weak,P_aggressive,32,0.8559627525252524,1.0,0.15131502525252533,,0.05277777777777778,0.0,1.0
v1.0,v1.0,v1.0,S1_grid_cap,D0_weak,P_aggressive,33,0.8438952020202021,1.0,0.1706603535353535,,0.10555555555555556,0.0,2.0
v1.0,v1.0,v1.0,S1_grid_cap,D0_weak,P_aggressive,34,0.8559627525252527,1.0,0.1513150252525251,,0.05277777777777778,0.0,1.0
v1.0,v1.0,v1.0,S1_grid_cap,D0_weak,P_aggressive,35,0.8559627525252527,1.0,0.1513150252525251,,0.05277777777777778,0.0,1.0
v1.0,v1.0,v1.0,S1_grid_cap,D0_weak,P_aggressive,36,0.8559627525252527,1.0,0.1513150252525251,,0.05277777777777778,0.0,1.0
v1.0,v1.0,v1.0,S1_grid_cap,D0_weak,P_aggressive,37,0.8577739898989899,0.9999295194892474,0.15158836449169105,,0.05277777777777778,0.0,2.0
v1.0,v1.0,v1.0,S1_grid_cap,D0_weak,P_aggressive,38,0.857365845959596,1.0,0.1467869318181818,,0.021527777777777778,0.0,1.0
v1.0,v1.0,v1.0,S1_grid_cap,D0_weak,P_aggressive,39,0.868030303030303,1.0,0.13196969696969696,,0.0,0.0,0.0
v1.0,v1.0,v1.0,S1_grid_cap,D0_weak,P_conservative,0,0.868030303030303,1.0,0.13796969696969696,,0.0,0.0,3.0
v1.0,v1.0,v1.0,S1_grid_cap,D0_weak,P_conservative,1,0.868030303030303,1.0,0.13396969696969696,,0.0,0.0,1.0
v1.0,v1.0,v1.0,S1_grid_cap,D0_weak,P_conservative,2,0.868030303030303,1.0,0.13196969696969696,,0.0,0.0,0.0
v1.0,v1.0,v1.0,S1_grid_cap,D0_weak,P_conservative,3,0.868030303030303,1.0,0.13196969696969696,,0.0,0.0,0.0
v1.0,v1.0,v1.0,S1_grid_cap,D0_weak,P_conservative,4,0.868030303030303,1.0,0.13396969696969696,,0.0,0.0,1.0
v1.0,v1.0,v1.0,S1_grid_cap,D0_weak,P_conservative,5,0.868030303030303,1.0,0.13396969696969696,,0.0,0.0,1.0
v1.0,v1.0,v1.0,S1_grid_cap,D0_weak,P_conservative,6,0.868030303030303,1.0,0.13396969696969696,,0.0,0.0,1.0
v1.0,v1.0,v1.0,S1_grid_cap,D0_weak,P_conservative,7,0.868030303030303,1.0,0.13396969696969696,,0.0,0.0,1.0
v1.0,v1.0,v1.0,S1_grid_cap,D0_weak,P_conservative,8,0.868030303030303,1.0,0.13396969696969696,,0.0,0.0,1.0
v1.0,v1.0,v1.0,S1_grid_cap,D0_weak,P_conservative,9,0.868030303030303,1.0,0.13196969696969696,,0.0,0.0,0.0
v1.0,v1.0,v1.0,S1_grid_cap,D0_weak,P_conservative,10,0.868030303030303,1.0,0.13396969696969696,,0.0,0.0,1.0
v1.0,v1.0,v1.0,S1_grid_cap,D0_weak,P_conservative,11,0.868030303030303,1.0,0.13396969696969696,,0.0,0.0,1.0
v1.0,v1.0,v1.0,S1_grid_cap,D0_weak,P_conservative,12,0.868030303030303,1.0,0.13396969696969696,,0.0,0.0,1.0
v1.0,v1.0,v1.0,S1_grid_cap,D0_weak,P_conservative,13,0.868030303030303,1.0,0.13396969696969696,,0.0,0.0,1.0
v1.0,v1.0,v1.0,S1_grid_cap,D0_weak,P_conservative,14,0.868030303030303,1.0,0.13196969696969696,,0.0,0.0,0.0
v1.0,v1.0,v1.0,S1_grid_cap,D0_weak,P_conservative,15,0.868030303030303,1.0,0.13596969696969696,,0.0,0.0,2.0
v1.0,v1.0,v1.0,S1_grid_cap,D0_weak,P_conservative,16,0.868030303030303,1.0,0.13196969696969696,,0.0,0.0,0.0
v1.0,v1.0,v1.0,S1_grid_cap,D0_weak,P_conservative,17,0.868030303030303,1.0,0.13596969696969696,,0.0,0.0,2.0
v1.0,v1.0,v1.0,S1_grid_cap,D0_weak,P_conservative,18,0.868030303030303,1.0,0.13196969696969696,,0.0,0.0,0.0
v1.0,v1.0,v1.0,S1_grid_cap,D0_weak,P_conservative,19,0.868030303030303,1.0,0.13596969696969696,,0.0,0.0,2.0
v1.0,v1.0,v1.0,S1_grid_cap,D0_weak,P_conservative,20,0.868030303030303,1.0,0.13396969696969696,,0.0,0.0,1.0
v1.0,v1.0,v1.0,S1_grid_cap,D0_weak,P_conservative,21,0.868030303030303,1.0,0.13796969696969696,,0.0,0.0,3.0
v1.0,v1.0,v1.0,S1_grid_cap,D0_weak,P_conservative,22,0.868030303030303,1.0,0.13196969696969696,,0.0,0.0,0.0
v1.0,v1.0,v1.0,S1_grid_cap,D0_weak,P_conservative,23,0.868030303030303,1.0,0.13396969696969696,,0.0,0.0,1.0
v1.0,v1.0,v1.0,S1_grid_cap,D0_weak,P_conservative,24,0.868030303030303,1.0,0.13596969696969696,,0.0,0.0,2.0
v1.0,v1.0,v1.0,S1_grid_cap,D0_weak,P_conservative,25,0.868030303030303,1.0,0.13396969696969696,,0.0,0.0,1.0
v1.0,v1.0,v1.0,S1_grid_cap,D0_weak,P_conservative,26,0.868030303030303,1.0,0.13196969696969696,,0.0,0.0,0.0
v1.0,v1.0,v1.0,S1_grid_cap,D0_weak,P_conservative,27,0.868030303030303,1.0,0.13196969696969696,,0.0,0.0,0.0
v1.0,v1.0,v1.0,S1_grid_cap,D0_weak,P_conservative,28,0.868030303030303,1.0,0.13196969696969696,,0.0,0.0,0.0
v1.0,v1.0,v1.0,S1_grid_cap,D0_weak,P_conservative,29,0.868030303030303,1.0,0.13596969696969696,,0.0,0.0,2.0
v1.0,v1.0,v1.0,S1_grid_cap,D0_weak,P_conservative,30,0.868030303030303,1.0,0.13196969696969696,,0.0,0.0,0.0
v1.0,v1.0,v1.0,S1_grid_cap,D0_weak,P_conservative,31,0.868030303030303,1.0,0.13596969696969696,,0.0,0.0,2.0
v1.0,v1.0,v1.0,S1_grid_cap,D0_weak,P_conservative,32,0.868030303030303,1.0,0.13396969696969696,,0.0,0.0,1.0
v1.0,v1.0,v1.0,S1_grid_cap,D0_weak,P_conservative,33,0.868030303030303,1.0,0.13596969696969696,,0.0,0.0,2.0
v1.0,v1.0,v1.0,S1_grid_cap,D0_weak,P_conservative,34,0.868030303030303,1.0,0.13396969696969696,,0.0,0.0,1.0
v1.0,v1.0,v1.0,S1_grid_cap,D0_weak,P_conservative,35,0.868030303030303,1.0,0.13396969696969696,,0.0,0.0,1.0
v1.0,v1.0,v1.0,S1_grid_cap,D0_weak,P_conservative,36,0.868030303030303,1.0,0.13396969696969696,,0.0,0.0,1.0
v1.0,v1.0,v1.0,S1_grid_cap,D0_weak,P_conservative,37,0.868030303030303,1.0,0.13596969696969696,,0.0,0.0,2.0
v1.0,v1.0,v1.0,S1_grid_cap,D0_weak,P_conservative,38,0.868030303030303,1.0,0.13396969696969696,,0.0,0.0,1.0
v1.0,v1.0,v1.0,S1_grid_cap,D0_weak,P_conservative,39,0.868030303030303,1.0,0.13196969696969696,,0.0,0.0,0.0
v1.0,v1.0,v1.0,S1_grid_cap,D1_improved,P_alpha0.15,0,0.8624242424242423,1.0,0.1435757575757577,,0.0,0.0,3.0
v1.0,v1.0,v1.0,S1_grid_cap,D1_improved,P_alpha0.15,1,0.8624242424242423,1.0,0.1395757575757577,,0.0,0.0,1.0
v1.0,v1.0,v1.0,S1_grid_cap,D1_improved,P_alpha0.15,2,0.8624242424242423,1.0,0.13757575757575768,,0.0,0.0,0.0
v1.0,v1.0,v1.0,S1_grid_cap,D1_improved,P_alpha0.15,3,0.8624242424242423,1.0,0.13757575757575768,,0.0,0.0,0.0
v1.0,v1.0,v1.0,S1_grid_cap,D1_improved,P_alpha0.15,4,0.8624242424242423,1.0,0.13757575757575768,,0.0,0.0,0.0
v1.0,v1.0,v1.0,S1_grid_cap,D1_improved,P_alpha0.15,5,0.8624242424242423,1.0,0.1395757575757577,,0.0,0.0,1.0
v1.0,v1.0,v1.0,S1_grid_cap,D1_improved,P_alpha0.15,6,0.8624242424242423,1.0,0.13757575757575768,,0.0,0.0,0.0
v1.0,v1.0,v1.0,S1_grid_cap,D1_improved,P_alpha0.15,7,0.8624242424242423,1.0,0.13757575757575768,,0.0,0.0,0.0
v1.0,v1.0,v1.0,S1_grid_cap,D1_improved,P_alpha0.15,8,0.8624242424242423,1.0,0.1395757575757577,,0.0,0.0,1.0
v1.0,v1.0,v1.0,S1_grid_cap,D1_improved,P_alpha0.15,9,0.8624242424242423,1.0,0.13757575757575768,,0.0,0.0,0.0
v1.0,v1.0,v1.0,S1_grid_cap,D1_improved,P_alpha0.15,10,0.8624242424242423,1.0,0.13757575757575768,,0.0,0.0,0.0
v1.0,v1.0,v1.0,S1_grid_cap,D1_improved,P_alpha0.15,11,0.8624242424242423,1.0,0.13757575757575768,,0.0,0.0,0.0
v1.0,v1.0,v1.0,S1_grid_cap,D1_improved,P_alpha0.15,12,0.8624242424242423,1.0,0.1395757575757577,,0.0,0.0,1.0
v1.0,v1.0,v1.0,S1_grid_cap,D1_improved,P_alpha0.15,13,0.8624242424242423,1.0,0.13757575757575768,,0.0,0.0,0.0
v1.0,v1.0,v1.0,S1_grid_cap,D1_improved,P_alpha0.15,14,0.8624242424242423,1.0,0.13757575757575768,,0.0,0.0,0.0
v1.0,v1.0,v1.0,S1_grid_cap,D1_improved,P_alpha0.15,15,0.8624242424242423,1.0,0.13757575757575768,,0.0,0.0,0.0
v1.0,v1.0,v1.0,S1_grid_cap,D1_improved,P_alpha0.15,16,0.8624242424242423,1.0,0.13757575757575768,,0.0,0.0,0.0
v1.0,v1.0,v1.0,S1_grid_cap,D1_improved,P_alpha0.15,17,0.8624242424242423,1.0,0.1395757575757577,,0.0,0.0,1.0
v1.0,v1.0,v1.0,S1_grid_cap,D1_improved,P_alpha0.15,18,0.8624242424242423,1.0,0.13757575757575768,,0.0,0.0,0.0
v1.0,v1.0,v1.0,S1_grid_cap,D1_improved,P_alpha0.15,19,0.8624242424242423,1.0,0.1415757575757577,,0.0,0.0,2.0
v1.0,v1.0,v1.0,S1_grid_cap,D1_improved,P_alpha0.15,20,0.8624242424242423,1.0,0.13757575757575768,,0.0,0.0,0.0
v1.0,v1.0,v1.0,S1_grid_cap,D1_improved,P_alpha0.15,21,0.8624242424242423,1.0,0.1415757575757577,,0.0,0.0,2.0
v1.0,v1.0,v1.0,S1_grid_cap,D1_improved,P_alpha0.15,22,0.8624242424242423,1.0,0.13757575757575768,,0.0,0.0,0.0
v1.0,v1.0,v1.0,S1_grid_cap,D1_improved,P_alpha0.15,23,0.8624242424242423,1.0,0.1395757575757577,,0.0,0.0,1.0
v1.0,v1.0,v1.0,S1_grid_cap,D1_improved,P_alpha0.15,24,0.8624242424242423,1.0,0.1395757575757577,,0.0,0.0,1.0
v1.0,v1.0,v1.0,S1_grid_cap,D1_improved,P_alpha0.15,25,0.8624242424242423,1.0,0.1395757575757577,,0.0,0.0,1.0
v1.0,v1.0,v1.0,S1_grid_cap,D1_improved,P_alpha0.15,26,0.8624242424242423,1.0,0.13757575757575768,,0.0,0.0,0.0
v1.0,v1.0,v1.0,S1_grid_cap,D1_improved,P_alpha0.15,27,0.8624242424242423,1.0,0.13757575757575768,,0.0,0.0,0.0
v1.0,v1.0,v1.0,S1_grid_cap,D1_improved,P_alpha0.15,28,0.8624242424242423,1.0,0.13757575757575768,,0.0,0.0,0.0
v1.0,v1.0,v1.0,S1_grid_cap,D1_improved,P_alpha0.15,29,0.8624242424242423,1.0,0.1395757575757577,,0.0,0.0,1.0
v1.0,v1.0,v1.0,S1_grid_cap,D1_improved,P_alpha0.15,30,0.8624242424242423,1.0,0.13757575757575768,,0.0,0.0,0.0
v1.0,v1.0,v1.0,S1_grid_cap,D1_improved,P_alpha0.15,31,0.8624242424242423,1.0,0.1395757575757577,,0.0,0.0,1.0
v1.0,v1.0,v1.0,S1_grid_cap,D1_improved,P_alpha0.15,32,0.8624242424242423,1.0,0.1395757575757577,,0.0,0.0,1.0
v1.0,v1.0,v1.0,S1_grid_cap,D1_improved,P_alpha0.15,33,0.8624242424242423,1.0,0.1395757575757577,,0.0,0.0,1.0
v1.0,v1.0,v1.0,S1_grid_cap,D1_improved,P_alpha0.15,34,0.8624242424242423,1.0,0.13757575757575768,,0.0,0.0,0.0
v1.0,v1.0,v1.0,S1_grid_cap,D1_improved,P_alpha0.15,35,0.8624242424242423,1.0,0.1395757575757577,,0.0,0.0,1.0
v1.0,v1.0,v1.0,S1_grid_cap,D1_improved,P_alpha0.15,36,0.8624242424242423,1.0,0.1395757575757577,,0.0,0.0,1.0
v1.0,v1.0,v1.0,S1_grid_cap,D1_improved,P_alpha0.15,37,0.8624242424242423,1.0,0.1395757575757577,,0.0,0.0,1.0
v1.0,v1.0,v1.0,S1_grid_cap,D1_improved,P_alpha0.15,38,0.8624242424242423,1.0,0.13757575757575768,,0.0,0.0,0.0
v1.0,v1.0,v1.0,S1_grid_cap,D1_improved,P_alpha0.15,39,0.8624242424242423,1.0,0.13757575757575768,,0.0,0.0,0.0
v1.0,v1.0,v1.0,S1_grid_cap,D1_improved,P_alpha0.30,0,0.8624242424242423,1.0,0.1435757575757577,,0.0,0.0,3.0
v1.0,v1.0,v1.0,S1_grid_cap,D1_improved,P_alpha0.30,1,0.8624242424242423,1.0,0.1395757575757577,,0.0,0.0,1.0
v1.0,v1.0,v1.0,S1_grid_cap,D1_improved,P_alpha0.30,2,0.8624242424242423,1.0,0.13757575757575768,,0.0,0.0,0.0
v1.0,v1.0,v1.0,S1_grid_cap,D1_improved,P_alpha0.30,3,0.8624242424242423,1.0,0.13757575757575768,,0.0,0.0,0.0
v1.0,v1.0,v1.0,S1_grid_cap,D1_improved,P_alpha0.30,4,0.8624242424242423,1.0,0.13757575757575768,,0.0,0.0,0.0
v1.0,v1.0,v1.0,S1_grid_cap,D1_improved,P_alpha0.30,5,0.8624242424242423,1.0,0.1395757575757577,,0.0,0.0,1.0
v1.0,v1.0,v1.0,S1_grid_cap,D1_improved,P_alpha0.30,6,0.8624242424242423,1.0,0.13757575757575768,,0.0,0.0,0.0
v1.0,v1.0,v1.0,S1_grid_cap,D1_improved,P_alpha0.30,7,0.8624242424242423,1.0,0.13757575757575768,,0.0,0.0,0.0
v1.0,v1.0,v1.0,S1_grid_cap,D1_improved,P_alpha0.30,8,0.8624242424242423,1.0,0.1395757575757577,,0.0,0.0,1.0
v1.0,v1.0,v1.0,S1_grid_cap,D1_improved,P_alpha0.30,9,0.8624242424242423,1.0,0.13757575757575768,,0.0,0.0,0.0
v1.0,v1.0,v1.0,S1_grid_cap,D1_improved,P_alpha0.30,10,0.8624242424242423,1.0,0.13757575757575768,,0.0,0.0,0.0
v1.0,v1.0,v1.0,S1_grid_cap,D1_improved,P_alpha0.30,11,0.8624242424242423,1.0,0.13757575757575768,,0.0,0.0,0.0
v1.0,v1.0,v1.0,S1_grid_cap,D1_improved,P_alpha0.30,12,0.8624242424242423,1.0,0.1395757575757577,,0.0,0.0,1.0
v1.0,v1.0,v1.0,S1_grid_cap,D1_improved,P_alpha0.30,13,0.8624242424242423,1.0,0.13757575757575768,,0.0,0.0,0.0
v1.0,v1.0,v1.0,S1_grid_cap,D1_improved,P_alpha0.30,14,0.8624242424242423,1.0,0.13757575757575768,,0.0,0.0,0.0
v1.0,v1.0,v1.0,S1_grid_cap,D1_improved,P_alpha0.30,15,0.8624242424242423,1.0,0.13757575757575768,,0.0,0.0,0.0
v1.0,v1.0,v1.0,S1_grid_cap,D1_improved,P_alpha0.30,16,0.8624242424242423,1.0,0.13757575757575768,,0.0,0.0,0.0
v1.0,v1.0,v1.0,S1_grid_cap,D1_improved,P_alpha0.30,17,0.8624242424242423,1.0,0.1395757575757577,,0.0,0.0,1.0
v1.0,v1.0,v1.0,S1_grid_cap,D1_improved,P_alpha0.30,18,0.8624242424242423,1.0,0.13757575757575768,,0.0,0.0,0.0
v1.0,v1.0,v1.0,S1_grid_cap,D1_improved,P_alpha0.30,19,0.8624242424242423,1.0,0.1415757575757577,,0.0,0.0,2.0
v1.0,v1.0,v1.0,S1_grid_cap,D1_improved,P_alpha0.30,20,0.8624242424242423,1.0,0.13757575757575768,,0.0,0.0,0.0
v1.0,v1.0,v1.0,S1_grid_cap,D1_improved,P_alpha0.30,21,0.8624242424242423,1.0,0.1415757575757577,,0.0,0.0,2.0
v1.0,v1.0,v1.0,S1_grid_cap,D1_improved,P_alpha0.30,22,0.8624242424242423,1.0,0.13757575757575768,,0.0,0.0,0.0
v1.0,v1.0,v1.0,S1_grid_cap,D1_improved,P_alpha0.30,23,0.8624242424242423,1.0,0.1395757575757577,,0.0,0.0,1.0
v1.0,v1.0,v1.0,S1_grid_cap,D1_improved,P_alpha0.30,24,0.8624242424242423,1.0,0.1395757575757577,,0.0,0.0,1.0
v1.0,v1.0,v1.0,S1_grid_cap,D1_improved,P_alpha0.30,25,0.8624242424242423,1.0,0.1395757575757577,,0.0,0.0,1.0
v1.0,v1.0,v1.0,S1_grid_cap,D1_improved,P_alpha0.30,26,0.8624242424242423,1.0,0.13757575757575768,,0.0,0.0,0.0
v1.0,v1.0,v1.0,S1_grid_cap,D1_improved,P_alpha0.30,27,0.8624242424242423,1.0,0.13757575757575768,,0.0,0.0,0.0
v1.0,v1.0,v1.0,S1_grid_cap,D1_improved,P_alpha0.30,28,0.8624242424242423,1.0,0.13757575757575768,,0.0,0.0,0.0
v1.0,v1.0,v1.0,S1_grid_cap,D1_improved,P_alpha0.30,29,0.8624242424242423,1.0,0.1395757575757577,,0.0,0.0,1.0
v1.0,v1.0,v1.0,S1_grid_cap,D1_improved,P_alpha0.30,30,0.8624242424242423,1.0,0.13757575757575768,,0.0,0.0,0.0
v1.0,v1.0,v1.0,S1_grid_cap,D1_improved,P_alpha0.30,31,0.8624242424242423,1.0,0.1395757575757577,,0.0,0.0,1.0
v1.0,v1.0,v1.0,S1_grid_cap,D1_improved,P_alpha0.30,32,0.8624242424242423,1.0,0.1395757575757577,,0.0,0.0,1.0
v1.0,v1.0,v1.0,S1_grid_cap,D1_improved,P_alpha0.30,33,0.8624242424242423,1.0,0.1395757575757577,,0.0,0.0,1.0
v1.0,v1.0,v1.0,S1_grid_cap,D1_improved,P_alpha0.30,34,0.8624242424242423,1.0,0.13757575757575768,,0.0,0.0,0.0
v1.0,v1.0,v1.0,S1_grid_cap,D1_improved,P_alpha0.30,35,0.8624242424242423,1.0,0.1395757575757577,,0.0,0.0,1.0
v1.0,v1.0,v1.0,S1_grid_cap,D1_improved,P_alpha0.30,36,0.8624242424242423,1.0,0.1395757575757577,,0.0,0.0,1.0
v1.0,v1.0,v1.0,S1_grid_cap,D1_improved,P_alpha0.30,37,0.8624242424242423,1.0,0.1395757575757577,,0.0,0.0,1.0
v1.0,v1.0,v1.0,S1_grid_cap,D1_improved,P_alpha0.30,38,0.8624242424242423,1.0,0.13757575757575768,,0.0,0.0,0.0
v1.0,v1.0,v1.0,S1_grid_cap,D1_improved,P_alpha0.30,39,0.8624242424242423,1.0,0.13757575757575768,,0.0,0.0,0.0
v1.0,v1.0,v1.0,S1_grid_cap,D1_improved,P_alpha0.45,0,0.8624242424242423,1.0,0.1435757575757577,,0.0,0.0,3.0
v1.0,v1.0,v1.0,S1_grid_cap,D1_improved,P_alpha0.45,1,0.8624242424242423,1.0,0.1395757575757577,,0.0,0.0,1.0
v1.0,v1.0,v1.0,S1_grid_cap,D1_improved,P_alpha0.45,2,0.8624242424242423,1.0,0.13757575757575768,,0.0,0.0,0.0
v1.0,v1.0,v1.0,S1_grid_cap,D1_improved,P_alpha0.45,3,0.8624242424242423,1.0,0.13757575757575768,,0.0,0.0,0.0
v1.0,v1.0,v1.0,S1_grid_cap,D1_improved,P_alpha0.45,4,0.8624242424242423,1.0,0.13757575757575768,,0.0,0.0,0.0
v1.0,v1.0,v1.0,S1_grid_cap,D1_improved,P_alpha0.45,5,0.8624242424242423,1.0,0.1395757575757577,,0.0,0.0,1.0
v1.0,v1.0,v1.0,S1_grid_cap,D1_improved,P_alpha0.45,6,0.8624242424242423,1.0,0.13757575757575768,,0.0,0.0,0.0
v1.0,v1.0,v1.0,S1_grid_cap,D1_improved,P_alpha0.45,7,0.8624242424242423,1.0,0.13757575757575768,,0.0,0.0,0.0
v1.0,v1.0,v1.0,S1_grid_cap,D1_improved,P_alpha0.45,8,0.8624242424242423,1.0,0.1395757575757577,,0.0,0.0,1.0
v1.0,v1.0,v1.0,S1_grid_cap,D1_improved,P_alpha0.45,9,0.8624242424242423,1.0,0.13757575757575768,,0.0,0.0,0.0
v1.0,v1.0,v1.0,S1_grid_cap,D1_improved,P_alpha0.45,10,0.8624242424242423,1.0,0.13757575757575768,,0.0,0.0,0.0
v1.0,v1.0,v1.0,S1_grid_cap,D1_improved,P_alpha0.45,11,0.8624242424242423,1.0,0.13757575757575768,,0.0,0.0,0.0
v1.0,v1.0,v1.0,S1_grid_cap,D1_improved,P_alpha0.45,12,0.8624242424242423,1.0,0.1395757575757577,,0.0,0.0,1.0
v1.0,v1.0,v1.0,S1_grid_cap,D1_improved,P_alpha0.45,13,0.8624242424242423,1.0,0.13757575757575768,,0.0,0.0,0.0
v1.0,v1.0,v1.0,S1_grid_cap,D1_improved,P_alpha0.45,14,0.8624242424242423,1.0,0.13757575757575768,,0.0,0.0,0.0
v1.0,v1.0,v1.0,S1_grid_cap,D1_improved,P_alpha0.45,15,0.8624242424242423,1.0,0.13757575757575768,,0.0,0.0,0.0
v1.0,v1.0,v1.0,S1_grid_cap,D1_improved,P_alpha0.45,16,0.8624242424242423,1.0,0.13757575757575768,,0.0,0.0,0.0
v1.0,v1.0,v1.0,S1_grid_cap,D1_improved,P_alpha0.45,17,0.8624242424242423,1.0,0.1395757575757577,,0.0,0.0,1.0
v1.0,v1.0,v1.0,S1_grid_cap,D1_improved,P_alpha0.45,18,0.8624242424242423,1.0,0.13757575757575768,,0.0,0.0,0.0
v1.0,v1.0,v1.0,S1_grid_cap,D1_improved,P_alpha0.45,19,0.8624242424242423,1.0,0.1415757575757577,,0.0,0.0,2.0
v1.0,v1.0,v1.0,S1_grid_cap,D1_improved,P_alpha0.45,20,0.8624242424242423,1.0,0.13757575757575768,,0.0,0.0,0.0
v1.0,v1.0,v1.0,S1_grid_cap,D1_improved,P_alpha0.45,21,0.8624242424242423,1.0,0.1415757575757577,,0.0,0.0,2.0
v1.0,v1.0,v1.0,S1_grid_cap,D1_improved,P_alpha0.45,22,0.8624242424242423,1.0,0.13757575757575768,,0.0,0.0,0.0
v1.0,v1.0,v1.0,S1_grid_cap,D1_improved,P_alpha0.45,23,0.8624242424242423,1.0,0.1395757575757577,,0.0,0.0,1.0
v1.0,v1.0,v1.0,S1_grid_cap,D1_improved,P_alpha0.45,24,0.8624242424242423,1.0,0.1395757575757577,,0.0,0.0,1.0
v1.0,v1.0,v1.0,S1_grid_cap,D1_improved,P_alpha0.45,25,0.8624242424242423,1.0,0.1395757575757577,,0.0,0.0,1.0
v1.0,v1.0,v1.0,S1_grid_cap,D1_improved,P_alpha0.45,26,0.8624242424242423,1.0,0.13757575757575768,,0.0,0.0,0.0
v1.0,v1.0,v1.0,S1_grid_cap,D1_improved,P_alpha0.45,27,0.8624242424242423,1.0,0.13757575757575768,,0.0,0.0,0.0
v1.0,v1.0,v1.0,S1_grid_cap,D1_improved,P_alpha0.45,28,0.8624242424242423,1.0,0.13757575757575768,,0.0,0.0,0.0
v1.0,v1.0,v1.0,S1_grid_cap,D1_improved,P_alpha0.45,29,0.8624242424242423,1.0,0.1395757575757577,,0.0,0.0,1.0
v1.0,v1.0,v1.0,S1_grid_cap,D1_improved,P_alpha0.45,30,0.8624242424242423,1.0,0.13757575757575768,,0.0,0.0,0.0
v1.0,v1.0,v1.0,S1_grid_cap,D1_improved,P_alpha0.45,31,0.8624242424242423,1.0,0.1395757575757577,,0.0,0.0,1.0
v1.0,v1.0,v1.0,S1_grid_cap,D1_improved,P_alpha0.45,32,0.8624242424242423,1.0,0.1395757575757577,,0.0,0.0,1.0
v1.0,v1.0,v1.0,S1_grid_cap,D1_improved,P_alpha0.45,33,0.8624242424242423,1.0,0.1395757575757577,,0.0,0.0,1.0
v1.0,v1.0,v1.0,S1_grid_cap,D1_improved,P_alpha0.45,34,0.8624242424242423,1.0,0.13757575757575768,,0.0,0.0,0.0
v1.0,v1.0,v1.0,S1_grid_cap,D1_improved,P_alpha0.45,35,0.8624242424242423,1.0,0.1395757575757577,,0.0,0.0,1.0
v1.0,v1.0,v1.0,S1_grid_cap,D1_improved,P_alpha0.45,36,0.8624242424242423,1.0,0.1395757575757577,,0.0,0.0,1.0
v1.0,v1.0,v1.0,S1_grid_cap,D1_improved,P_alpha0.45,37,0.8624242424242423,1.0,0.1395757575757577,,0.0,0.0,1.0
v1.0,v1.0,v1.0,S1_grid_cap,D1_improved,P_alpha0.45,38,0.8624242424242423,1.0,0.13757575757575768,,0.0,0.0,0.0
v1.0,v1.0,v1.0,S1_grid_cap,D1_improved,P_alpha0.45,39,0.8624242424242423,1.0,0.13757575757575768,,0.0,0.0,0.0
v1.0,v1.0,v1.0,S1_grid_cap,D1_improved,P_alpha0.60,0,0.8624242424242423,1.0,0.1435757575757577,,0.0,0.0,3.0
v1.0,v1.0,v1.0,S1_grid_cap,D1_improved,P_alpha0.60,1,0.8624242424242423,1.0,0.1395757575757577,,0.0,0.0,1.0
v1.0,v1.0,v1.0,S1_grid_cap,D1_improved,P_alpha0.60,2,0.8624242424242423,1.0,0.13757575757575768,,0.0,0.0,0.0
v1.0,v1.0,v1.0,S1_grid_cap,D1_improved,P_alpha0.60,3,0.8624242424242423,1.0,0.13757575757575768,,0.0,0.0,0.0
v1.0,v1.0,v1.0,S1_grid_cap,D1_improved,P_alpha0.60,4,0.8624242424242423,1.0,0.13757575757575768,,0.0,0.0,0.0
v1.0,v1.0,v1.0,S1_grid_cap,D1_improved,P_alpha0.60,5,0.8624242424242423,1.0,0.1395757575757577,,0.0,0.0,1.0
v1.0,v1.0,v1.0,S1_grid_cap,D1_improved,P_alpha0.60,6,0.8624242424242423,1.0,0.13757575757575768,,0.0,0.0,0.0
v1.0,v1.0,v1.0,S1_grid_cap,D1_improved,P_alpha0.60,7,0.8624242424242423,1.0,0.13757575757575768,,0.0,0.0,0.0
v1.0,v1.0,v1.0,S1_grid_cap,D1_improved,P_alpha0.60,8,0.8624242424242423,1.0,0.1395757575757577,,0.0,0.0,1.0
v1.0,v1.0,v1.0,S1_grid_cap,D1_improved,P_alpha0.60,9,0.8624242424242423,1.0,0.13757575757575768,,0.0,0.0,0.0
v1.0,v1.0,v1.0,S1_grid_cap,D1_improved,P_alpha0.60,10,0.8624242424242423,1.0,0.13757575757575768,,0.0,0.0,0.0
v1.0,v1.0,v1.0,S1_grid_cap,D1_improved,P_alpha0.60,11,0.8624242424242423,1.0,0.13757575757575768,,0.0,0.0,0.0
v1.0,v1.0,v1.0,S1_grid_cap,D1_improved,P_alpha0.60,12,0.8624242424242423,1.0,0.1395757575757577,,0.0,0.0,1.0
v1.0,v1.0,v1.0,S1_grid_cap,D1_improved,P_alpha0.60,13,0.8624242424242423,1.0,0.13757575757575768,,0.0,0.0,0.0
v1.0,v1.0,v1.0,S1_grid_cap,D1_improved,P_alpha0.60,14,0.8624242424242423,1.0,0.13757575757575768,,0.0,0.0,0.0
v1.0,v1.0,v1.0,S1_grid_cap,D1_improved,P_alpha0.60,15,0.8624242424242423,1.0,0.13757575757575768,,0.0,0.0,0.0
v1.0,v1.0,v1.0,S1_grid_cap,D1_improved,P_alpha0.60,16,0.8624242424242423,1.0,0.13757575757575768,,0.0,0.0,0.0
v1.0,v1.0,v1.0,S1_grid_cap,D1_improved,P_alpha0.60,17,0.8624242424242423,1.0,0.1395757575757577,,0.0,0.0,1.0
v1.0,v1.0,v1.0,S1_grid_cap,D1_improved,P_alpha0.60,18,0.8624242424242423,1.0,0.13757575757575768,,0.0,0.0,0.0
v1.0,v1.0,v1.0,S1_grid_cap,D1_improved,P_alpha0.60,19,0.8624242424242423,1.0,0.1415757575757577,,0.0,0.0,2.0
v1.0,v1.0,v1.0,S1_grid_cap,D1_improved,P_alpha0.60,20,0.8624242424242423,1.0,0.13757575757575768,,0.0,0.0,0.0
v1.0,v1.0,v1.0,S1_grid_cap,D1_improved,P_alpha0.60,21,0.8624242424242423,1.0,0.1415757575757577,,0.0,0.0,2.0
v1.0,v1.0,v1.0,S1_grid_cap,D1_improved,P_alpha0.60,22,0.8624242424242423,1.0,0.13757575757575768,,0.0,0.0,0.0
v1.0,v1.0,v1.0,S1_grid_cap,D1_improved,P_alpha0.60,23,0.8624242424242423,1.0,0.1395757575757577,,0.0,0.0,1.0
v1.0,v1.0,v1.0,S1_grid_cap,D1_improved,P_alpha0.60,24,0.8624242424242423,1.0,0.1395757575757577,,0.0,0.0,1.0
v1.0,v1.0,v1.0,S1_grid_cap,D1_improved,P_alpha0.60,25,0.8624242424242423,1.0,0.1395757575757577,,0.0,0.0,1.0
v1.0,v1.0,v1.0,S1_grid_cap,D1_improved,P_alpha0.60,26,0.8624242424242423,1.0,0.13757575757575768,,0.0,0.0,0.0
v1.0,v1.0,v1.0,S1_grid_cap,D1_improved,P_alpha0.60,27,0.8624242424242423,1.0,0.13757575757575768,,0.0,0.0,0.0
v1.0,v1.0,v1.0,S1_grid_cap,D1_improved,P_alpha0.60,28,0.8624242424242423,1.0,0.13757575757575768,,0.0,0.0,0.0
v1.0,v1.0,v1.0,S1_grid_cap,D1_improved,P_alpha0.60,29,0.8624242424242423,1.0,0.1395757575757577,,0.0,0.0,1.0
v1.0,v1.0,v1.0,S1_grid_cap,D1_improved,P_alpha0.60,30,0.8624242424242423,1.0,0.13757575757575768,,0.0,0.0,0.0
v1.0,v1.0,v1.0,S1_grid_cap,D1_improved,P_alpha0.60,31,0.8624242424242423,1.0,0.1395757575757577,,0.0,0.0,1.0
v1.0,v1.0,v1.0,S1_grid_cap,D1_improved,P_alpha0.60,32,0.8624242424242423,1.0,0.1395757575757577,,0.0,0.0,1.0
v1.0,v1.0,v1.0,S1_grid_cap,D1_improved,P_alpha0.60,33,0.8624242424242423,1.0,0.1395757575757577,,0.0,0.0,1.0
v1.0,v1.0,v1.0,S1_grid_cap,D1_improved,P_alpha0.60,34,0.8624242424242423,1.0,0.13757575757575768,,0.0,0.0,0.0
v1.0,v1.0,v1.0,S1_grid_cap,D1_improved,P_alpha0.60,35,0.8624242424242423,1.0,0.1395757575757577,,0.0,0.0,1.0
v1.0,v1.0,v1.0,S1_grid_cap,D1_improved,P_alpha0.60,36,0.8624242424242423,1.0,0.1395757575757577,,0.0,0.0,1.0
v1.0,v1.0,v1.0,S1_grid_cap,D1_improved,P_alpha0.60,37,0.8624242424242423,1.0,0.1395757575757577,,0.0,0.0,1.0
v1.0,v1.0,v1.0,S1_grid_cap,D1_improved,P_alpha0.60,38,0.8624242424242423,1.0,0.13757575757575768,,0.0,0.0,0.0
v1.0,v1.0,v1.0,S1_grid_cap,D1_improved,P_alpha0.60,39,0.8624242424242423,1.0,0.13757575757575768,,0.0,0.0,0.0
v1.0,v1.0,v1.0,S1_grid_cap,D1_improved,P_alpha0.75,0,0.868030303030303,1.0,0.13796969696969696,,0.0,0.0,3.0
v1.0,v1.0,v1.0,S1_grid_cap,D1_improved,P_alpha0.75,1,0.868030303030303,1.0,0.13396969696969696,,0.0,0.0,1.0
v1.0,v1.0,v1.0,S1_grid_cap,D1_improved,P_alpha0.75,2,0.868030303030303,1.0,0.13196969696969696,,0.0,0.0,0.0
v1.0,v1.0,v1.0,S1_grid_cap,D1_improved,P_alpha0.75,3,0.868030303030303,1.0,0.13196969696969696,,0.0,0.0,0.0
v1.0,v1.0,v1.0,S1_grid_cap,D1_improved,P_alpha0.75,4,0.868030303030303,1.0,0.13196969696969696,,0.0,0.0,0.0
v1.0,v1.0,v1.0,S1_grid_cap,D1_improved,P_alpha0.75,5,0.868030303030303,1.0,0.13396969696969696,,0.0,0.0,1.0
v1.0,v1.0,v1.0,S1_grid_cap,D1_improved,P_alpha0.75,6,0.868030303030303,1.0,0.13196969696969696,,0.0,0.0,0.0
v1.0,v1.0,v1.0,S1_grid_cap,D1_improved,P_alpha0.75,7,0.868030303030303,1.0,0.13196969696969696,,0.0,0.0,0.0
v1.0,v1.0,v1.0,S1_grid_cap,D1_improved,P_alpha0.75,8,0.868030303030303,1.0,0.13396969696969696,,0.0,0.0,1.0
v1.0,v1.0,v1.0,S1_grid_cap,D1_improved,P_alpha0.75,9,0.868030303030303,1.0,0.13196969696969696,,0.0,0.0,0.0
v1.0,v1.0,v1.0,S1_grid_cap,D1_improved,P_alpha0.75,10,0.868030303030303,1.0,0.13196969696969696,,0.0,0.0,0.0
v1.0,v1.0,v1.0,S1_grid_cap,D1_improved,P_alpha0.75,11,0.868030303030303,1.0,0.13196969696969696,,0.0,0.0,0.0
v1.0,v1.0,v1.0,S1_grid_cap,D1_improved,P_alpha0.75,12,0.868030303030303,1.0,0.13396969696969696,,0.0,0.0,1.0
v1.0,v1.0,v1.0,S1_grid_cap,D1_improved,P_alpha0.75,13,0.868030303030303,1.0,0.13196969696969696,,0.0,0.0,0.0
v1.0,v1.0,v1.0,S1_grid_cap,D1_improved,P_alpha0.75,14,0.868030303030303,1.0,0.13196969696969696,,0.0,0.0,0.0
v1.0,v1.0,v1.0,S1_grid_cap,D1_improved,P_alpha0.75,15,0.868030303030303,1.0,0.13196969696969696,,0.0,0.0,0.0
v1.0,v1.0,v1.0,S1_grid_cap,D1_improved,P_alpha0.75,16,0.868030303030303,1.0,0.13196969696969696,,0.0,0.0,0.0
v1.0,v1.0,v1.0,S1_grid_cap,D1_improved,P_alpha0.75,17,0.868030303030303,1.0,0.13396969696969696,,0.0,0.0,1.0
v1.0,v1.0,v1.0,S1_grid_cap,D1_improved,P_alpha0.75,18,0.868030303030303,1.0,0.13196969696969696,,0.0,0.0,0.0
v1.0,v1.0,v1.0,S1_grid_cap,D1_improved,P_alpha0.75,19,0.868030303030303,1.0,0.13596969696969696,,0.0,0.0,2.0
v1.0,v1.0,v1.0,S1_grid_cap,D1_improved,P_alpha0.75,20,0.868030303030303,1.0,0.13196969696969696,,0.0,0.0,0.0
v1.0,v1.0,v1.0,S1_grid_cap,D1_improved,P_alpha0.75,21,0.868030303030303,1.0,0.13596969696969696,,0.0,0.0,2.0
v1.0,v1.0,v1.0,S1_grid_cap,D1_improved,P_alpha0.75,22,0.868030303030303,1.0,0.13196969696969696,,0.0,0.0,0.0
v1.0,v1.0,v1.0,S1_grid_cap,D1_improved,P_alpha0.75,23,0.868030303030303,1.0,0.13396969696969696,,0.0,0.0,1.0
v1.0,v1.0,v1.0,S1_grid_cap,D1_improved,P_alpha0.75,24,0.868030303030303,1.0,0.13396969696969696,,0.0,0.0,1.0
v1.0,v1.0,v1.0,S1_grid_cap,D1_improved,P_alpha0.75,25,0.868030303030303,1.0,0.13396969696969696,,0.0,0.0,1.0
v1.0,v1.0,v1.0,S1_grid_cap,D1_improved,P_alpha0.75,26,0.868030303030303,1.0,0.13196969696969696,,0.0,0.0,0.0
v1.0,v1.0,v1.0,S1_grid_cap,D1_improved,P_alpha0.75,27,0.868030303030303,1.0,0.13196969696969696,,0.0,0.0,0.0
v1.0,v1.0,v1.0,S1_grid_cap,D1_improved,P_alpha0.75,28,0.868030303030303,1.0,0.13196969696969696,,0.0,0.0,0.0
v1.0,v1.0,v1.0,S1_grid_cap,D1_improved,P_alpha0.75,29,0.868030303030303,1.0,0.13396969696969696,,0.0,0.0,1.0
v1.0,v1.0,v1.0,S1_grid_cap,D1_improved,P_alpha0.75,30,0.868030303030303,1.0,0.13196969696969696,,0.0,0.0,0.0
v1.0,v1.0,v1.0,S1_grid_cap,D1_improved,P_alpha0.75,31,0.868030303030303,1.0,0.13396969696969696,,0.0,0.0,1.0
v1.0,v1.0,v1.0,S1_grid_cap,D1_improved,P_alpha0.75,32,0.868030303030303,1.0,0.13396969696969696,,0.0,0.0,1.0
v1.0,v1.0,v1.0,S1_grid_cap,D1_improved,P_alpha0.75,33,0.868030303030303,1.0,0.13396969696969696,,0.0,0.0,1.0
v1.0,v1.0,v1.0,S1_grid_cap,D1_improved,P_alpha0.75,34,0.868030303030303,1.0,0.13196969696969696,,0.0,0.0,0.0
v1.0,v1.0,v1.0,S1_grid_cap,D1_improved,P_alpha0.75,35,0.868030303030303,1.0,0.13396969696969696,,0.0,0.0,1.0
v1.0,v1.0,v1.0,S1_grid_cap,D1_improved,P_alpha0.75,36,0.868030303030303,1.0,0.13396969696969696,,0.0,0.0,1.0
v1.0,v1.0,v1.0,S1_grid_cap,D1_improved,P_alpha0.75,37,0.868030303030303,1.0,0.13396969696969696,,0.0,0.0,1.0
v1.0,v1.0,v1.0,S1_grid_cap,D1_improved,P_alpha0.75,38,0.868030303030303,1.0,0.13196969696969696,,0.0,0.0,0.0
v1.0,v1.0,v1.0,S1_grid_cap,D1_improved,P_alpha0.75,39,0.868030303030303,1.0,0.13196969696969696,,0.0,0.0,0.0
v1.0,v1.0,v1.0,S1_grid_cap,D1_improved,P_alpha0.90,0,0.965878787878788,1.0,0.040121212121211995,,0.0,0.0,3.0
v1.0,v1.0,v1.0,S1_grid_cap,D1_improved,P_alpha0.90,1,0.965878787878788,1.0,0.036121212121212,,0.0,0.0,1.0
v1.0,v1.0,v1.0,S1_grid_cap,D1_improved,P_alpha0.90,2,0.965878787878788,1.0,0.034121212121212,,0.0,0.0,0.0
v1.0,v1.0,v1.0,S1_grid_cap,D1_improved,P_alpha0.90,3,0.965878787878788,1.0,0.034121212121212,,0.0,0.0,0.0
v1.0,v1.0,v1.0,S1_grid_cap,D1_improved,P_alpha0.90,4,0.965878787878788,1.0,0.034121212121212,,0.0,0.0,0.0
v1.0,v1.0,v1.0,S1_grid_cap,D1_improved,P_alpha0.90,5,0.965878787878788,1.0,0.036121212121212,,0.0,0.0,1.0
v1.0,v1.0,v1.0,S1_grid_cap,D1_improved,P_alpha0.90,6,0.965878787878788,1.0,0.034121212121212,,0.0,0.0,0.0
v1.0,v1.0,v1.0,S1_grid_cap,D1_improved,P_alpha0.90,7,0.965878787878788,1.0,0.034121212121212,,0.0,0.0,0.0
v1.0,v1.0,v1.0,S1_grid_cap,D1_improved,P_alpha0.90,8,0.965878787878788,1.0,0.036121212121212,,0.0,0.0,1.0
v1.0,v1.0,v1.0,S1_grid_cap,D1_improved,P_alpha0.90,9,0.965878787878788,1.0,0.034121212121212,,0.0,0.0,0.0
v1.0,v1.0,v1.0,S1_grid_cap,D1_improved,P_alpha0.90,10,0.965878787878788,1.0,0.034121212121212,,0.0,0.0,0.0
v1.0,v1.0,v1.0,S1_grid_cap,D1_improved,P_alpha0.90,11,0.965878787878788,1.0,0.034121212121212,,0.0,0.0,0.0
v1.0,v1.0,v1.0,S1_grid_cap,D1_improved,P_alpha0.90,12,0.965878787878788,1.0,0.036121212121212,,0.0,0.0,1.0
v1.0,v1.0,v1.0,S1_grid_cap,D1_improved,P_alpha0.90,13,0.965878787878788,1.0,0.034121212121212,,0.0,0.0,0.0
v1.0,v1.0,v1.0,S1_grid_cap,D1_improved,P_alpha0.90,14,0.965878787878788,1.0,0.034121212121212,,0.0,0.0,0.0
v1.0,v1.0,v1.0,S1_grid_cap,D1_improved,P_alpha0.90,15,0.965878787878788,1.0,0.034121212121212,,0.0,0.0,0.0
v1.0,v1.0,v1.0,S1_grid_cap,D1_improved,P_alpha0.90,16,0.965878787878788,1.0,0.034121212121212,,0.0,0.0,0.0
v1.0,v1.0,v1.0,S1_grid_cap,D1_improved,P_alpha0.90,17,0.965878787878788,1.0,0.036121212121212,,0.0,0.0,1.0
v1.0,v1.0,v1.0,S1_grid_cap,D1_improved,P_alpha0.90,18,0.965878787878788,1.0,0.034121212121212,,0.0,0.0,0.0
v1.0,v1.0,v1.0,S1_grid_cap,D1_improved,P_alpha0.90,19,0.965878787878788,1.0,0.038121212121212,,0.0,0.0,2.0
v1.0,v1.0,v1.0,S1_grid_cap,D1_improved,P_alpha0.90,20,0.965878787878788,1.0,0.034121212121212,,0.0,0.0,0.0
v1.0,v1.0,v1.0,S1_grid_cap,D1_improved,P_alpha0.90,21,0.965878787878788,1.0,0.038121212121212,,0.0,0.0,2.0
v1.0,v1.0,v1.0,S1_grid_cap,D1_improved,P_alpha0.90,22,0.965878787878788,1.0,0.034121212121212,,0.0,0.0,0.0
v1.0,v1.0,v1.0,S1_grid_cap,D1_improved,P_alpha0.90,23,0.965878787878788,1.0,0.036121212121212,,0.0,0.0,1.0
v1.0,v1.0,v1.0,S1_grid_cap,D1_improved,P_alpha0.90,24,0.965878787878788,1.0,0.036121212121212,,0.0,0.0,1.0
v1.0,v1.0,v1.0,S1_grid_cap,D1_improved,P_alpha0.90,25,0.965878787878788,1.0,0.036121212121212,,0.0,0.0,1.0
v1.0,v1.0,v1.0,S1_grid_cap,D1_improved,P_alpha0.90,26,0.965878787878788,1.0,0.034121212121212,,0.0,0.0,0.0
v1.0,v1.0,v1.0,S1_grid_cap,D1_improved,P_alpha0.90,27,0.965878787878788,1.0,0.034121212121212,,0.0,0.0,0.0
v1.0,v1.0,v1.0,S1_grid_cap,D1_improved,P_alpha0.90,28,0.965878787878788,1.0,0.034121212121212,,0.0,0.0,0.0
v1.0,v1.0,v1.0,S1_grid_cap,D1_improved,P_alpha0.90,29,0.965878787878788,1.0,0.036121212121212,,0.0,0.0,1.0
v1.0,v1.0,v1.0,S1_grid_cap,D1_improved,P_alpha0.90,30,0.965878787878788,1.0,0.034121212121212,,0.0,0.0,0.0
v1.0,v1.0,v1.0,S1_grid_cap,D1_improved,P_alpha0.90,31,0.965878787878788,1.0,0.036121212121212,,0.0,0.0,1.0
v1.0,v1.0,v1.0,S1_grid_cap,D1_improved,P_alpha0.90,32,0.965878787878788,1.0,0.036121212121212,,0.0,0.0,1.0
v1.0,v1.0,v1.0,S1_grid_cap,D1_improved,P_alpha0.90,33,0.965878787878788,1.0,0.036121212121212,,0.0,0.0,1.0
v1.0,v1.0,v1.0,S1_grid_cap,D1_improved,P_alpha0.90,34,0.965878787878788,1.0,0.034121212121212,,0.0,0.0,0.0
v1.0,v1.0,v1.0,S1_grid_cap,D1_improved,P_alpha0.90,35,0.965878787878788,1.0,0.036121212121212,,0.0,0.0,1.0
v1.0,v1.0,v1.0,S1_grid_cap,D1_improved,P_alpha0.90,36,0.965878787878788,1.0,0.036121212121212,,0.0,0.0,1.0
v1.0,v1.0,v1.0,S1_grid_cap,D1_improved,P_alpha0.90,37,0.965878787878788,1.0,0.036121212121212,,0.0,0.0,1.0
v1.0,v1.0,v1.0,S1_grid_cap,D1_improved,P_alpha0.90,38,0.965878787878788,1.0,0.034121212121212,,0.0,0.0,0.0
v1.0,v1.0,v1.0,S1_grid_cap,D1_improved,P_alpha0.90,39,0.965878787878788,1.0,0.034121212121212,,0.0,0.0,0.0
v1.0,v1.0,v1.0,S1_grid_cap,D1_improved,P_alpha1.00,0,0.9806060606060606,0.9324092741935478,0.10650281036168205,,0.0,0.0,3.0
v1.0,v1.0,v1.0,S1_grid_cap,D1_improved,P_alpha1.00,1,0.9806060606060606,0.9324092741935478,0.10250281036168205,,0.0,0.0,1.0
v1.0,v1.0,v1.0,S1_grid_cap,D1_improved,P_alpha1.00,2,0.9806060606060606,0.9324092741935478,0.10050281036168204,,0.0,0.0,0.0
v1.0,v1.0,v1.0,S1_grid_cap,D1_improved,P_alpha1.00,3,0.9806060606060606,0.9324092741935478,0.10050281036168204,,0.0,0.0,0.0
v1.0,v1.0,v1.0,S1_grid_cap,D1_improved,P_alpha1.00,4,0.9806060606060606,0.9324092741935478,0.10050281036168204,,0.0,0.0,0.0
v1.0,v1.0,v1.0,S1_grid_cap,D1_improved,P_alpha1.00,5,0.9806060606060606,0.9324092741935478,0.10250281036168205,,0.0,0.0,1.0
v1.0,v1.0,v1.0,S1_grid_cap,D1_improved,P_alpha1.00,6,0.9806060606060606,0.9324092741935478,0.10050281036168204,,0.0,0.0,0.0
v1.0,v1.0,v1.0,S1_grid_cap,D1_improved,P_alpha1.00,7,0.9806060606060606,0.9324092741935478,0.10050281036168204,,0.0,0.0,0.0
v1.0,v1.0,v1.0,S1_grid_cap,D1_improved,P_alpha1.00,8,0.9806060606060606,0.9324092741935478,0.10250281036168205,,0.0,0.0,1.0
v1.0,v1.0,v1.0,S1_grid_cap,D1_improved,P_alpha1.00,9,0.9806060606060606,0.9324092741935478,0.10050281036168204,,0.0,0.0,0.0
v1.0,v1.0,v1.0,S1_grid_cap,D1_improved,P_alpha1.00,10,0.9806060606060606,0.9324092741935478,0.10050281036168204,,0.0,0.0,0.0
v1.0,v1.0,v1.0,S1_grid_cap,D1_improved,P_alpha1.00,11,0.9806060606060606,0.9324092741935478,0.10050281036168204,,0.0,0.0,0.0
v1.0,v1.0,v1.0,S1_grid_cap,D1_improved,P_alpha1.00,12,0.9806060606060606,0.9324092741935478,0.10250281036168205,,0.0,0.0,1.0
v1.0,v1.0,v1.0,S1_grid_cap,D1_improved,P_alpha1.00,13,0.9806060606060606,0.9324092741935478,0.10050281036168204,,0.0,0.0,0.0
v1.0,v1.0,v1.0,S1_grid_cap,D1_improved,P_alpha1.00,14,0.9806060606060606,0.9324092741935478,0.10050281036168204,,0.0,0.0,0.0
v1.0,v1.0,v1.0,S1_grid_cap,D1_improved,P_alpha1.00,15,0.9806060606060606,0.9324092741935478,0.10050281036168204,,0.0,0.0,0.0
v1.0,v1.0,v1.0,S1_grid_cap,D1_improved,P_alpha1.00,16,0.9806060606060606,0.9324092741935478,0.10050281036168204,,0.0,0.0,0.0
v1.0,v1.0,v1.0,S1_grid_cap,D1_improved,P_alpha1.00,17,0.9806060606060606,0.9324092741935478,0.10250281036168205,,0.0,0.0,1.0
v1.0,v1.0,v1.0,S1_grid_cap,D1_improved,P_alpha1.00,18,0.9806060606060606,0.9324092741935478,0.10050281036168204,,0.0,0.0,0.0
v1.0,v1.0,v1.0,S1_grid_cap,D1_improved,P_alpha1.00,19,0.9806060606060606,0.9324092741935478,0.10450281036168205,,0.0,0.0,2.0
v1.0,v1.0,v1.0,S1_grid_cap,D1_improved,P_alpha1.00,20,0.9806060606060606,0.9324092741935478,0.10050281036168204,,0.0,0.0,0.0
v1.0,v1.0,v1.0,S1_grid_cap,D1_improved,P_alpha1.00,21,0.9806060606060606,0.9324092741935478,0.10450281036168205,,0.0,0.0,2.0
v1.0,v1.0,v1.0,S1_grid_cap,D1_improved,P_alpha1.00,22,0.9806060606060606,0.9324092741935478,0.10050281036168204,,0.0,0.0,0.0
v1.0,v1.0,v1.0,S1_grid_cap,D1_improved,P_alpha1.00,23,0.9806060606060606,0.9324092741935478,0.10250281036168205,,0.0,0.0,1.0
v1.0,v1.0,v1.0,S1_grid_cap,D1_improved,P_alpha1.00,24,0.9806060606060606,0.9324092741935478,0.10250281036168205,,0.0,0.0,1.0
v1.0,v1.0,v1.0,S1_grid_cap,D1_improved,P_alpha1.00,25,0.9806060606060606,0.9324092741935478,0.10250281036168205,,0.0,0.0,1.0
v1.0,v1.0,v1.0,S1_grid_cap,D1_improved,P_alpha1.00,26,0.9806060606060606,0.9324092741935478,0.10050281036168204,,0.0,0.0,0.0
v1.0,v1.0,v1.0,S1_grid_cap,D1_improved,P_alpha1.00,27,0.9806060606060606,0.9324092741935478,0.10050281036168204,,0.0,0.0,0.0
v1.0,v1.0,v1.0,S1_grid_cap,D1_improved,P_alpha1.00,28,0.9806060606060606,0.9324092741935478,0.10050281036168204,,0.0,0.0,0.0
v1.0,v1.0,v1.0,S1_grid_cap,D1_improved,P_alpha1.00,29,0.9806060606060606,0.9324092741935478,0.10250281036168205,,0.0,0.0,1.0
v1.0,v1.0,v1.0,S1_grid_cap,D1_improved,P_alpha1.00,30,0.9806060606060606,0.9324092741935478,0.10050281036168204,,0.0,0.0,0.0
v1.0,v1.0,v1.0,S1_grid_cap,D1_improved,P_alpha1.00,31,0.9806060606060606,0.9324092741935478,0.10250281036168205,,0.0,0.0,1.0
v1.0,v1.0,v1.0,S1_grid_cap,D1_improved,P_alpha1.00,32,0.9806060606060606,0.9324092741935478,0.10250281036168205,,0.0,0.0,1.0
v1.0,v1.0,v1.0,S1_grid_cap,D1_improved,P_alpha1.00,33,0.9806060606060606,0.9324092741935478,0.10250281036168205,,0.0,0.0,1.0
v1.0,v1.0,v1.0,S1_grid_cap,D1_improved,P_alpha1.00,34,0.9806060606060606,0.9324092741935478,0.10050281036168204,,0.0,0.0,0.0
v1.0,v1.0,v1.0,S1_grid_cap,D1_improved,P_alpha1.00,35,0.9806060606060606,0.9324092741935478,0.10250281036168205,,0.0,0.0,1.0
v1.0,v1.0,v1.0,S1_grid_cap,D1_improved,P_alpha1.00,36,0.9806060606060606,0.9324092741935478,0.10250281036168205,,0.0,0.0,1.0
v1.0,v1.0,v1.0,S1_grid_cap,D1_improved,P_alpha1.00,37,0.9806060606060606,0.9324092741935478,0.10250281036168205,,0.0,0.0,1.0
v1.0,v1.0,v1.0,S1_grid_cap,D1_improved,P_alpha1.00,38,0.9806060606060606,0.9324092741935478,0.10050281036168204,,0.0,0.0,0.0
v1.0,v1.0,v1.0,S1_grid_cap,D1_improved,P_alpha1.00,39,0.9806060606060606,0.9324092741935478,0.10050281036168204,,0.0,0.0,0.0
v1.0,v1.0,v1.0,S1_grid_cap,D1_improved,P_availability_first,0,0.9806060606060606,0.9324092741935478,0.10650281036168205,,0.0,0.0,3.0
v1.0,v1.0,v1.0,S1_grid_cap,D1_improved,P_availability_first,1,0.9806060606060606,0.9324092741935478,0.10250281036168205,,0.0,0.0,1.0
v1.0,v1.0,v1.0,S1_grid_cap,D1_improved,P_availability_first,2,0.9806060606060606,0.9324092741935478,0.10050281036168204,,0.0,0.0,0.0
v1.0,v1.0,v1.0,S1_grid_cap,D1_improved,P_availability_first,3,0.9806060606060606,0.9324092741935478,0.10050281036168204,,0.0,0.0,0.0
v1.0,v1.0,v1.0,S1_grid_cap,D1_improved,P_availability_first,4,0.9806060606060606,0.9324092741935478,0.10050281036168204,,0.0,0.0,0.0
v1.0,v1.0,v1.0,S1_grid_cap,D1_improved,P_availability_first,5,0.9806060606060606,0.9324092741935478,0.10250281036168205,,0.0,0.0,1.0
v1.0,v1.0,v1.0,S1_grid_cap,D1_improved,P_availability_first,6,0.9806060606060606,0.9324092741935478,0.10050281036168204,,0.0,0.0,0.0
v1.0,v1.0,v1.0,S1_grid_cap,D1_improved,P_availability_first,7,0.9806060606060606,0.9324092741935478,0.10050281036168204,,0.0,0.0,0.0
v1.0,v1.0,v1.0,S1_grid_cap,D1_improved,P_availability_first,8,0.9806060606060606,0.9324092741935478,0.10250281036168205,,0.0,0.0,1.0
v1.0,v1.0,v1.0,S1_grid_cap,D1_improved,P_availability_first,9,0.9806060606060606,0.9324092741935478,0.10050281036168204,,0.0,0.0,0.0
v1.0,v1.0,v1.0,S1_grid_cap,D1_improved,P_availability_first,10,0.9806060606060606,0.9324092741935478,0.10050281036168204,,0.0,0.0,0.0
v1.0,v1.0,v1.0,S1_grid_cap,D1_improved,P_availability_first,11,0.9806060606060606,0.9324092741935478,0.10050281036168204,,0.0,0.0,0.0
v1.0,v1.0,v1.0,S1_grid_cap,D1_improved,P_availability_first,12,0.9806060606060606,0.9324092741935478,0.10250281036168205,,0.0,0.0,1.0
v1.0,v1.0,v1.0,S1_grid_cap,D1_improved,P_availability_first,13,0.9806060606060606,0.9324092741935478,0.10050281036168204,,0.0,0.0,0.0
v1.0,v1.0,v1.0,S1_grid_cap,D1_improved,P_availability_first,14,0.9806060606060606,0.9324092741935478,0.10050281036168204,,0.0,0.0,0.0
v1.0,v1.0,v1.0,S1_grid_cap,D1_improved,P_availability_first,15,0.9806060606060606,0.9324092741935478,0.10050281036168204,,0.0,0.0,0.0
v1.0,v1.0,v1.0,S1_grid_cap,D1_improved,P_availability_first,16,0.9806060606060606,0.9324092741935478,0.10050281036168204,,0.0,0.0,0.0
v1.0,v1.0,v1.0,S1_grid_cap,D1_improved,P_availability_first,17,0.9806060606060606,0.9324092741935478,0.10250281036168205,,0.0,0.0,1.0
v1.0,v1.0,v1.0,S1_grid_cap,D1_improved,P_availability_first,18,0.9806060606060606,0.9324092741935478,0.10050281036168204,,0.0,0.0,0.0
v1.0,v1.0,v1.0,S1_grid_cap,D1_improved,P_availability_first,19,0.9806060606060606,0.9324092741935478,0.10450281036168205,,0.0,0.0,2.0
v1.0,v1.0,v1.0,S1_grid_cap,D1_improved,P_availability_first,20,0.9806060606060606,0.9324092741935478,0.10050281036168204,,0.0,0.0,0.0
v1.0,v1.0,v1.0,S1_grid_cap,D1_improved,P_availability_first,21,0.9806060606060606,0.9324092741935478,0.10450281036168205,,0.0,0.0,2.0
v1.0,v1.0,v1.0,S1_grid_cap,D1_improved,P_availability_first,22,0.9806060606060606,0.9324092741935478,0.10050281036168204,,0.0,0.0,0.0
v1.0,v1.0,v1.0,S1_grid_cap,D1_improved,P_availability_first,23,0.9806060606060606,0.9324092741935478,0.10250281036168205,,0.0,0.0,1.0
v1.0,v1.0,v1.0,S1_grid_cap,D1_improved,P_availability_first,24,0.9806060606060606,0.9324092741935478,0.10250281036168205,,0.0,0.0,1.0
v1.0,v1.0,v1.0,S1_grid_cap,D1_improved,P_availability_first,25,0.9806060606060606,0.9324092741935478,0.10250281036168205,,0.0,0.0,1.0
v1.0,v1.0,v1.0,S1_grid_cap,D1_improved,P_availability_first,26,0.9806060606060606,0.9324092741935478,0.10050281036168204,,0.0,0.0,0.0
v1.0,v1.0,v1.0,S1_grid_cap,D1_improved,P_availability_first,27,0.9806060606060606,0.9324092741935478,0.10050281036168204,,0.0,0.0,0.0
v1.0,v1.0,v1.0,S1_grid_cap,D1_improved,P_availability_first,28,0.9806060606060606,0.9324092741935478,0.10050281036168204,,0.0,0.0,0.0
v1.0,v1.0,v1.0,S1_grid_cap,D1_improved,P_availability_first,29,0.9806060606060606,0.9324092741935478,0.10250281036168205,,0.0,0.0,1.0
v1.0,v1.0,v1.0,S1_grid_cap,D1_improved,P_availability_first,30,0.9806060606060606,0.9324092741935478,0.10050281036168204,,0.0,0.0,0.0
v1.0,v1.0,v1.0,S1_grid_cap,D1_improved,P_availability_first,31,0.9806060606060606,0.9324092741935478,0.10250281036168205,,0.0,0.0,1.0
v1.0,v1.0,v1.0,S1_grid_cap,D1_improved,P_availability_first,32,0.9806060606060606,0.9324092741935478,0.10250281036168205,,0.0,0.0,1.0
v1.0,v1.0,v1.0,S1_grid_cap,D1_improved,P_availability_first,33,0.9806060606060606,0.9324092741935478,0.10250281036168205,,0.0,0.0,1.0
v1.0,v1.0,v1.0,S1_grid_cap,D1_improved,P_availability_first,34,0.9806060606060606,0.9324092741935478,0.10050281036168204,,0.0,0.0,0.0
v1.0,v1.0,v1.0,S1_grid_cap,D1_improved,P_availability_first,35,0.9806060606060606,0.9324092741935478,0.10250281036168205,,0.0,0.0,1.0
v1.0,v1.0,v1.0,S1_grid_cap,D1_improved,P_availability_first,36,0.9806060606060606,0.9324092741935478,0.10250281036168205,,0.0,0.0,1.0
v1.0,v1.0,v1.0,S1_grid_cap,D1_improved,P_availability_first,37,0.9806060606060606,0.9324092741935478,0.10250281036168205,,0.0,0.0,1.0
v1.0,v1.0,v1.0,S1_grid_cap,D1_improved,P_availability_first,38,0.9806060606060606,0.9324092741935478,0.10050281036168204,,0.0,0.0,0.0
v1.0,v1.0,v1.0,S1_grid_cap,D1_improved,P_availability_first,39,0.9806060606060606,0.9324092741935478,0.10050281036168204,,0.0,0.0,0.0
v1.0,v1.0,v1.0,S1_grid_cap,D1_improved,P_heat_first,0,0.8624242424242423,1.0,0.1435757575757577,,0.0,0.0,3.0
v1.0,v1.0,v1.0,S1_grid_cap,D1_improved,P_heat_first,1,0.8624242424242423,1.0,0.1395757575757577,,0.0,0.0,1.0
v1.0,v1.0,v1.0,S1_grid_cap,D1_improved,P_heat_first,2,0.8624242424242423,1.0,0.13757575757575768,,0.0,0.0,0.0
v1.0,v1.0,v1.0,S1_grid_cap,D1_improved,P_heat_first,3,0.8624242424242423,1.0,0.13757575757575768,,0.0,0.0,0.0
v1.0,v1.0,v1.0,S1_grid_cap,D1_improved,P_heat_first,4,0.8624242424242423,1.0,0.13757575757575768,,0.0,0.0,0.0
v1.0,v1.0,v1.0,S1_grid_cap,D1_improved,P_heat_first,5,0.8624242424242423,1.0,0.1395757575757577,,0.0,0.0,1.0
v1.0,v1.0,v1.0,S1_grid_cap,D1_improved,P_heat_first,6,0.8624242424242423,1.0,0.13757575757575768,,0.0,0.0,0.0
v1.0,v1.0,v1.0,S1_grid_cap,D1_improved,P_heat_first,7,0.8624242424242423,1.0,0.13757575757575768,,0.0,0.0,0.0
v1.0,v1.0,v1.0,S1_grid_cap,D1_improved,P_heat_first,8,0.8624242424242423,1.0,0.1395757575757577,,0.0,0.0,1.0
v1.0,v1.0,v1.0,S1_grid_cap,D1_improved,P_heat_first,9,0.8624242424242423,1.0,0.13757575757575768,,0.0,0.0,0.0
v1.0,v1.0,v1.0,S1_grid_cap,D1_improved,P_heat_first,10,0.8624242424242423,1.0,0.13757575757575768,,0.0,0.0,0.0
v1.0,v1.0,v1.0,S1_grid_cap,D1_improved,P_heat_first,11,0.8624242424242423,1.0,0.13757575757575768,,0.0,0.0,0.0
v1.0,v1.0,v1.0,S1_grid_cap,D1_improved,P_heat_first,12,0.8624242424242423,1.0,0.1395757575757577,,0.0,0.0,1.0
v1.0,v1.0,v1.0,S1_grid_cap,D1_improved,P_heat_first,13,0.8624242424242423,1.0,0.13757575757575768,,0.0,0.0,0.0
v1.0,v1.0,v1.0,S1_grid_cap,D1_improved,P_heat_first,14,0.8624242424242423,1.0,0.13757575757575768,,0.0,0.0,0.0
v1.0,v1.0,v1.0,S1_grid_cap,D1_improved,P_heat_first,15,0.8624242424242423,1.0,0.13757575757575768,,0.0,0.0,0.0
v1.0,v1.0,v1.0,S1_grid_cap,D1_improved,P_heat_first,16,0.8624242424242423,1.0,0.13757575757575768,,0.0,0.0,0.0
v1.0,v1.0,v1.0,S1_grid_cap,D1_improved,P_heat_first,17,0.8624242424242423,1.0,0.1395757575757577,,0.0,0.0,1.0
v1.0,v1.0,v1.0,S1_grid_cap,D1_improved,P_heat_first,18,0.8624242424242423,1.0,0.13757575757575768,,0.0,0.0,0.0
v1.0,v1.0,v1.0,S1_grid_cap,D1_improved,P_heat_first,19,0.8624242424242423,1.0,0.1415757575757577,,0.0,0.0,2.0
v1.0,v1.0,v1.0,S1_grid_cap,D1_improved,P_heat_first,20,0.8624242424242423,1.0,0.13757575757575768,,0.0,0.0,0.0
v1.0,v1.0,v1.0,S1_grid_cap,D1_improved,P_heat_first,21,0.8624242424242423,1.0,0.1415757575757577,,0.0,0.0,2.0
v1.0,v1.0,v1.0,S1_grid_cap,D1_improved,P_heat_first,22,0.8624242424242423,1.0,0.13757575757575768,,0.0,0.0,0.0
v1.0,v1.0,v1.0,S1_grid_cap,D1_improved,P_heat_first,23,0.8624242424242423,1.0,0.1395757575757577,,0.0,0.0,1.0
v1.0,v1.0,v1.0,S1_grid_cap,D1_improved,P_heat_first,24,0.8624242424242423,1.0,0.1395757575757577,,0.0,0.0,1.0
v1.0,v1.0,v1.0,S1_grid_cap,D1_improved,P_heat_first,25,0.8624242424242423,1.0,0.1395757575757577,,0.0,0.0,1.0
v1.0,v1.0,v1.0,S1_grid_cap,D1_improved,P_heat_first,26,0.8624242424242423,1.0,0.13757575757575768,,0.0,0.0,0.0
v1.0,v1.0,v1.0,S1_grid_cap,D1_improved,P_heat_first,27,0.8624242424242423,1.0,0.13757575757575768,,0.0,0.0,0.0
v1.0,v1.0,v1.0,S1_grid_cap,D1_improved,P_heat_first,28,0.8624242424242423,1.0,0.13757575757575768,,0.0,0.0,0.0
v1.0,v1.0,v1.0,S1_grid_cap,D1_improved,P_heat_first,29,0.8624242424242423,1.0,0.1395757575757577,,0.0,0.0,1.0
v1.0,v1.0,v1.0,S1_grid_cap,D1_improved,P_heat_first,30,0.8624242424242423,1.0,0.13757575757575768,,0.0,0.0,0.0
v1.0,v1.0,v1.0,S1_grid_cap,D1_improved,P_heat_first,31,0.8624242424242423,1.0,0.1395757575757577,,0.0,0.0,1.0
v1.0,v1.0,v1.0,S1_grid_cap,D1_improved,P_heat_first,32,0.8624242424242423,1.0,0.1395757575757577,,0.0,0.0,1.0
v1.0,v1.0,v1.0,S1_grid_cap,D1_improved,P_heat_first,33,0.8624242424242423,1.0,0.1395757575757577,,0.0,0.0,1.0
v1.0,v1.0,v1.0,S1_grid_cap,D1_improved,P_heat_first,34,0.8624242424242423,1.0,0.13757575757575768,,0.0,0.0,0.0
v1.0,v1.0,v1.0,S1_grid_cap,D1_improved,P_heat_first,35,0.8624242424242423,1.0,0.1395757575757577,,0.0,0.0,1.0
v1.0,v1.0,v1.0,S1_grid_cap,D1_improved,P_heat_first,36,0.8624242424242423,1.0,0.1395757575757577,,0.0,0.0,1.0
v1.0,v1.0,v1.0,S1_grid_cap,D1_improved,P_heat_first,37,0.8624242424242423,1.0,0.1395757575757577,,0.0,0.0,1.0
v1.0,v1.0,v1.0,S1_grid_cap,D1_improved,P_heat_first,38,0.8624242424242423,1.0,0.13757575757575768,,0.0,0.0,0.0
v1.0,v1.0,v1.0,S1_grid_cap,D1_improved,P_heat_first,39,0.8624242424242423,1.0,0.13757575757575768,,0.0,0.0,0.0
v1.0,v1.0,v1.0,S1_grid_cap,D1_improved,P_balanced,0,0.868030303030303,1.0,0.13796969696969696,,0.0,0.0,3.0
v1.0,v1.0,v1.0,S1_grid_cap,D1_improved,P_balanced,1,0.868030303030303,1.0,0.13396969696969696,,0.0,0.0,1.0
v1.0,v1.0,v1.0,S1_grid_cap,D1_improved,P_balanced,2,0.868030303030303,1.0,0.13196969696969696,,0.0,0.0,0.0
v1.0,v1.0,v1.0,S1_grid_cap,D1_improved,P_balanced,3,0.868030303030303,1.0,0.13196969696969696,,0.0,0.0,0.0
v1.0,v1.0,v1.0,S1_grid_cap,D1_improved,P_balanced,4,0.868030303030303,1.0,0.13196969696969696,,0.0,0.0,0.0
v1.0,v1.0,v1.0,S1_grid_cap,D1_improved,P_balanced,5,0.868030303030303,1.0,0.13396969696969696,,0.0,0.0,1.0
v1.0,v1.0,v1.0,S1_grid_cap,D1_improved,P_balanced,6,0.868030303030303,1.0,0.13196969696969696,,0.0,0.0,0.0
v1.0,v1.0,v1.0,S1_grid_cap,D1_improved,P_balanced,7,0.868030303030303,1.0,0.13196969696969696,,0.0,0.0,0.0
v1.0,v1.0,v1.0,S1_grid_cap,D1_improved,P_balanced,8,0.868030303030303,1.0,0.13396969696969696,,0.0,0.0,1.0
v1.0,v1.0,v1.0,S1_grid_cap,D1_improved,P_balanced,9,0.868030303030303,1.0,0.13196969696969696,,0.0,0.0,0.0
v1.0,v1.0,v1.0,S1_grid_cap,D1_improved,P_balanced,10,0.868030303030303,1.0,0.13196969696969696,,0.0,0.0,0.0
v1.0,v1.0,v1.0,S1_grid_cap,D1_improved,P_balanced,11,0.868030303030303,1.0,0.13196969696969696,,0.0,0.0,0.0
v1.0,v1.0,v1.0,S1_grid_cap,D1_improved,P_balanced,12,0.868030303030303,1.0,0.13396969696969696,,0.0,0.0,1.0
v1.0,v1.0,v1.0,S1_grid_cap,D1_improved,P_balanced,13,0.868030303030303,1.0,0.13196969696969696,,0.0,0.0,0.0
v1.0,v1.0,v1.0,S1_grid_cap,D1_improved,P_balanced,14,0.868030303030303,1.0,0.13196969696969696,,0.0,0.0,0.0
v1.0,v1.0,v1.0,S1_grid_cap,D1_improved,P_balanced,15,0.868030303030303,1.0,0.13196969696969696,,0.0,0.0,0.0
v1.0,v1.0,v1.0,S1_grid_cap,D1_improved,P_balanced,16,0.868030303030303,1.0,0.13196969696969696,,0.0,0.0,0.0
v1.0,v1.0,v1.0,S1_grid_cap,D1_improved,P_balanced,17,0.868030303030303,1.0,0.13396969696969696,,0.0,0.0,1.0
v1.0,v1.0,v1.0,S1_grid_cap,D1_improved,P_balanced,18,0.868030303030303,1.0,0.13196969696969696,,0.0,0.0,0.0
v1.0,v1.0,v1.0,S1_grid_cap,D1_improved,P_balanced,19,0.868030303030303,1.0,0.13596969696969696,,0.0,0.0,2.0
v1.0,v1.0,v1.0,S1_grid_cap,D1_improved,P_balanced,20,0.868030303030303,1.0,0.13196969696969696,,0.0,0.0,0.0
v1.0,v1.0,v1.0,S1_grid_cap,D1_improved,P_balanced,21,0.868030303030303,1.0,0.13596969696969696,,0.0,0.0,2.0
v1.0,v1.0,v1.0,S1_grid_cap,D1_improved,P_balanced,22,0.868030303030303,1.0,0.13196969696969696,,0.0,0.0,0.0
v1.0,v1.0,v1.0,S1_grid_cap,D1_improved,P_balanced,23,0.868030303030303,1.0,0.13396969696969696,,0.0,0.0,1.0
v1.0,v1.0,v1.0,S1_grid_cap,D1_improved,P_balanced,24,0.868030303030303,1.0,0.13396969696969696,,0.0,0.0,1.0
v1.0,v1.0,v1.0,S1_grid_cap,D1_improved,P_balanced,25,0.868030303030303,1.0,0.13396969696969696,,0.0,0.0,1.0
v1.0,v1.0,v1.0,S1_grid_cap,D1_improved,P_balanced,26,0.868030303030303,1.0,0.13196969696969696,,0.0,0.0,0.0
v1.0,v1.0,v1.0,S1_grid_cap,D1_improved,P_balanced,27,0.868030303030303,1.0,0.13196969696969696,,0.0,0.0,0.0
v1.0,v1.0,v1.0,S1_grid_cap,D1_improved,P_balanced,28,0.868030303030303,1.0,0.13196969696969696,,0.0,0.0,0.0
v1.0,v1.0,v1.0,S1_grid_cap,D1_improved,P_balanced,29,0.868030303030303,1.0,0.13396969696969696,,0.0,0.0,1.0
v1.0,v1.0,v1.0,S1_grid_cap,D1_improved,P_balanced,30,0.868030303030303,1.0,0.13196969696969696,,0.0,0.0,0.0
v1.0,v1.0,v1.0,S1_grid_cap,D1_improved,P_balanced,31,0.868030303030303,1.0,0.13396969696969696,,0.0,0.0,1.0
v1.0,v1.0,v1.0,S1_grid_cap,D1_improved,P_balanced,32,0.868030303030303,1.0,0.13396969696969696,,0.0,0.0,1.0
v1.0,v1.0,v1.0,S1_grid_cap,D1_improved,P_balanced,33,0.868030303030303,1.0,0.13396969696969696,,0.0,0.0,1.0
v1.0,v1.0,v1.0,S1_grid_cap,D1_improved,P_balanced,34,0.868030303030303,1.0,0.13196969696969696,,0.0,0.0,0.0
v1.0,v1.0,v1.0,S1_grid_cap,D1_improved,P_balanced,35,0.868030303030303,1.0,0.13396969696969696,,0.0,0.0,1.0
v1.0,v1.0,v1.0,S1_grid_cap,D1_improved,P_balanced,36,0.868030303030303,1.0,0.13396969696969696,,0.0,0.0,1.0
v1.0,v1.0,v1.0,S1_grid_cap,D1_improved,P_balanced,37,0.868030303030303,1.0,0.13396969696969696,,0.0,0.0,1.0
v1.0,v1.0,v1.0,S1_grid_cap,D1_improved,P_balanced,38,0.868030303030303,1.0,0.13196969696969696,,0.0,0.0,0.0
v1.0,v1.0,v1.0,S1_grid_cap,D1_improved,P_balanced,39,0.868030303030303,1.0,0.13196969696969696,,0.0,0.0,0.0
v1.0,v1.0,v1.0,S1_grid_cap,D1_improved,P_no_containment,0,0.868030303030303,1.0,0.13796969696969696,,0.0,0.0,3.0
v1.0,v1.0,v1.0,S1_grid_cap,D1_improved,P_no_containment,1,0.868030303030303,1.0,0.13396969696969696,,0.0,0.0,1.0
v1.0,v1.0,v1.0,S1_grid_cap,D1_improved,P_no_containment,2,0.868030303030303,1.0,0.13196969696969696,,0.0,0.0,0.0
v1.0,v1.0,v1.0,S1_grid_cap,D1_improved,P_no_containment,3,0.868030303030303,1.0,0.13196969696969696,,0.0,0.0,0.0
v1.0,v1.0,v1.0,S1_grid_cap,D1_improved,P_no_containment,4,0.868030303030303,1.0,0.13196969696969696,,0.0,0.0,0.0
v1.0,v1.0,v1.0,S1_grid_cap,D1_improved,P_no_containment,5,0.868030303030303,1.0,0.13396969696969696,,0.0,0.0,1.0
v1.0,v1.0,v1.0,S1_grid_cap,D1_improved,P_no_containment,6,0.868030303030303,1.0,0.13196969696969696,,0.0,0.0,0.0
v1.0,v1.0,v1.0,S1_grid_cap,D1_improved,P_no_containment,7,0.868030303030303,1.0,0.13196969696969696,,0.0,0.0,0.0
v1.0,v1.0,v1.0,S1_grid_cap,D1_improved,P_no_containment,8,0.868030303030303,1.0,0.13396969696969696,,0.0,0.0,1.0
v1.0,v1.0,v1.0,S1_grid_cap,D1_improved,P_no_containment,9,0.868030303030303,1.0,0.13196969696969696,,0.0,0.0,0.0
v1.0,v1.0,v1.0,S1_grid_cap,D1_improved,P_no_containment,10,0.868030303030303,1.0,0.13196969696969696,,0.0,0.0,0.0
v1.0,v1.0,v1.0,S1_grid_cap,D1_improved,P_no_containment,11,0.868030303030303,1.0,0.13196969696969696,,0.0,0.0,0.0
v1.0,v1.0,v1.0,S1_grid_cap,D1_improved,P_no_containment,12,0.868030303030303,1.0,0.13396969696969696,,0.0,0.0,1.0
v1.0,v1.0,v1.0,S1_grid_cap,D1_improved,P_no_containment,13,0.868030303030303,1.0,0.13196969696969696,,0.0,0.0,0.0
v1.0,v1.0,v1.0,S1_grid_cap,D1_improved,P_no_containment,14,0.868030303030303,1.0,0.13196969696969696,,0.0,0.0,0.0
v1.0,v1.0,v1.0,S1_grid_cap,D1_improved,P_no_containment,15,0.868030303030303,1.0,0.13196969696969696,,0.0,0.0,0.0
v1.0,v1.0,v1.0,S1_grid_cap,D1_improved,P_no_containment,16,0.868030303030303,1.0,0.13196969696969696,,0.0,0.0,0.0
v1.0,v1.0,v1.0,S1_grid_cap,D1_improved,P_no_containment,17,0.868030303030303,1.0,0.13396969696969696,,0.0,0.0,1.0
v1.0,v1.0,v1.0,S1_grid_cap,D1_improved,P_no_containment,18,0.868030303030303,1.0,0.13196969696969696,,0.0,0.0,0.0
v1.0,v1.0,v1.0,S1_grid_cap,D1_improved,P_no_containment,19,0.868030303030303,1.0,0.13596969696969696,,0.0,0.0,2.0
v1.0,v1.0,v1.0,S1_grid_cap,D1_improved,P_no_containment,20,0.868030303030303,1.0,0.13196969696969696,,0.0,0.0,0.0
v1.0,v1.0,v1.0,S1_grid_cap,D1_improved,P_no_containment,21,0.868030303030303,1.0,0.13596969696969696,,0.0,0.0,2.0
v1.0,v1.0,v1.0,S1_grid_cap,D1_improved,P_no_containment,22,0.868030303030303,1.0,0.13196969696969696,,0.0,0.0,0.0
v1.0,v1.0,v1.0,S1_grid_cap,D1_improved,P_no_containment,23,0.868030303030303,1.0,0.13396969696969696,,0.0,0.0,1.0
v1.0,v1.0,v1.0,S1_grid_cap,D1_improved,P_no_containment,24,0.868030303030303,1.0,0.13396969696969696,,0.0,0.0,1.0
v1.0,v1.0,v1.0,S1_grid_cap,D1_improved,P_no_containment,25,0.868030303030303,1.0,0.13396969696969696,,0.0,0.0,1.0
v1.0,v1.0,v1.0,S1_grid_cap,D1_improved,P_no_containment,26,0.868030303030303,1.0,0.13196969696969696,,0.0,0.0,0.0
v1.0,v1.0,v1.0,S1_grid_cap,D1_improved,P_no_containment,27,0.868030303030303,1.0,0.13196969696969696,,0.0,0.0,0.0
v1.0,v1.0,v1.0,S1_grid_cap,D1_improved,P_no_containment,28,0.868030303030303,1.0,0.13196969696969696,,0.0,0.0,0.0
v1.0,v1.0,v1.0,S1_grid_cap,D1_improved,P_no_containment,29,0.868030303030303,1.0,0.13396969696969696,,0.0,0.0,1.0
v1.0,v1.0,v1.0,S1_grid_cap,D1_improved,P_no_containment,30,0.868030303030303,1.0,0.13196969696969696,,0.0,0.0,0.0
v1.0,v1.0,v1.0,S1_grid_cap,D1_improved,P_no_containment,31,0.868030303030303,1.0,0.13396969696969696,,0.0,0.0,1.0
v1.0,v1.0,v1.0,S1_grid_cap,D1_improved,P_no_containment,32,0.868030303030303,1.0,0.13396969696969696,,0.0,0.0,1.0
v1.0,v1.0,v1.0,S1_grid_cap,D1_improved,P_no_containment,33,0.868030303030303,1.0,0.13396969696969696,,0.0,0.0,1.0
v1.0,v1.0,v1.0,S1_grid_cap,D1_improved,P_no_containment,34,0.868030303030303,1.0,0.13196969696969696,,0.0,0.0,0.0
v1.0,v1.0,v1.0,S1_grid_cap,D1_improved,P_no_containment,35,0.868030303030303,1.0,0.13396969696969696,,0.0,0.0,1.0
v1.0,v1.0,v1.0,S1_grid_cap,D1_improved,P_no_containment,36,0.868030303030303,1.0,0.13396969696969696,,0.0,0.0,1.0
v1.0,v1.0,v1.0,S1_grid_cap,D1_improved,P_no_containment,37,0.868030303030303,1.0,0.13396969696969696,,0.0,0.0,1.0
v1.0,v1.0,v1.0,S1_grid_cap,D1_improved,P_no_containment,38,0.868030303030303,1.0,0.13196969696969696,,0.0,0.0,0.0
v1.0,v1.0,v1.0,S1_grid_cap,D1_improved,P_no_containment,39,0.868030303030303,1.0,0.13196969696969696,,0.0,0.0,0.0
v1.0,v1.0,v1.0,S1_grid_cap,D1_improved,P_aggressive,0,0.8390340909090908,1.0,0.17752146464646482,,0.10555555555555556,0.0,3.0
v1.0,v1.0,v1.0,S1_grid_cap,D1_improved,P_aggressive,1,0.8559627525252527,1.0,0.1513150252525251,,0.05277777777777778,0.0,1.0
v1.0,v1.0,v1.0,S1_grid_cap,D1_improved,P_aggressive,2,0.868030303030303,1.0,0.13196969696969696,,0.0,0.0,0.0
v1.0,v1.0,v1.0,S1_grid_cap,D1_improved,P_aggressive,3,0.868030303030303,1.0,0.13196969696969696,,0.0,0.0,0.0
v1.0,v1.0,v1.0,S1_grid_cap,D1_improved,P_aggressive,4,0.868030303030303,1.0,0.13196969696969696,,0.0,0.0,0.0
v1.0,v1.0,v1.0,S1_grid_cap,D1_improved,P_aggressive,5,0.8559627525252527,1.0,0.1513150252525251,,0.05277777777777778,0.0,1.0
v1.0,v1.0,v1.0,S1_grid_cap,D1_improved,P_aggressive,6,0.868030303030303,1.0,0.13196969696969696,,0.0,0.0,0.0
v1.0,v1.0,v1.0,S1_grid_cap,D1_improved,P_aggressive,7,0.868030303030303,1.0,0.13196969696969696,,0.0,0.0,0.0
v1.0,v1.0,v1.0,S1_grid_cap,D1_improved,P_aggressive,8,0.858732638888889,1.0,0.14604513888888881,,0.027777777777777776,0.0,1.0
v1.0,v1.0,v1.0,S1_grid_cap,D1_improved,P_aggressive,9,0.868030303030303,1.0,0.13196969696969696,,0.0,0.0,0.0
v1.0,v1.0,v1.0,S1_grid_cap,D1_improved,P_aggressive,10,0.868030303030303,1.0,0.13196969696969696,,0.0,0.0,0.0
v1.0,v1.0,v1.0,S1_grid_cap,D1_improved,P_aggressive,11,0.868030303030303,1.0,0.13196969696969696,,0.0,0.0,0.0
v1.0,v1.0,v1.0,S1_grid_cap,D1_improved,P_aggressive,12,0.8601322601010101,0.9999295194892474,0.14723009428967088,,0.05277777777777778,0.0,1.0
v1.0,v1.0,v1.0,S1_grid_cap,D1_improved,P_aggressive,13,0.868030303030303,1.0,0.13196969696969696,,0.0,0.0,0.0
v1.0,v1.0,v1.0,S1_grid_cap,D1_improved,P_aggressive,14,0.868030303030303,1.0,0.13196969696969696,,0.0,0.0,0.0
v1.0,v1.0,v1.0,S1_grid_cap,D1_improved,P_aggressive,15,0.868030303030303,1.0,0.13196969696969696,,0.0,0.0,0.0
v1.0,v1.0,v1.0,S1_grid_cap,D1_improved,P_aggressive,16,0.868030303030303,1.0,0.13196969696969696,,0.0,0.0,0.0
v1.0,v1.0,v1.0,S1_grid_cap,D1_improved,P_aggressive,17,0.8559627525252524,1.0,0.15131502525252533,,0.05277777777777778,0.0,1.0
v1.0,v1.0,v1.0,S1_grid_cap,D1_improved,P_aggressive,18,0.868030303030303,1.0,0.13196969696969696,,0.0,0.0,0.0
v1.0,v1.0,v1.0,S1_grid_cap,D1_improved,P_aggressive,19,0.8498071338383839,0.9999295194892474,0.16483299833007484,,0.10555555555555556,0.0,2.0
v1.0,v1.0,v1.0,S1_grid_cap,D1_improved,P_aggressive,20,0.868030303030303,1.0,0.13196969696969696,,0.0,0.0,0.0
v1.0,v1.0,v1.0,S1_grid_cap,D1_improved,P_aggressive,21,0.8438952020202019,1.0,0.17066035353535372,,0.10555555555555556,0.0,2.0
v1.0,v1.0,v1.0,S1_grid_cap,D1_improved,P_aggressive,22,0.868030303030303,1.0,0.13196969696969696,,0.0,0.0,0.0
v1.0,v1.0,v1.0,S1_grid_cap,D1_improved,P_aggressive,23,0.8511016414141414,1.0,0.15617613636363642,,0.05277777777777778,0.0,1.0
v1.0,v1.0,v1.0,S1_grid_cap,D1_improved,P_aggressive,24,0.8559627525252527,1.0,0.1513150252525251,,0.05277777777777778,0.0,1.0
v1.0,v1.0,v1.0,S1_grid_cap,D1_improved,P_aggressive,25,0.8559627525252527,1.0,0.1513150252525251,,0.05277777777777778,0.0,1.0
v1.0,v1.0,v1.0,S1_grid_cap,D1_improved,P_aggressive,26,0.868030303030303,1.0,0.13196969696969696,,0.0,0.0,0.0
v1.0,v1.0,v1.0,S1_grid_cap,D1_improved,P_aggressive,27,0.868030303030303,1.0,0.13196969696969696,,0.0,0.0,0.0
v1.0,v1.0,v1.0,S1_grid_cap,D1_improved,P_aggressive,28,0.868030303030303,1.0,0.13196969696969696,,0.0,0.0,0.0
v1.0,v1.0,v1.0,S1_grid_cap,D1_improved,P_aggressive,29,0.8559627525252527,1.0,0.1513150252525251,,0.05277777777777778,0.0,1.0
v1.0,v1.0,v1.0,S1_grid_cap,D1_improved,P_aggressive,30,0.868030303030303,1.0,0.13196969696969696,,0.0,0.0,0.0
v1.0,v1.0,v1.0,S1_grid_cap,D1_improved,P_aggressive,31,0.8559627525252527,1.0,0.1513150252525251,,0.05277777777777778,0.0,1.0
v1.0,v1.0,v1.0,S1_grid_cap,D1_improved,P_aggressive,32,0.8559627525252524,1.0,0.15131502525252533,,0.05277777777777778,0.0,1.0
v1.0,v1.0,v1.0,S1_grid_cap,D1_improved,P_aggressive,33,0.8559627525252527,1.0,0.1513150252525251,,0.05277777777777778,0.0,1.0
v1.0,v1.0,v1.0,S1_grid_cap,D1_improved,P_aggressive,34,0.868030303030303,1.0,0.13196969696969696,,0.0,0.0,0.0
v1.0,v1.0,v1.0,S1_grid_cap,D1_improved,P_aggressive,35,0.8559627525252527,1.0,0.1513150252525251,,0.05277777777777778,0.0,1.0
v1.0,v1.0,v1.0,S1_grid_cap,D1_improved,P_aggressive,36,0.8559627525252527,1.0,0.1513150252525251,,0.05277777777777778,0.0,1.0
v1.0,v1.0,v1.0,S1_grid_cap,D1_improved,P_aggressive,37,0.8577739898989899,0.9999295194892474,0.14958836449169105,,0.05277777777777778,0.0,1.0
v1.0,v1.0,v1.0,S1_grid_cap,D1_improved,P_aggressive,38,0.868030303030303,1.0,0.13196969696969696,,0.0,0.0,0.0
v1.0,v1.0,v1.0,S1_grid_cap,D1_improved,P_aggressive,39,0.868030303030303,1.0,0.13196969696969696,,0.0,0.0,0.0
v1.0,v1.0,v1.0,S1_grid_cap,D1_improved,P_conservative,0,0.868030303030303,1.0,0.13796969696969696,,0.0,0.0,3.0
v1.0,v1.0,v1.0,S1_grid_cap,D1_improved,P_conservative,1,0.868030303030303,1.0,0.13396969696969696,,0.0,0.0,1.0
v1.0,v1.0,v1.0,S1_grid_cap,D1_improved,P_conservative,2,0.868030303030303,1.0,0.13196969696969696,,0.0,0.0,0.0
v1.0,v1.0,v1.0,S1_grid_cap,D1_improved,P_conservative,3,0.868030303030303,1.0,0.13196969696969696,,0.0,0.0,0.0
v1.0,v1.0,v1.0,S1_grid_cap,D1_improved,P_conservative,4,0.868030303030303,1.0,0.13196969696969696,,0.0,0.0,0.0
v1.0,v1.0,v1.0,S1_grid_cap,D1_improved,P_conservative,5,0.868030303030303,1.0,0.13396969696969696,,0.0,0.0,1.0
v1.0,v1.0,v1.0,S1_grid_cap,D1_improved,P_conservative,6,0.868030303030303,1.0,0.13196969696969696,,0.0,0.0,0.0
v1.0,v1.0,v1.0,S1_grid_cap,D1_improved,P_conservative,7,0.868030303030303,1.0,0.13196969696969696,,0.0,0.0,0.0
v1.0,v1.0,v1.0,S1_grid_cap,D1_improved,P_conservative,8,0.868030303030303,1.0,0.13396969696969696,,0.0,0.0,1.0
v1.0,v1.0,v1.0,S1_grid_cap,D1_improved,P_conservative,9,0.868030303030303,1.0,0.13196969696969696,,0.0,0.0,0.0
v1.0,v1.0,v1.0,S1_grid_cap,D1_improved,P_conservative,10,0.868030303030303,1.0,0.13196969696969696,,0.0,0.0,0.0
v1.0,v1.0,v1.0,S1_grid_cap,D1_improved,P_conservative,11,0.868030303030303,1.0,0.13196969696969696,,0.0,0.0,0.0
v1.0,v1.0,v1.0,S1_grid_cap,D1_improved,P_conservative,12,0.868030303030303,1.0,0.13396969696969696,,0.0,0.0,1.0
v1.0,v1.0,v1.0,S1_grid_cap,D1_improved,P_conservative,13,0.868030303030303,1.0,0.13196969696969696,,0.0,0.0,0.0
v1.0,v1.0,v1.0,S1_grid_cap,D1_improved,P_conservative,14,0.868030303030303,1.0,0.13196969696969696,,0.0,0.0,0.0
v1.0,v1.0,v1.0,S1_grid_cap,D1_improved,P_conservative,15,0.868030303030303,1.0,0.13196969696969696,,0.0,0.0,0.0
v1.0,v1.0,v1.0,S1_grid_cap,D1_improved,P_conservative,16,0.868030303030303,1.0,0.13196969696969696,,0.0,0.0,0.0
v1.0,v1.0,v1.0,S1_grid_cap,D1_improved,P_conservative,17,0.868030303030303,1.0,0.13396969696969696,,0.0,0.0,1.0
v1.0,v1.0,v1.0,S1_grid_cap,D1_improved,P_conservative,18,0.868030303030303,1.0,0.13196969696969696,,0.0,0.0,0.0
v1.0,v1.0,v1.0,S1_grid_cap,D1_improved,P_conservative,19,0.868030303030303,1.0,0.13596969696969696,,0.0,0.0,2.0
v1.0,v1.0,v1.0,S1_grid_cap,D1_improved,P_conservative,20,0.868030303030303,1.0,0.13196969696969696,,0.0,0.0,0.0
v1.0,v1.0,v1.0,S1_grid_cap,D1_improved,P_conservative,21,0.868030303030303,1.0,0.13596969696969696,,0.0,0.0,2.0
v1.0,v1.0,v1.0,S1_grid_cap,D1_improved,P_conservative,22,0.868030303030303,1.0,0.13196969696969696,,0.0,0.0,0.0
v1.0,v1.0,v1.0,S1_grid_cap,D1_improved,P_conservative,23,0.868030303030303,1.0,0.13396969696969696,,0.0,0.0,1.0
v1.0,v1.0,v1.0,S1_grid_cap,D1_improved,P_conservative,24,0.868030303030303,1.0,0.13396969696969696,,0.0,0.0,1.0
v1.0,v1.0,v1.0,S1_grid_cap,D1_improved,P_conservative,25,0.868030303030303,1.0,0.13396969696969696,,0.0,0.0,1.0
v1.0,v1.0,v1.0,S1_grid_cap,D1_improved,P_conservative,26,0.868030303030303,1.0,0.13196969696969696,,0.0,0.0,0.0
v1.0,v1.0,v1.0,S1_grid_cap,D1_improved,P_conservative,27,0.868030303030303,1.0,0.13196969696969696,,0.0,0.0,0.0
v1.0,v1.0,v1.0,S1_grid_cap,D1_improved,P_conservative,28,0.868030303030303,1.0,0.13196969696969696,,0.0,0.0,0.0
v1.0,v1.0,v1.0,S1_grid_cap,D1_improved,P_conservative,29,0.868030303030303,1.0,0.13396969696969696,,0.0,0.0,1.0
v1.0,v1.0,v1.0,S1_grid_cap,D1_improved,P_conservative,30,0.868030303030303,1.0,0.13196969696969696,,0.0,0.0,0.0
v1.0,v1.0,v1.0,S1_grid_cap,D1_improved,P_conservative,31,0.868030303030303,1.0,0.13396969696969696,,0.0,0.0,1.0
v1.0,v1.0,v1.0,S1_grid_cap,D1_improved,P_conservative,32,0.868030303030303,1.0,0.13396969696969696,,0.0,0.0,1.0
v1.0,v1.0,v1.0,S1_grid_cap,D1_improved,P_conservative,33,0.868030303030303,1.0,0.13396969696969696,,0.0,0.0,1.0
v1.0,v1.0,v1.0,S1_grid_cap,D1_improved,P_conservative,34,0.868030303030303,1.0,0.13196969696969696,,0.0,0.0,0.0
v1.0,v1.0,v1.0,S1_grid_cap,D1_improved,P_conservative,35,0.868030303030303,1.0,0.13396969696969696,,0.0,0.0,1.0
v1.0,v1.0,v1.0,S1_grid_cap,D1_improved,P_conservative,36,0.868030303030303,1.0,0.13396969696969696,,0.0,0.0,1.0
v1.0,v1.0,v1.0,S1_grid_cap,D1_improved,P_conservative,37,0.868030303030303,1.0,0.13396969696969696,,0.0,0.0,1.0
v1.0,v1.0,v1.0,S1_grid_cap,D1_improved,P_conservative,38,0.868030303030303,1.0,0.13196969696969696,,0.0,0.0,0.0
v1.0,v1.0,v1.0,S1_grid_cap,D1_improved,P_conservative,39,0.868030303030303,1.0,0.13196969696969696,,0.0,0.0,0.0
v1.0,v1.0,v1.0,S1_grid_cap,D_oracle,P_alpha0.15,0,0.8624242424242423,1.0,0.13757575757575768,,0.0,0.0,0.0
v1.0,v1.0,v1.0,S1_grid_cap,D_oracle,P_alpha0.15,1,0.8624242424242423,1.0,0.13757575757575768,,0.0,0.0,0.0
v1.0,v1.0,v1.0,S1_grid_cap,D_oracle,P_alpha0.15,2,0.8624242424242423,1.0,0.13757575757575768,,0.0,0.0,0.0
v1.0,v1.0,v1.0,S1_grid_cap,D_oracle,P_alpha0.15,3,0.8624242424242423,1.0,0.13757575757575768,,0.0,0.0,0.0
v1.0,v1.0,v1.0,S1_grid_cap,D_oracle,P_alpha0.15,4,0.8624242424242423,1.0,0.13757575757575768,,0.0,0.0,0.0
v1.0,v1.0,v1.0,S1_grid_cap,D_oracle,P_alpha0.15,5,0.8624242424242423,1.0,0.13757575757575768,,0.0,0.0,0.0
v1.0,v1.0,v1.0,S1_grid_cap,D_oracle,P_alpha0.15,6,0.8624242424242423,1.0,0.13757575757575768,,0.0,0.0,0.0
v1.0,v1.0,v1.0,S1_grid_cap,D_oracle,P_alpha0.15,7,0.8624242424242423,1.0,0.13757575757575768,,0.0,0.0,0.0
v1.0,v1.0,v1.0,S1_grid_cap,D_oracle,P_alpha0.15,8,0.8624242424242423,1.0,0.13757575757575768,,0.0,0.0,0.0
v1.0,v1.0,v1.0,S1_grid_cap,D_oracle,P_alpha0.15,9,0.8624242424242423,1.0,0.13757575757575768,,0.0,0.0,0.0
v1.0,v1.0,v1.0,S1_grid_cap,D_oracle,P_alpha0.15,10,0.8624242424242423,1.0,0.13757575757575768,,0.0,0.0,0.0
v1.0,v1.0,v1.0,S1_grid_cap,D_oracle,P_alpha0.15,11,0.8624242424242423,1.0,0.13757575757575768,,0.0,0.0,0.0
v1.0,v1.0,v1.0,S1_grid_cap,D_oracle,P_alpha0.15,12,0.8624242424242423,1.0,0.13757575757575768,,0.0,0.0,0.0
v1.0,v1.0,v1.0,S1_grid_cap,D_oracle,P_alpha0.15,13,0.8624242424242423,1.0,0.13757575757575768,,0.0,0.0,0.0
v1.0,v1.0,v1.0,S1_grid_cap,D_oracle,P_alpha0.15,14,0.8624242424242423,1.0,0.13757575757575768,,0.0,0.0,0.0
v1.0,v1.0,v1.0,S1_grid_cap,D_oracle,P_alpha0.15,15,0.8624242424242423,1.0,0.13757575757575768,,0.0,0.0,0.0
v1.0,v1.0,v1.0,S1_grid_cap,D_oracle,P_alpha0.15,16,0.8624242424242423,1.0,0.13757575757575768,,0.0,0.0,0.0
v1.0,v1.0,v1.0,S1_grid_cap,D_oracle,P_alpha0.15,17,0.8624242424242423,1.0,0.13757575757575768,,0.0,0.0,0.0
v1.0,v1.0,v1.0,S1_grid_cap,D_oracle,P_alpha0.15,18,0.8624242424242423,1.0,0.13757575757575768,,0.0,0.0,0.0
v1.0,v1.0,v1.0,S1_grid_cap,D_oracle,P_alpha0.15,19,0.8624242424242423,1.0,0.13757575757575768,,0.0,0.0,0.0
v1.0,v1.0,v1.0,S1_grid_cap,D_oracle,P_alpha0.15,20,0.8624242424242423,1.0,0.13757575757575768,,0.0,0.0,0.0
v1.0,v1.0,v1.0,S1_grid_cap,D_oracle,P_alpha0.15,21,0.8624242424242423,1.0,0.13757575757575768,,0.0,0.0,0.0
v1.0,v1.0,v1.0,S1_grid_cap,D_oracle,P_alpha0.15,22,0.8624242424242423,1.0,0.13757575757575768,,0.0,0.0,0.0
v1.0,v1.0,v1.0,S1_grid_cap,D_oracle,P_alpha0.15,23,0.8624242424242423,1.0,0.13757575757575768,,0.0,0.0,0.0
v1.0,v1.0,v1.0,S1_grid_cap,D_oracle,P_alpha0.15,24,0.8624242424242423,1.0,0.13757575757575768,,0.0,0.0,0.0
v1.0,v1.0,v1.0,S1_grid_cap,D_oracle,P_alpha0.15,25,0.8624242424242423,1.0,0.13757575757575768,,0.0,0.0,0.0
v1.0,v1.0,v1.0,S1_grid_cap,D_oracle,P_alpha0.15,26,0.8624242424242423,1.0,0.13757575757575768,,0.0,0.0,0.0
v1.0,v1.0,v1.0,S1_grid_cap,D_oracle,P_alpha0.15,27,0.8624242424242423,1.0,0.13757575757575768,,0.0,0.0,0.0
v1.0,v1.0,v1.0,S1_grid_cap,D_oracle,P_alpha0.15,28,0.8624242424242423,1.0,0.13757575757575768,,0.0,0.0,0.0
v1.0,v1.0,v1.0,S1_grid_cap,D_oracle,P_alpha0.15,29,0.8624242424242423,1.0,0.13757575757575768,,0.0,0.0,0.0
v1.0,v1.0,v1.0,S1_grid_cap,D_oracle,P_alpha0.15,30,0.8624242424242423,1.0,0.13757575757575768,,0.0,0.0,0.0
v1.0,v1.0,v1.0,S1_grid_cap,D_oracle,P_alpha0.15,31,0.8624242424242423,1.0,0.13757575757575768,,0.0,0.0,0.0
v1.0,v1.0,v1.0,S1_grid_cap,D_oracle,P_alpha0.15,32,0.8624242424242423,1.0,0.13757575757575768,,0.0,0.0,0.0
v1.0,v1.0,v1.0,S1_grid_cap,D_oracle,P_alpha0.15,33,0.8624242424242423,1.0,0.13757575757575768,,0.0,0.0,0.0
v1.0,v1.0,v1.0,S1_grid_cap,D_oracle,P_alpha0.15,34,0.8624242424242423,1.0,0.13757575757575768,,0.0,0.0,0.0
v1.0,v1.0,v1.0,S1_grid_cap,D_oracle,P_alpha0.15,35,0.8624242424242423,1.0,0.13757575757575768,,0.0,0.0,0.0
v1.0,v1.0,v1.0,S1_grid_cap,D_oracle,P_alpha0.15,36,0.8624242424242423,1.0,0.13757575757575768,,0.0,0.0,0.0
v1.0,v1.0,v1.0,S1_grid_cap,D_oracle,P_alpha0.15,37,0.8624242424242423,1.0,0.13757575757575768,,0.0,0.0,0.0
v1.0,v1.0,v1.0,S1_grid_cap,D_oracle,P_alpha0.15,38,0.8624242424242423,1.0,0.13757575757575768,,0.0,0.0,0.0
v1.0,v1.0,v1.0,S1_grid_cap,D_oracle,P_alpha0.15,39,0.8624242424242423,1.0,0.13757575757575768,,0.0,0.0,0.0
v1.0,v1.0,v1.0,S1_grid_cap,D_oracle,P_alpha0.30,0,0.8624242424242423,1.0,0.13757575757575768,,0.0,0.0,0.0
v1.0,v1.0,v1.0,S1_grid_cap,D_oracle,P_alpha0.30,1,0.8624242424242423,1.0,0.13757575757575768,,0.0,0.0,0.0
v1.0,v1.0,v1.0,S1_grid_cap,D_oracle,P_alpha0.30,2,0.8624242424242423,1.0,0.13757575757575768,,0.0,0.0,0.0
v1.0,v1.0,v1.0,S1_grid_cap,D_oracle,P_alpha0.30,3,0.8624242424242423,1.0,0.13757575757575768,,0.0,0.0,0.0
v1.0,v1.0,v1.0,S1_grid_cap,D_oracle,P_alpha0.30,4,0.8624242424242423,1.0,0.13757575757575768,,0.0,0.0,0.0
v1.0,v1.0,v1.0,S1_grid_cap,D_oracle,P_alpha0.30,5,0.8624242424242423,1.0,0.13757575757575768,,0.0,0.0,0.0
v1.0,v1.0,v1.0,S1_grid_cap,D_oracle,P_alpha0.30,6,0.8624242424242423,1.0,0.13757575757575768,,0.0,0.0,0.0
v1.0,v1.0,v1.0,S1_grid_cap,D_oracle,P_alpha0.30,7,0.8624242424242423,1.0,0.13757575757575768,,0.0,0.0,0.0
v1.0,v1.0,v1.0,S1_grid_cap,D_oracle,P_alpha0.30,8,0.8624242424242423,1.0,0.13757575757575768,,0.0,0.0,0.0
v1.0,v1.0,v1.0,S1_grid_cap,D_oracle,P_alpha0.30,9,0.8624242424242423,1.0,0.13757575757575768,,0.0,0.0,0.0
v1.0,v1.0,v1.0,S1_grid_cap,D_oracle,P_alpha0.30,10,0.8624242424242423,1.0,0.13757575757575768,,0.0,0.0,0.0
v1.0,v1.0,v1.0,S1_grid_cap,D_oracle,P_alpha0.30,11,0.8624242424242423,1.0,0.13757575757575768,,0.0,0.0,0.0
v1.0,v1.0,v1.0,S1_grid_cap,D_oracle,P_alpha0.30,12,0.8624242424242423,1.0,0.13757575757575768,,0.0,0.0,0.0
v1.0,v1.0,v1.0,S1_grid_cap,D_oracle,P_alpha0.30,13,0.8624242424242423,1.0,0.13757575757575768,,0.0,0.0,0.0
v1.0,v1.0,v1.0,S1_grid_cap,D_oracle,P_alpha0.30,14,0.8624242424242423,1.0,0.13757575757575768,,0.0,0.0,0.0
v1.0,v1.0,v1.0,S1_grid_cap,D_oracle,P_alpha0.30,15,0.8624242424242423,1.0,0.13757575757575768,,0.0,0.0,0.0
v1.0,v1.0,v1.0,S1_grid_cap,D_oracle,P_alpha0.30,16,0.8624242424242423,1.0,0.13757575757575768,,0.0,0.0,0.0
v1.0,v1.0,v1.0,S1_grid_cap,D_oracle,P_alpha0.30,17,0.8624242424242423,1.0,0.13757575757575768,,0.0,0.0,0.0
v1.0,v1.0,v1.0,S1_grid_cap,D_oracle,P_alpha0.30,18,0.8624242424242423,1.0,0.13757575757575768,,0.0,0.0,0.0
v1.0,v1.0,v1.0,S1_grid_cap,D_oracle,P_alpha0.30,19,0.8624242424242423,1.0,0.13757575757575768,,0.0,0.0,0.0
v1.0,v1.0,v1.0,S1_grid_cap,D_oracle,P_alpha0.30,20,0.8624242424242423,1.0,0.13757575757575768,,0.0,0.0,0.0
v1.0,v1.0,v1.0,S1_grid_cap,D_oracle,P_alpha0.30,21,0.8624242424242423,1.0,0.13757575757575768,,0.0,0.0,0.0
v1.0,v1.0,v1.0,S1_grid_cap,D_oracle,P_alpha0.30,22,0.8624242424242423,1.0,0.13757575757575768,,0.0,0.0,0.0
v1.0,v1.0,v1.0,S1_grid_cap,D_oracle,P_alpha0.30,23,0.8624242424242423,1.0,0.13757575757575768,,0.0,0.0,0.0
v1.0,v1.0,v1.0,S1_grid_cap,D_oracle,P_alpha0.30,24,0.8624242424242423,1.0,0.13757575757575768,,0.0,0.0,0.0
v1.0,v1.0,v1.0,S1_grid_cap,D_oracle,P_alpha0.30,25,0.8624242424242423,1.0,0.13757575757575768,,0.0,0.0,0.0
v1.0,v1.0,v1.0,S1_grid_cap,D_oracle,P_alpha0.30,26,0.8624242424242423,1.0,0.13757575757575768,,0.0,0.0,0.0
v1.0,v1.0,v1.0,S1_grid_cap,D_oracle,P_alpha0.30,27,0.8624242424242423,1.0,0.13757575757575768,,0.0,0.0,0.0
v1.0,v1.0,v1.0,S1_grid_cap,D_oracle,P_alpha0.30,28,0.8624242424242423,1.0,0.13757575757575768,,0.0,0.0,0.0
v1.0,v1.0,v1.0,S1_grid_cap,D_oracle,P_alpha0.30,29,0.8624242424242423,1.0,0.13757575757575768,,0.0,0.0,0.0
v1.0,v1.0,v1.0,S1_grid_cap,D_oracle,P_alpha0.30,30,0.8624242424242423,1.0,0.13757575757575768,,0.0,0.0,0.0
v1.0,v1.0,v1.0,S1_grid_cap,D_oracle,P_alpha0.30,31,0.8624242424242423,1.0,0.13757575757575768,,0.0,0.0,0.0
v1.0,v1.0,v1.0,S1_grid_cap,D_oracle,P_alpha0.30,32,0.8624242424242423,1.0,0.13757575757575768,,0.0,0.0,0.0
v1.0,v1.0,v1.0,S1_grid_cap,D_oracle,P_alpha0.30,33,0.8624242424242423,1.0,0.13757575757575768,,0.0,0.0,0.0
v1.0,v1.0,v1.0,S1_grid_cap,D_oracle,P_alpha0.30,34,0.8624242424242423,1.0,0.13757575757575768,,0.0,0.0,0.0
v1.0,v1.0,v1.0,S1_grid_cap,D_oracle,P_alpha0.30,35,0.8624242424242423,1.0,0.13757575757575768,,0.0,0.0,0.0
v1.0,v1.0,v1.0,S1_grid_cap,D_oracle,P_alpha0.30,36,0.8624242424242423,1.0,0.13757575757575768,,0.0,0.0,0.0
v1.0,v1.0,v1.0,S1_grid_cap,D_oracle,P_alpha0.30,37,0.8624242424242423,1.0,0.13757575757575768,,0.0,0.0,0.0
v1.0,v1.0,v1.0,S1_grid_cap,D_oracle,P_alpha0.30,38,0.8624242424242423,1.0,0.13757575757575768,,0.0,0.0,0.0
v1.0,v1.0,v1.0,S1_grid_cap,D_oracle,P_alpha0.30,39,0.8624242424242423,1.0,0.13757575757575768,,0.0,0.0,0.0
v1.0,v1.0,v1.0,S1_grid_cap,D_oracle,P_alpha0.45,0,0.8624242424242423,1.0,0.13757575757575768,,0.0,0.0,0.0
v1.0,v1.0,v1.0,S1_grid_cap,D_oracle,P_alpha0.45,1,0.8624242424242423,1.0,0.13757575757575768,,0.0,0.0,0.0
v1.0,v1.0,v1.0,S1_grid_cap,D_oracle,P_alpha0.45,2,0.8624242424242423,1.0,0.13757575757575768,,0.0,0.0,0.0
v1.0,v1.0,v1.0,S1_grid_cap,D_oracle,P_alpha0.45,3,0.8624242424242423,1.0,0.13757575757575768,,0.0,0.0,0.0
v1.0,v1.0,v1.0,S1_grid_cap,D_oracle,P_alpha0.45,4,0.8624242424242423,1.0,0.13757575757575768,,0.0,0.0,0.0
v1.0,v1.0,v1.0,S1_grid_cap,D_oracle,P_alpha0.45,5,0.8624242424242423,1.0,0.13757575757575768,,0.0,0.0,0.0
v1.0,v1.0,v1.0,S1_grid_cap,D_oracle,P_alpha0.45,6,0.8624242424242423,1.0,0.13757575757575768,,0.0,0.0,0.0
v1.0,v1.0,v1.0,S1_grid_cap,D_oracle,P_alpha0.45,7,0.8624242424242423,1.0,0.13757575757575768,,0.0,0.0,0.0
v1.0,v1.0,v1.0,S1_grid_cap,D_oracle,P_alpha0.45,8,0.8624242424242423,1.0,0.13757575757575768,,0.0,0.0,0.0
v1.0,v1.0,v1.0,S1_grid_cap,D_oracle,P_alpha0.45,9,0.8624242424242423,1.0,0.13757575757575768,,0.0,0.0,0.0
v1.0,v1.0,v1.0,S1_grid_cap,D_oracle,P_alpha0.45,10,0.8624242424242423,1.0,0.13757575757575768,,0.0,0.0,0.0
v1.0,v1.0,v1.0,S1_grid_cap,D_oracle,P_alpha0.45,11,0.8624242424242423,1.0,0.13757575757575768,,0.0,0.0,0.0
v1.0,v1.0,v1.0,S1_grid_cap,D_oracle,P_alpha0.45,12,0.8624242424242423,1.0,0.13757575757575768,,0.0,0.0,0.0
v1.0,v1.0,v1.0,S1_grid_cap,D_oracle,P_alpha0.45,13,0.8624242424242423,1.0,0.13757575757575768,,0.0,0.0,0.0
v1.0,v1.0,v1.0,S1_grid_cap,D_oracle,P_alpha0.45,14,0.8624242424242423,1.0,0.13757575757575768,,0.0,0.0,0.0
v1.0,v1.0,v1.0,S1_grid_cap,D_oracle,P_alpha0.45,15,0.8624242424242423,1.0,0.13757575757575768,,0.0,0.0,0.0
v1.0,v1.0,v1.0,S1_grid_cap,D_oracle,P_alpha0.45,16,0.8624242424242423,1.0,0.13757575757575768,,0.0,0.0,0.0
v1.0,v1.0,v1.0,S1_grid_cap,D_oracle,P_alpha0.45,17,0.8624242424242423,1.0,0.13757575757575768,,0.0,0.0,0.0
v1.0,v1.0,v1.0,S1_grid_cap,D_oracle,P_alpha0.45,18,0.8624242424242423,1.0,0.13757575757575768,,0.0,0.0,0.0
v1.0,v1.0,v1.0,S1_grid_cap,D_oracle,P_alpha0.45,19,0.8624242424242423,1.0,0.13757575757575768,,0.0,0.0,0.0
v1.0,v1.0,v1.0,S1_grid_cap,D_oracle,P_alpha0.45,20,0.8624242424242423,1.0,0.13757575757575768,,0.0,0.0,0.0
v1.0,v1.0,v1.0,S1_grid_cap,D_oracle,P_alpha0.45,21,0.8624242424242423,1.0,0.13757575757575768,,0.0,0.0,0.0
v1.0,v1.0,v1.0,S1_grid_cap,D_oracle,P_alpha0.45,22,0.8624242424242423,1.0,0.13757575757575768,,0.0,0.0,0.0
v1.0,v1.0,v1.0,S1_grid_cap,D_oracle,P_alpha0.45,23,0.8624242424242423,1.0,0.13757575757575768,,0.0,0.0,0.0
v1.0,v1.0,v1.0,S1_grid_cap,D_oracle,P_alpha0.45,24,0.8624242424242423,1.0,0.13757575757575768,,0.0,0.0,0.0
v1.0,v1.0,v1.0,S1_grid_cap,D_oracle,P_alpha0.45,25,0.8624242424242423,1.0,0.13757575757575768,,0.0,0.0,0.0
v1.0,v1.0,v1.0,S1_grid_cap,D_oracle,P_alpha0.45,26,0.8624242424242423,1.0,0.13757575757575768,,0.0,0.0,0.0
v1.0,v1.0,v1.0,S1_grid_cap,D_oracle,P_alpha0.45,27,0.8624242424242423,1.0,0.13757575757575768,,0.0,0.0,0.0
v1.0,v1.0,v1.0,S1_grid_cap,D_oracle,P_alpha0.45,28,0.8624242424242423,1.0,0.13757575757575768,,0.0,0.0,0.0
v1.0,v1.0,v1.0,S1_grid_cap,D_oracle,P_alpha0.45,29,0.8624242424242423,1.0,0.13757575757575768,,0.0,0.0,0.0
v1.0,v1.0,v1.0,S1_grid_cap,D_oracle,P_alpha0.45,30,0.8624242424242423,1.0,0.13757575757575768,,0.0,0.0,0.0
v1.0,v1.0,v1.0,S1_grid_cap,D_oracle,P_alpha0.45,31,0.8624242424242423,1.0,0.13757575757575768,,0.0,0.0,0.0
v1.0,v1.0,v1.0,S1_grid_cap,D_oracle,P_alpha0.45,32,0.8624242424242423,1.0,0.13757575757575768,,0.0,0.0,0.0
v1.0,v1.0,v1.0,S1_grid_cap,D_oracle,P_alpha0.45,33,0.8624242424242423,1.0,0.13757575757575768,,0.0,0.0,0.0
v1.0,v1.0,v1.0,S1_grid_cap,D_oracle,P_alpha0.45,34,0.8624242424242423,1.0,0.13757575757575768,,0.0,0.0,0.0
v1.0,v1.0,v1.0,S1_grid_cap,D_oracle,P_alpha0.45,35,0.8624242424242423,1.0,0.13757575757575768,,0.0,0.0,0.0
v1.0,v1.0,v1.0,S1_grid_cap,D_oracle,P_alpha0.45,36,0.8624242424242423,1.0,0.13757575757575768,,0.0,0.0,0.0
v1.0,v1.0,v1.0,S1_grid_cap,D_oracle,P_alpha0.45,37,0.8624242424242423,1.0,0.13757575757575768,,0.0,0.0,0.0
v1.0,v1.0,v1.0,S1_grid_cap,D_oracle,P_alpha0.45,38,0.8624242424242423,1.0,0.13757575757575768,,0.0,0.0,0.0
v1.0,v1.0,v1.0,S1_grid_cap,D_oracle,P_alpha0.45,39,0.8624242424242423,1.0,0.13757575757575768,,0.0,0.0,0.0
v1.0,v1.0,v1.0,S1_grid_cap,D_oracle,P_alpha0.60,0,0.8624242424242423,1.0,0.13757575757575768,,0.0,0.0,0.0
v1.0,v1.0,v1.0,S1_grid_cap,D_oracle,P_alpha0.60,1,0.8624242424242423,1.0,0.13757575757575768,,0.0,0.0,0.0
v1.0,v1.0,v1.0,S1_grid_cap,D_oracle,P_alpha0.60,2,0.8624242424242423,1.0,0.13757575757575768,,0.0,0.0,0.0
v1.0,v1.0,v1.0,S1_grid_cap,D_oracle,P_alpha0.60,3,0.8624242424242423,1.0,0.13757575757575768,,0.0,0.0,0.0
v1.0,v1.0,v1.0,S1_grid_cap,D_oracle,P_alpha0.60,4,0.8624242424242423,1.0,0.13757575757575768,,0.0,0.0,0.0
v1.0,v1.0,v1.0,S1_grid_cap,D_oracle,P_alpha0.60,5,0.8624242424242423,1.0,0.13757575757575768,,0.0,0.0,0.0
v1.0,v1.0,v1.0,S1_grid_cap,D_oracle,P_alpha0.60,6,0.8624242424242423,1.0,0.13757575757575768,,0.0,0.0,0.0
v1.0,v1.0,v1.0,S1_grid_cap,D_oracle,P_alpha0.60,7,0.8624242424242423,1.0,0.13757575757575768,,0.0,0.0,0.0
v1.0,v1.0,v1.0,S1_grid_cap,D_oracle,P_alpha0.60,8,0.8624242424242423,1.0,0.13757575757575768,,0.0,0.0,0.0
v1.0,v1.0,v1.0,S1_grid_cap,D_oracle,P_alpha0.60,9,0.8624242424242423,1.0,0.13757575757575768,,0.0,0.0,0.0
v1.0,v1.0,v1.0,S1_grid_cap,D_oracle,P_alpha0.60,10,0.8624242424242423,1.0,0.13757575757575768,,0.0,0.0,0.0
v1.0,v1.0,v1.0,S1_grid_cap,D_oracle,P_alpha0.60,11,0.8624242424242423,1.0,0.13757575757575768,,0.0,0.0,0.0
v1.0,v1.0,v1.0,S1_grid_cap,D_oracle,P_alpha0.60,12,0.8624242424242423,1.0,0.13757575757575768,,0.0,0.0,0.0
v1.0,v1.0,v1.0,S1_grid_cap,D_oracle,P_alpha0.60,13,0.8624242424242423,1.0,0.13757575757575768,,0.0,0.0,0.0
v1.0,v1.0,v1.0,S1_grid_cap,D_oracle,P_alpha0.60,14,0.8624242424242423,1.0,0.13757575757575768,,0.0,0.0,0.0
v1.0,v1.0,v1.0,S1_grid_cap,D_oracle,P_alpha0.60,15,0.8624242424242423,1.0,0.13757575757575768,,0.0,0.0,0.0
v1.0,v1.0,v1.0,S1_grid_cap,D_oracle,P_alpha0.60,16,0.8624242424242423,1.0,0.13757575757575768,,0.0,0.0,0.0
v1.0,v1.0,v1.0,S1_grid_cap,D_oracle,P_alpha0.60,17,0.8624242424242423,1.0,0.13757575757575768,,0.0,0.0,0.0
v1.0,v1.0,v1.0,S1_grid_cap,D_oracle,P_alpha0.60,18,0.8624242424242423,1.0,0.13757575757575768,,0.0,0.0,0.0
v1.0,v1.0,v1.0,S1_grid_cap,D_oracle,P_alpha0.60,19,0.8624242424242423,1.0,0.13757575757575768,,0.0,0.0,0.0
v1.0,v1.0,v1.0,S1_grid_cap,D_oracle,P_alpha0.60,20,0.8624242424242423,1.0,0.13757575757575768,,0.0,0.0,0.0
v1.0,v1.0,v1.0,S1_grid_cap,D_oracle,P_alpha0.60,21,0.8624242424242423,1.0,0.13757575757575768,,0.0,0.0,0.0
v1.0,v1.0,v1.0,S1_grid_cap,D_oracle,P_alpha0.60,22,0.8624242424242423,1.0,0.13757575757575768,,0.0,0.0,0.0
v1.0,v1.0,v1.0,S1_grid_cap,D_oracle,P_alpha0.60,23,0.8624242424242423,1.0,0.13757575757575768,,0.0,0.0,0.0
v1.0,v1.0,v1.0,S1_grid_cap,D_oracle,P_alpha0.60,24,0.8624242424242423,1.0,0.13757575757575768,,0.0,0.0,0.0
v1.0,v1.0,v1.0,S1_grid_cap,D_oracle,P_alpha0.60,25,0.8624242424242423,1.0,0.13757575757575768,,0.0,0.0,0.0
v1.0,v1.0,v1.0,S1_grid_cap,D_oracle,P_alpha0.60,26,0.8624242424242423,1.0,0.13757575757575768,,0.0,0.0,0.0
v1.0,v1.0,v1.0,S1_grid_cap,D_oracle,P_alpha0.60,27,0.8624242424242423,1.0,0.13757575757575768,,0.0,0.0,0.0
v1.0,v1.0,v1.0,S1_grid_cap,D_oracle,P_alpha0.60,28,0.8624242424242423,1.0,0.13757575757575768,,0.0,0.0,0.0
v1.0,v1.0,v1.0,S1_grid_cap,D_oracle,P_alpha0.60,29,0.8624242424242423,1.0,0.13757575757575768,,0.0,0.0,0.0
v1.0,v1.0,v1.0,S1_grid_cap,D_oracle,P_alpha0.60,30,0.8624242424242423,1.0,0.13757575757575768,,0.0,0.0,0.0
v1.0,v1.0,v1.0,S1_grid_cap,D_oracle,P_alpha0.60,31,0.8624242424242423,1.0,0.13757575757575768,,0.0,0.0,0.0
v1.0,v1.0,v1.0,S1_grid_cap,D_oracle,P_alpha0.60,32,0.8624242424242423,1.0,0.13757575757575768,,0.0,0.0,0.0
v1.0,v1.0,v1.0,S1_grid_cap,D_oracle,P_alpha0.60,33,0.8624242424242423,1.0,0.13757575757575768,,0.0,0.0,0.0
v1.0,v1.0,v1.0,S1_grid_cap,D_oracle,P_alpha0.60,34,0.8624242424242423,1.0,0.13757575757575768,,0.0,0.0,0.0
v1.0,v1.0,v1.0,S1_grid_cap,D_oracle,P_alpha0.60,35,0.8624242424242423,1.0,0.13757575757575768,,0.0,0.0,0.0
v1.0,v1.0,v1.0,S1_grid_cap,D_oracle,P_alpha0.60,36,0.8624242424242423,1.0,0.13757575757575768,,0.0,0.0,0.0
v1.0,v1.0,v1.0,S1_grid_cap,D_oracle,P_alpha0.60,37,0.8624242424242423,1.0,0.13757575757575768,,0.0,0.0,0.0
v1.0,v1.0,v1.0,S1_grid_cap,D_oracle,P_alpha0.60,38,0.8624242424242423,1.0,0.13757575757575768,,0.0,0.0,0.0
v1.0,v1.0,v1.0,S1_grid_cap,D_oracle,P_alpha0.60,39,0.8624242424242423,1.0,0.13757575757575768,,0.0,0.0,0.0
v1.0,v1.0,v1.0,S1_grid_cap,D_oracle,P_alpha0.75,0,0.868030303030303,1.0,0.13196969696969696,,0.0,0.0,0.0
v1.0,v1.0,v1.0,S1_grid_cap,D_oracle,P_alpha0.75,1,0.868030303030303,1.0,0.13196969696969696,,0.0,0.0,0.0
v1.0,v1.0,v1.0,S1_grid_cap,D_oracle,P_alpha0.75,2,0.868030303030303,1.0,0.13196969696969696,,0.0,0.0,0.0
v1.0,v1.0,v1.0,S1_grid_cap,D_oracle,P_alpha0.75,3,0.868030303030303,1.0,0.13196969696969696,,0.0,0.0,0.0
v1.0,v1.0,v1.0,S1_grid_cap,D_oracle,P_alpha0.75,4,0.868030303030303,1.0,0.13196969696969696,,0.0,0.0,0.0
v1.0,v1.0,v1.0,S1_grid_cap,D_oracle,P_alpha0.75,5,0.868030303030303,1.0,0.13196969696969696,,0.0,0.0,0.0
v1.0,v1.0,v1.0,S1_grid_cap,D_oracle,P_alpha0.75,6,0.868030303030303,1.0,0.13196969696969696,,0.0,0.0,0.0
v1.0,v1.0,v1.0,S1_grid_cap,D_oracle,P_alpha0.75,7,0.868030303030303,1.0,0.13196969696969696,,0.0,0.0,0.0
v1.0,v1.0,v1.0,S1_grid_cap,D_oracle,P_alpha0.75,8,0.868030303030303,1.0,0.13196969696969696,,0.0,0.0,0.0
v1.0,v1.0,v1.0,S1_grid_cap,D_oracle,P_alpha0.75,9,0.868030303030303,1.0,0.13196969696969696,,0.0,0.0,0.0
v1.0,v1.0,v1.0,S1_grid_cap,D_oracle,P_alpha0.75,10,0.868030303030303,1.0,0.13196969696969696,,0.0,0.0,0.0
v1.0,v1.0,v1.0,S1_grid_cap,D_oracle,P_alpha0.75,11,0.868030303030303,1.0,0.13196969696969696,,0.0,0.0,0.0
v1.0,v1.0,v1.0,S1_grid_cap,D_oracle,P_alpha0.75,12,0.868030303030303,1.0,0.13196969696969696,,0.0,0.0,0.0
v1.0,v1.0,v1.0,S1_grid_cap,D_oracle,P_alpha0.75,13,0.868030303030303,1.0,0.13196969696969696,,0.0,0.0,0.0
v1.0,v1.0,v1.0,S1_grid_cap,D_oracle,P_alpha0.75,14,0.868030303030303,1.0,0.13196969696969696,,0.0,0.0,0.0
v1.0,v1.0,v1.0,S1_grid_cap,D_oracle,P_alpha0.75,15,0.868030303030303,1.0,0.13196969696969696,,0.0,0.0,0.0
v1.0,v1.0,v1.0,S1_grid_cap,D_oracle,P_alpha0.75,16,0.868030303030303,1.0,0.13196969696969696,,0.0,0.0,0.0
v1.0,v1.0,v1.0,S1_grid_cap,D_oracle,P_alpha0.75,17,0.868030303030303,1.0,0.13196969696969696,,0.0,0.0,0.0
v1.0,v1.0,v1.0,S1_grid_cap,D_oracle,P_alpha0.75,18,0.868030303030303,1.0,0.13196969696969696,,0.0,0.0,0.0
v1.0,v1.0,v1.0,S1_grid_cap,D_oracle,P_alpha0.75,19,0.868030303030303,1.0,0.13196969696969696,,0.0,0.0,0.0
v1.0,v1.0,v1.0,S1_grid_cap,D_oracle,P_alpha0.75,20,0.868030303030303,1.0,0.13196969696969696,,0.0,0.0,0.0
v1.0,v1.0,v1.0,S1_grid_cap,D_oracle,P_alpha0.75,21,0.868030303030303,1.0,0.13196969696969696,,0.0,0.0,0.0
v1.0,v1.0,v1.0,S1_grid_cap,D_oracle,P_alpha0.75,22,0.868030303030303,1.0,0.13196969696969696,,0.0,0.0,0.0
v1.0,v1.0,v1.0,S1_grid_cap,D_oracle,P_alpha0.75,23,0.868030303030303,1.0,0.13196969696969696,,0.0,0.0,0.0
v1.0,v1.0,v1.0,S1_grid_cap,D_oracle,P_alpha0.75,24,0.868030303030303,1.0,0.13196969696969696,,0.0,0.0,0.0
v1.0,v1.0,v1.0,S1_grid_cap,D_oracle,P_alpha0.75,25,0.868030303030303,1.0,0.13196969696969696,,0.0,0.0,0.0
v1.0,v1.0,v1.0,S1_grid_cap,D_oracle,P_alpha0.75,26,0.868030303030303,1.0,0.13196969696969696,,0.0,0.0,0.0
v1.0,v1.0,v1.0,S1_grid_cap,D_oracle,P_alpha0.75,27,0.868030303030303,1.0,0.13196969696969696,,0.0,0.0,0.0
v1.0,v1.0,v1.0,S1_grid_cap,D_oracle,P_alpha0.75,28,0.868030303030303,1.0,0.13196969696969696,,0.0,0.0,0.0
v1.0,v1.0,v1.0,S1_grid_cap,D_oracle,P_alpha0.75,29,0.868030303030303,1.0,0.13196969696969696,,0.0,0.0,0.0
v1.0,v1.0,v1.0,S1_grid_cap,D_oracle,P_alpha0.75,30,0.868030303030303,1.0,0.13196969696969696,,0.0,0.0,0.0
v1.0,v1.0,v1.0,S1_grid_cap,D_oracle,P_alpha0.75,31,0.868030303030303,1.0,0.13196969696969696,,0.0,0.0,0.0
v1.0,v1.0,v1.0,S1_grid_cap,D_oracle,P_alpha0.75,32,0.868030303030303,1.0,0.13196969696969696,,0.0,0.0,0.0
v1.0,v1.0,v1.0,S1_grid_cap,D_oracle,P_alpha0.75,33,0.868030303030303,1.0,0.13196969696969696,,0.0,0.0,0.0
v1.0,v1.0,v1.0,S1_grid_cap,D_oracle,P_alpha0.75,34,0.868030303030303,1.0,0.13196969696969696,,0.0,0.0,0.0
v1.0,v1.0,v1.0,S1_grid_cap,D_oracle,P_alpha0.75,35,0.868030303030303,1.0,0.13196969696969696,,0.0,0.0,0.0
v1.0,v1.0,v1.0,S1_grid_cap,D_oracle,P_alpha0.75,36,0.868030303030303,1.0,0.13196969696969696,,0.0,0.0,0.0
v1.0,v1.0,v1.0,S1_grid_cap,D_oracle,P_alpha0.75,37,0.868030303030303,1.0,0.13196969696969696,,0.0,0.0,0.0
v1.0,v1.0,v1.0,S1_grid_cap,D_oracle,P_alpha0.75,38,0.868030303030303,1.0,0.13196969696969696,,0.0,0.0,0.0
v1.0,v1.0,v1.0,S1_grid_cap,D_oracle,P_alpha0.75,39,0.868030303030303,1.0,0.13196969696969696,,0.0,0.0,0.0
v1.0,v1.0,v1.0,S1_grid_cap,D_oracle,P_alpha0.90,0,0.965878787878788,1.0,0.034121212121212,,0.0,0.0,0.0
v1.0,v1.0,v1.0,S1_grid_cap,D_oracle,P_alpha0.90,1,0.965878787878788,1.0,0.034121212121212,,0.0,0.0,0.0
v1.0,v1.0,v1.0,S1_grid_cap,D_oracle,P_alpha0.90,2,0.965878787878788,1.0,0.034121212121212,,0.0,0.0,0.0
v1.0,v1.0,v1.0,S1_grid_cap,D_oracle,P_alpha0.90,3,0.965878787878788,1.0,0.034121212121212,,0.0,0.0,0.0
v1.0,v1.0,v1.0,S1_grid_cap,D_oracle,P_alpha0.90,4,0.965878787878788,1.0,0.034121212121212,,0.0,0.0,0.0
v1.0,v1.0,v1.0,S1_grid_cap,D_oracle,P_alpha0.90,5,0.965878787878788,1.0,0.034121212121212,,0.0,0.0,0.0
v1.0,v1.0,v1.0,S1_grid_cap,D_oracle,P_alpha0.90,6,0.965878787878788,1.0,0.034121212121212,,0.0,0.0,0.0
v1.0,v1.0,v1.0,S1_grid_cap,D_oracle,P_alpha0.90,7,0.965878787878788,1.0,0.034121212121212,,0.0,0.0,0.0
v1.0,v1.0,v1.0,S1_grid_cap,D_oracle,P_alpha0.90,8,0.965878787878788,1.0,0.034121212121212,,0.0,0.0,0.0
v1.0,v1.0,v1.0,S1_grid_cap,D_oracle,P_alpha0.90,9,0.965878787878788,1.0,0.034121212121212,,0.0,0.0,0.0
v1.0,v1.0,v1.0,S1_grid_cap,D_oracle,P_alpha0.90,10,0.965878787878788,1.0,0.034121212121212,,0.0,0.0,0.0
v1.0,v1.0,v1.0,S1_grid_cap,D_oracle,P_alpha0.90,11,0.965878787878788,1.0,0.034121212121212,,0.0,0.0,0.0
v1.0,v1.0,v1.0,S1_grid_cap,D_oracle,P_alpha0.90,12,0.965878787878788,1.0,0.034121212121212,,0.0,0.0,0.0
v1.0,v1.0,v1.0,S1_grid_cap,D_oracle,P_alpha0.90,13,0.965878787878788,1.0,0.034121212121212,,0.0,0.0,0.0
v1.0,v1.0,v1.0,S1_grid_cap,D_oracle,P_alpha0.90,14,0.965878787878788,1.0,0.034121212121212,,0.0,0.0,0.0
v1.0,v1.0,v1.0,S1_grid_cap,D_oracle,P_alpha0.90,15,0.965878787878788,1.0,0.034121212121212,,0.0,0.0,0.0
v1.0,v1.0,v1.0,S1_grid_cap,D_oracle,P_alpha0.90,16,0.965878787878788,1.0,0.034121212121212,,0.0,0.0,0.0
v1.0,v1.0,v1.0,S1_grid_cap,D_oracle,P_alpha0.90,17,0.965878787878788,1.0,0.034121212121212,,0.0,0.0,0.0
v1.0,v1.0,v1.0,S1_grid_cap,D_oracle,P_alpha0.90,18,0.965878787878788,1.0,0.034121212121212,,0.0,0.0,0.0
v1.0,v1.0,v1.0,S1_grid_cap,D_oracle,P_alpha0.90,19,0.965878787878788,1.0,0.034121212121212,,0.0,0.0,0.0
v1.0,v1.0,v1.0,S1_grid_cap,D_oracle,P_alpha0.90,20,0.965878787878788,1.0,0.034121212121212,,0.0,0.0,0.0
v1.0,v1.0,v1.0,S1_grid_cap,D_oracle,P_alpha0.90,21,0.965878787878788,1.0,0.034121212121212,,0.0,0.0,0.0
v1.0,v1.0,v1.0,S1_grid_cap,D_oracle,P_alpha0.90,22,0.965878787878788,1.0,0.034121212121212,,0.0,0.0,0.0
v1.0,v1.0,v1.0,S1_grid_cap,D_oracle,P_alpha0.90,23,0.965878787878788,1.0,0.034121212121212,,0.0,0.0,0.0
v1.0,v1.0,v1.0,S1_grid_cap,D_oracle,P_alpha0.90,24,0.965878787878788,1.0,0.034121212121212,,0.0,0.0,0.0
v1.0,v1.0,v1.0,S1_grid_cap,D_oracle,P_alpha0.90,25,0.965878787878788,1.0,0.034121212121212,,0.0,0.0,0.0
v1.0,v1.0,v1.0,S1_grid_cap,D_oracle,P_alpha0.90,26,0.965878787878788,1.0,0.034121212121212,,0.0,0.0,0.0
v1.0,v1.0,v1.0,S1_grid_cap,D_oracle,P_alpha0.90,27,0.965878787878788,1.0,0.034121212121212,,0.0,0.0,0.0
v1.0,v1.0,v1.0,S1_grid_cap,D_oracle,P_alpha0.90,28,0.965878787878788,1.0,0.034121212121212,,0.0,0.0,0.0
v1.0,v1.0,v1.0,S1_grid_cap,D_oracle,P_alpha0.90,29,0.965878787878788,1.0,0.034121212121212,,0.0,0.0,0.0
v1.0,v1.0,v1.0,S1_grid_cap,D_oracle,P_alpha0.90,30,0.965878787878788,1.0,0.034121212121212,,0.0,0.0,0.0
v1.0,v1.0,v1.0,S1_grid_cap,D_oracle,P_alpha0.90,31,0.965878787878788,1.0,0.034121212121212,,0.0,0.0,0.0
v1.0,v1.0,v1.0,S1_grid_cap,D_oracle,P_alpha0.90,32,0.965878787878788,1.0,0.034121212121212,,0.0,0.0,0.0
v1.0,v1.0,v1.0,S1_grid_cap,D_oracle,P_alpha0.90,33,0.965878787878788,1.0,0.034121212121212,,0.0,0.0,0.0
v1.0,v1.0,v1.0,S1_grid_cap,D_oracle,P_alpha0.90,34,0.965878787878788,1.0,0.034121212121212,,0.0,0.0,0.0
v1.0,v1.0,v1.0,S1_grid_cap,D_oracle,P_alpha0.90,35,0.965878787878788,1.0,0.034121212121212,,0.0,0.0,0.0
v1.0,v1.0,v1.0,S1_grid_cap,D_oracle,P_alpha0.90,36,0.965878787878788,1.0,0.034121212121212,,0.0,0.0,0.0
v1.0,v1.0,v1.0,S1_grid_cap,D_oracle,P_alpha0.90,37,0.965878787878788,1.0,0.034121212121212,,0.0,0.0,0.0
v1.0,v1.0,v1.0,S1_grid_cap,D_oracle,P_alpha0.90,38,0.965878787878788,1.0,0.034121212121212,,0.0,0.0,0.0
v1.0,v1.0,v1.0,S1_grid_cap,D_oracle,P_alpha0.90,39,0.965878787878788,1.0,0.034121212121212,,0.0,0.0,0.0
v1.0,v1.0,v1.0,S1_grid_cap,D_oracle,P_alpha1.00,0,0.9806060606060606,0.9324092741935478,0.10050281036168204,,0.0,0.0,0.0
v1.0,v1.0,v1.0,S1_grid_cap,D_oracle,P_alpha1.00,1,0.9806060606060606,0.9324092741935478,0.10050281036168204,,0.0,0.0,0.0
v1.0,v1.0,v1.0,S1_grid_cap,D_oracle,P_alpha1.00,2,0.9806060606060606,0.9324092741935478,0.10050281036168204,,0.0,0.0,0.0
v1.0,v1.0,v1.0,S1_grid_cap,D_oracle,P_alpha1.00,3,0.9806060606060606,0.9324092741935478,0.10050281036168204,,0.0,0.0,0.0
v1.0,v1.0,v1.0,S1_grid_cap,D_oracle,P_alpha1.00,4,0.9806060606060606,0.9324092741935478,0.10050281036168204,,0.0,0.0,0.0
v1.0,v1.0,v1.0,S1_grid_cap,D_oracle,P_alpha1.00,5,0.9806060606060606,0.9324092741935478,0.10050281036168204,,0.0,0.0,0.0
v1.0,v1.0,v1.0,S1_grid_cap,D_oracle,P_alpha1.00,6,0.9806060606060606,0.9324092741935478,0.10050281036168204,,0.0,0.0,0.0
v1.0,v1.0,v1.0,S1_grid_cap,D_oracle,P_alpha1.00,7,0.9806060606060606,0.9324092741935478,0.10050281036168204,,0.0,0.0,0.0
v1.0,v1.0,v1.0,S1_grid_cap,D_oracle,P_alpha1.00,8,0.9806060606060606,0.9324092741935478,0.10050281036168204,,0.0,0.0,0.0
v1.0,v1.0,v1.0,S1_grid_cap,D_oracle,P_alpha1.00,9,0.9806060606060606,0.9324092741935478,0.10050281036168204,,0.0,0.0,0.0
v1.0,v1.0,v1.0,S1_grid_cap,D_oracle,P_alpha1.00,10,0.9806060606060606,0.9324092741935478,0.10050281036168204,,0.0,0.0,0.0
v1.0,v1.0,v1.0,S1_grid_cap,D_oracle,P_alpha1.00,11,0.9806060606060606,0.9324092741935478,0.10050281036168204,,0.0,0.0,0.0
v1.0,v1.0,v1.0,S1_grid_cap,D_oracle,P_alpha1.00,12,0.9806060606060606,0.9324092741935478,0.10050281036168204,,0.0,0.0,0.0
v1.0,v1.0,v1.0,S1_grid_cap,D_oracle,P_alpha1.00,13,0.9806060606060606,0.9324092741935478,0.10050281036168204,,0.0,0.0,0.0
v1.0,v1.0,v1.0,S1_grid_cap,D_oracle,P_alpha1.00,14,0.9806060606060606,0.9324092741935478,0.10050281036168204,,0.0,0.0,0.0
v1.0,v1.0,v1.0,S1_grid_cap,D_oracle,P_alpha1.00,15,0.9806060606060606,0.9324092741935478,0.10050281036168204,,0.0,0.0,0.0
v1.0,v1.0,v1.0,S1_grid_cap,D_oracle,P_alpha1.00,16,0.9806060606060606,0.9324092741935478,0.10050281036168204,,0.0,0.0,0.0
v1.0,v1.0,v1.0,S1_grid_cap,D_oracle,P_alpha1.00,17,0.9806060606060606,0.9324092741935478,0.10050281036168204,,0.0,0.0,0.0
v1.0,v1.0,v1.0,S1_grid_cap,D_oracle,P_alpha1.00,18,0.9806060606060606,0.9324092741935478,0.10050281036168204,,0.0,0.0,0.0
v1.0,v1.0,v1.0,S1_grid_cap,D_oracle,P_alpha1.00,19,0.9806060606060606,0.9324092741935478,0.10050281036168204,,0.0,0.0,0.0
v1.0,v1.0,v1.0,S1_grid_cap,D_oracle,P_alpha1.00,20,0.9806060606060606,0.9324092741935478,0.10050281036168204,,0.0,0.0,0.0
v1.0,v1.0,v1.0,S1_grid_cap,D_oracle,P_alpha1.00,21,0.9806060606060606,0.9324092741935478,0.10050281036168204,,0.0,0.0,0.0
v1.0,v1.0,v1.0,S1_grid_cap,D_oracle,P_alpha1.00,22,0.9806060606060606,0.9324092741935478,0.10050281036168204,,0.0,0.0,0.0
v1.0,v1.0,v1.0,S1_grid_cap,D_oracle,P_alpha1.00,23,0.9806060606060606,0.9324092741935478,0.10050281036168204,,0.0,0.0,0.0
v1.0,v1.0,v1.0,S1_grid_cap,D_oracle,P_alpha1.00,24,0.9806060606060606,0.9324092741935478,0.10050281036168204,,0.0,0.0,0.0
v1.0,v1.0,v1.0,S1_grid_cap,D_oracle,P_alpha1.00,25,0.9806060606060606,0.9324092741935478,0.10050281036168204,,0.0,0.0,0.0
v1.0,v1.0,v1.0,S1_grid_cap,D_oracle,P_alpha1.00,26,0.9806060606060606,0.9324092741935478,0.10050281036168204,,0.0,0.0,0.0
v1.0,v1.0,v1.0,S1_grid_cap,D_oracle,P_alpha1.00,27,0.9806060606060606,0.9324092741935478,0.10050281036168204,,0.0,0.0,0.0
v1.0,v1.0,v1.0,S1_grid_cap,D_oracle,P_alpha1.00,28,0.9806060606060606,0.9324092741935478,0.10050281036168204,,0.0,0.0,0.0
v1.0,v1.0,v1.0,S1_grid_cap,D_oracle,P_alpha1.00,29,0.9806060606060606,0.9324092741935478,0.10050281036168204,,0.0,0.0,0.0
v1.0,v1.0,v1.0,S1_grid_cap,D_oracle,P_alpha1.00,30,0.9806060606060606,0.9324092741935478,0.10050281036168204,,0.0,0.0,0.0
v1.0,v1.0,v1.0,S1_grid_cap,D_oracle,P_alpha1.00,31,0.9806060606060606,0.9324092741935478,0.10050281036168204,,0.0,0.0,0.0
v1.0,v1.0,v1.0,S1_grid_cap,D_oracle,P_alpha1.00,32,0.9806060606060606,0.9324092741935478,0.10050281036168204,,0.0,0.0,0.0
v1.0,v1.0,v1.0,S1_grid_cap,D_oracle,P_alpha1.00,33,0.9806060606060606,0.9324092741935478,0.10050281036168204,,0.0,0.0,0.0
v1.0,v1.0,v1.0,S1_grid_cap,D_oracle,P_alpha1.00,34,0.9806060606060606,0.9324092741935478,0.10050281036168204,,0.0,0.0,0.0
v1.0,v1.0,v1.0,S1_grid_cap,D_oracle,P_alpha1.00,35,0.9806060606060606,0.9324092741935478,0.10050281036168204,,0.0,0.0,0.0
v1.0,v1.0,v1.0,S1_grid_cap,D_oracle,P_alpha1.00,36,0.9806060606060606,0.9324092741935478,0.10050281036168204,,0.0,0.0,0.0
v1.0,v1.0,v1.0,S1_grid_cap,D_oracle,P_alpha1.00,37,0.9806060606060606,0.9324092741935478,0.10050281036168204,,0.0,0.0,0.0
v1.0,v1.0,v1.0,S1_grid_cap,D_oracle,P_alpha1.00,38,0.9806060606060606,0.9324092741935478,0.10050281036168204,,0.0,0.0,0.0
v1.0,v1.0,v1.0,S1_grid_cap,D_oracle,P_alpha1.00,39,0.9806060606060606,0.9324092741935478,0.10050281036168204,,0.0,0.0,0.0
v1.0,v1.0,v1.0,S1_grid_cap,D_oracle,P_availability_first,0,0.9806060606060606,0.9324092741935478,0.10050281036168204,,0.0,0.0,0.0
v1.0,v1.0,v1.0,S1_grid_cap,D_oracle,P_availability_first,1,0.9806060606060606,0.9324092741935478,0.10050281036168204,,0.0,0.0,0.0
v1.0,v1.0,v1.0,S1_grid_cap,D_oracle,P_availability_first,2,0.9806060606060606,0.9324092741935478,0.10050281036168204,,0.0,0.0,0.0
v1.0,v1.0,v1.0,S1_grid_cap,D_oracle,P_availability_first,3,0.9806060606060606,0.9324092741935478,0.10050281036168204,,0.0,0.0,0.0
v1.0,v1.0,v1.0,S1_grid_cap,D_oracle,P_availability_first,4,0.9806060606060606,0.9324092741935478,0.10050281036168204,,0.0,0.0,0.0
v1.0,v1.0,v1.0,S1_grid_cap,D_oracle,P_availability_first,5,0.9806060606060606,0.9324092741935478,0.10050281036168204,,0.0,0.0,0.0
v1.0,v1.0,v1.0,S1_grid_cap,D_oracle,P_availability_first,6,0.9806060606060606,0.9324092741935478,0.10050281036168204,,0.0,0.0,0.0
v1.0,v1.0,v1.0,S1_grid_cap,D_oracle,P_availability_first,7,0.9806060606060606,0.9324092741935478,0.10050281036168204,,0.0,0.0,0.0
v1.0,v1.0,v1.0,S1_grid_cap,D_oracle,P_availability_first,8,0.9806060606060606,0.9324092741935478,0.10050281036168204,,0.0,0.0,0.0
v1.0,v1.0,v1.0,S1_grid_cap,D_oracle,P_availability_first,9,0.9806060606060606,0.9324092741935478,0.10050281036168204,,0.0,0.0,0.0
v1.0,v1.0,v1.0,S1_grid_cap,D_oracle,P_availability_first,10,0.9806060606060606,0.9324092741935478,0.10050281036168204,,0.0,0.0,0.0
v1.0,v1.0,v1.0,S1_grid_cap,D_oracle,P_availability_first,11,0.9806060606060606,0.9324092741935478,0.10050281036168204,,0.0,0.0,0.0
v1.0,v1.0,v1.0,S1_grid_cap,D_oracle,P_availability_first,12,0.9806060606060606,0.9324092741935478,0.10050281036168204,,0.0,0.0,0.0
v1.0,v1.0,v1.0,S1_grid_cap,D_oracle,P_availability_first,13,0.9806060606060606,0.9324092741935478,0.10050281036168204,,0.0,0.0,0.0
v1.0,v1.0,v1.0,S1_grid_cap,D_oracle,P_availability_first,14,0.9806060606060606,0.9324092741935478,0.10050281036168204,,0.0,0.0,0.0
v1.0,v1.0,v1.0,S1_grid_cap,D_oracle,P_availability_first,15,0.9806060606060606,0.9324092741935478,0.10050281036168204,,0.0,0.0,0.0
v1.0,v1.0,v1.0,S1_grid_cap,D_oracle,P_availability_first,16,0.9806060606060606,0.9324092741935478,0.10050281036168204,,0.0,0.0,0.0
v1.0,v1.0,v1.0,S1_grid_cap,D_oracle,P_availability_first,17,0.9806060606060606,0.9324092741935478,0.10050281036168204,,0.0,0.0,0.0
v1.0,v1.0,v1.0,S1_grid_cap,D_oracle,P_availability_first,18,0.9806060606060606,0.9324092741935478,0.10050281036168204,,0.0,0.0,0.0
v1.0,v1.0,v1.0,S1_grid_cap,D_oracle,P_availability_first,19,0.9806060606060606,0.9324092741935478,0.10050281036168204,,0.0,0.0,0.0
v1.0,v1.0,v1.0,S1_grid_cap,D_oracle,P_availability_first,20,0.9806060606060606,0.9324092741935478,0.10050281036168204,,0.0,0.0,0.0
v1.0,v1.0,v1.0,S1_grid_cap,D_oracle,P_availability_first,21,0.9806060606060606,0.9324092741935478,0.10050281036168204,,0.0,0.0,0.0
v1.0,v1.0,v1.0,S1_grid_cap,D_oracle,P_availability_first,22,0.9806060606060606,0.9324092741935478,0.10050281036168204,,0.0,0.0,0.0
v1.0,v1.0,v1.0,S1_grid_cap,D_oracle,P_availability_first,23,0.9806060606060606,0.9324092741935478,0.10050281036168204,,0.0,0.0,0.0
v1.0,v1.0,v1.0,S1_grid_cap,D_oracle,P_availability_first,24,0.9806060606060606,0.9324092741935478,0.10050281036168204,,0.0,0.0,0.0
v1.0,v1.0,v1.0,S1_grid_cap,D_oracle,P_availability_first,25,0.9806060606060606,0.9324092741935478,0.10050281036168204,,0.0,0.0,0.0
v1.0,v1.0,v1.0,S1_grid_cap,D_oracle,P_availability_first,26,0.9806060606060606,0.9324092741935478,0.10050281036168204,,0.0,0.0,0.0
v1.0,v1.0,v1.0,S1_grid_cap,D_oracle,P_availability_first,27,0.9806060606060606,0.9324092741935478,0.10050281036168204,,0.0,0.0,0.0
v1.0,v1.0,v1.0,S1_grid_cap,D_oracle,P_availability_first,28,0.9806060606060606,0.9324092741935478,0.10050281036168204,,0.0,0.0,0.0
v1.0,v1.0,v1.0,S1_grid_cap,D_oracle,P_availability_first,29,0.9806060606060606,0.9324092741935478,0.10050281036168204,,0.0,0.0,0.0
v1.0,v1.0,v1.0,S1_grid_cap,D_oracle,P_availability_first,30,0.9806060606060606,0.9324092741935478,0.10050281036168204,,0.0,0.0,0.0
v1.0,v1.0,v1.0,S1_grid_cap,D_oracle,P_availability_first,31,0.9806060606060606,0.9324092741935478,0.10050281036168204,,0.0,0.0,0.0
v1.0,v1.0,v1.0,S1_grid_cap,D_oracle,P_availability_first,32,0.9806060606060606,0.9324092741935478,0.10050281036168204,,0.0,0.0,0.0
v1.0,v1.0,v1.0,S1_grid_cap,D_oracle,P_availability_first,33,0.9806060606060606,0.9324092741935478,0.10050281036168204,,0.0,0.0,0.0
v1.0,v1.0,v1.0,S1_grid_cap,D_oracle,P_availability_first,34,0.9806060606060606,0.9324092741935478,0.10050281036168204,,0.0,0.0,0.0
v1.0,v1.0,v1.0,S1_grid_cap,D_oracle,P_availability_first,35,0.9806060606060606,0.9324092741935478,0.10050281036168204,,0.0,0.0,0.0
v1.0,v1.0,v1.0,S1_grid_cap,D_oracle,P_availability_first,36,0.9806060606060606,0.9324092741935478,0.10050281036168204,,0.0,0.0,0.0
v1.0,v1.0,v1.0,S1_grid_cap,D_oracle,P_availability_first,37,0.9806060606060606,0.9324092741935478,0.10050281036168204,,0.0,0.0,0.0
v1.0,v1.0,v1.0,S1_grid_cap,D_oracle,P_availability_first,38,0.9806060606060606,0.9324092741935478,0.10050281036168204,,0.0,0.0,0.0
v1.0,v1.0,v1.0,S1_grid_cap,D_oracle,P_availability_first,39,0.9806060606060606,0.9324092741935478,0.10050281036168204,,0.0,0.0,0.0
v1.0,v1.0,v1.0,S1_grid_cap,D_oracle,P_heat_first,0,0.8624242424242423,1.0,0.13757575757575768,,0.0,0.0,0.0
v1.0,v1.0,v1.0,S1_grid_cap,D_oracle,P_heat_first,1,0.8624242424242423,1.0,0.13757575757575768,,0.0,0.0,0.0
v1.0,v1.0,v1.0,S1_grid_cap,D_oracle,P_heat_first,2,0.8624242424242423,1.0,0.13757575757575768,,0.0,0.0,0.0
v1.0,v1.0,v1.0,S1_grid_cap,D_oracle,P_heat_first,3,0.8624242424242423,1.0,0.13757575757575768,,0.0,0.0,0.0
v1.0,v1.0,v1.0,S1_grid_cap,D_oracle,P_heat_first,4,0.8624242424242423,1.0,0.13757575757575768,,0.0,0.0,0.0
v1.0,v1.0,v1.0,S1_grid_cap,D_oracle,P_heat_first,5,0.8624242424242423,1.0,0.13757575757575768,,0.0,0.0,0.0
v1.0,v1.0,v1.0,S1_grid_cap,D_oracle,P_heat_first,6,0.8624242424242423,1.0,0.13757575757575768,,0.0,0.0,0.0
v1.0,v1.0,v1.0,S1_grid_cap,D_oracle,P_heat_first,7,0.8624242424242423,1.0,0.13757575757575768,,0.0,0.0,0.0
v1.0,v1.0,v1.0,S1_grid_cap,D_oracle,P_heat_first,8,0.8624242424242423,1.0,0.13757575757575768,,0.0,0.0,0.0
v1.0,v1.0,v1.0,S1_grid_cap,D_oracle,P_heat_first,9,0.8624242424242423,1.0,0.13757575757575768,,0.0,0.0,0.0
v1.0,v1.0,v1.0,S1_grid_cap,D_oracle,P_heat_first,10,0.8624242424242423,1.0,0.13757575757575768,,0.0,0.0,0.0
v1.0,v1.0,v1.0,S1_grid_cap,D_oracle,P_heat_first,11,0.8624242424242423,1.0,0.13757575757575768,,0.0,0.0,0.0
v1.0,v1.0,v1.0,S1_grid_cap,D_oracle,P_heat_first,12,0.8624242424242423,1.0,0.13757575757575768,,0.0,0.0,0.0
v1.0,v1.0,v1.0,S1_grid_cap,D_oracle,P_heat_first,13,0.8624242424242423,1.0,0.13757575757575768,,0.0,0.0,0.0
v1.0,v1.0,v1.0,S1_grid_cap,D_oracle,P_heat_first,14,0.8624242424242423,1.0,0.13757575757575768,,0.0,0.0,0.0
v1.0,v1.0,v1.0,S1_grid_cap,D_oracle,P_heat_first,15,0.8624242424242423,1.0,0.13757575757575768,,0.0,0.0,0.0
v1.0,v1.0,v1.0,S1_grid_cap,D_oracle,P_heat_first,16,0.8624242424242423,1.0,0.13757575757575768,,0.0,0.0,0.0
v1.0,v1.0,v1.0,S1_grid_cap,D_oracle,P_heat_first,17,0.8624242424242423,1.0,0.13757575757575768,,0.0,0.0,0.0
v1.0,v1.0,v1.0,S1_grid_cap,D_oracle,P_heat_first,18,0.8624242424242423,1.0,0.13757575757575768,,0.0,0.0,0.0
v1.0,v1.0,v1.0,S1_grid_cap,D_oracle,P_heat_first,19,0.8624242424242423,1.0,0.13757575757575768,,0.0,0.0,0.0
v1.0,v1.0,v1.0,S1_grid_cap,D_oracle,P_heat_first,20,0.8624242424242423,1.0,0.13757575757575768,,0.0,0.0,0.0
v1.0,v1.0,v1.0,S1_grid_cap,D_oracle,P_heat_first,21,0.8624242424242423,1.0,0.13757575757575768,,0.0,0.0,0.0
v1.0,v1.0,v1.0,S1_grid_cap,D_oracle,P_heat_first,22,0.8624242424242423,1.0,0.13757575757575768,,0.0,0.0,0.0
v1.0,v1.0,v1.0,S1_grid_cap,D_oracle,P_heat_first,23,0.8624242424242423,1.0,0.13757575757575768,,0.0,0.0,0.0
v1.0,v1.0,v1.0,S1_grid_cap,D_oracle,P_heat_first,24,0.8624242424242423,1.0,0.13757575757575768,,0.0,0.0,0.0
v1.0,v1.0,v1.0,S1_grid_cap,D_oracle,P_heat_first,25,0.8624242424242423,1.0,0.13757575757575768,,0.0,0.0,0.0
v1.0,v1.0,v1.0,S1_grid_cap,D_oracle,P_heat_first,26,0.8624242424242423,1.0,0.13757575757575768,,0.0,0.0,0.0
v1.0,v1.0,v1.0,S1_grid_cap,D_oracle,P_heat_first,27,0.8624242424242423,1.0,0.13757575757575768,,0.0,0.0,0.0
v1.0,v1.0,v1.0,S1_grid_cap,D_oracle,P_heat_first,28,0.8624242424242423,1.0,0.13757575757575768,,0.0,0.0,0.0
v1.0,v1.0,v1.0,S1_grid_cap,D_oracle,P_heat_first,29,0.8624242424242423,1.0,0.13757575757575768,,0.0,0.0,0.0
v1.0,v1.0,v1.0,S1_grid_cap,D_oracle,P_heat_first,30,0.8624242424242423,1.0,0.13757575757575768,,0.0,0.0,0.0
v1.0,v1.0,v1.0,S1_grid_cap,D_oracle,P_heat_first,31,0.8624242424242423,1.0,0.13757575757575768,,0.0,0.0,0.0
v1.0,v1.0,v1.0,S1_grid_cap,D_oracle,P_heat_first,32,0.8624242424242423,1.0,0.13757575757575768,,0.0,0.0,0.0
v1.0,v1.0,v1.0,S1_grid_cap,D_oracle,P_heat_first,33,0.8624242424242423,1.0,0.13757575757575768,,0.0,0.0,0.0
v1.0,v1.0,v1.0,S1_grid_cap,D_oracle,P_heat_first,34,0.8624242424242423,1.0,0.13757575757575768,,0.0,0.0,0.0
v1.0,v1.0,v1.0,S1_grid_cap,D_oracle,P_heat_first,35,0.8624242424242423,1.0,0.13757575757575768,,0.0,0.0,0.0
v1.0,v1.0,v1.0,S1_grid_cap,D_oracle,P_heat_first,36,0.8624242424242423,1.0,0.13757575757575768,,0.0,0.0,0.0
v1.0,v1.0,v1.0,S1_grid_cap,D_oracle,P_heat_first,37,0.8624242424242423,1.0,0.13757575757575768,,0.0,0.0,0.0
v1.0,v1.0,v1.0,S1_grid_cap,D_oracle,P_heat_first,38,0.8624242424242423,1.0,0.13757575757575768,,0.0,0.0,0.0
v1.0,v1.0,v1.0,S1_grid_cap,D_oracle,P_heat_first,39,0.8624242424242423,1.0,0.13757575757575768,,0.0,0.0,0.0
v1.0,v1.0,v1.0,S1_grid_cap,D_oracle,P_balanced,0,0.868030303030303,1.0,0.13196969696969696,,0.0,0.0,0.0
v1.0,v1.0,v1.0,S1_grid_cap,D_oracle,P_balanced,1,0.868030303030303,1.0,0.13196969696969696,,0.0,0.0,0.0
v1.0,v1.0,v1.0,S1_grid_cap,D_oracle,P_balanced,2,0.868030303030303,1.0,0.13196969696969696,,0.0,0.0,0.0
v1.0,v1.0,v1.0,S1_grid_cap,D_oracle,P_balanced,3,0.868030303030303,1.0,0.13196969696969696,,0.0,0.0,0.0
v1.0,v1.0,v1.0,S1_grid_cap,D_oracle,P_balanced,4,0.868030303030303,1.0,0.13196969696969696,,0.0,0.0,0.0
v1.0,v1.0,v1.0,S1_grid_cap,D_oracle,P_balanced,5,0.868030303030303,1.0,0.13196969696969696,,0.0,0.0,0.0
v1.0,v1.0,v1.0,S1_grid_cap,D_oracle,P_balanced,6,0.868030303030303,1.0,0.13196969696969696,,0.0,0.0,0.0
v1.0,v1.0,v1.0,S1_grid_cap,D_oracle,P_balanced,7,0.868030303030303,1.0,0.13196969696969696,,0.0,0.0,0.0
v1.0,v1.0,v1.0,S1_grid_cap,D_oracle,P_balanced,8,0.868030303030303,1.0,0.13196969696969696,,0.0,0.0,0.0
v1.0,v1.0,v1.0,S1_grid_cap,D_oracle,P_balanced,9,0.868030303030303,1.0,0.13196969696969696,,0.0,0.0,0.0
v1.0,v1.0,v1.0,S1_grid_cap,D_oracle,P_balanced,10,0.868030303030303,1.0,0.13196969696969696,,0.0,0.0,0.0
v1.0,v1.0,v1.0,S1_grid_cap,D_oracle,P_balanced,11,0.868030303030303,1.0,0.13196969696969696,,0.0,0.0,0.0
v1.0,v1.0,v1.0,S1_grid_cap,D_oracle,P_balanced,12,0.868030303030303,1.0,0.13196969696969696,,0.0,0.0,0.0
v1.0,v1.0,v1.0,S1_grid_cap,D_oracle,P_balanced,13,0.868030303030303,1.0,0.13196969696969696,,0.0,0.0,0.0
v1.0,v1.0,v1.0,S1_grid_cap,D_oracle,P_balanced,14,0.868030303030303,1.0,0.13196969696969696,,0.0,0.0,0.0
v1.0,v1.0,v1.0,S1_grid_cap,D_oracle,P_balanced,15,0.868030303030303,1.0,0.13196969696969696,,0.0,0.0,0.0
v1.0,v1.0,v1.0,S1_grid_cap,D_oracle,P_balanced,16,0.868030303030303,1.0,0.13196969696969696,,0.0,0.0,0.0
v1.0,v1.0,v1.0,S1_grid_cap,D_oracle,P_balanced,17,0.868030303030303,1.0,0.13196969696969696,,0.0,0.0,0.0
v1.0,v1.0,v1.0,S1_grid_cap,D_oracle,P_balanced,18,0.868030303030303,1.0,0.13196969696969696,,0.0,0.0,0.0
v1.0,v1.0,v1.0,S1_grid_cap,D_oracle,P_balanced,19,0.868030303030303,1.0,0.13196969696969696,,0.0,0.0,0.0
v1.0,v1.0,v1.0,S1_grid_cap,D_oracle,P_balanced,20,0.868030303030303,1.0,0.13196969696969696,,0.0,0.0,0.0
v1.0,v1.0,v1.0,S1_grid_cap,D_oracle,P_balanced,21,0.868030303030303,1.0,0.13196969696969696,,0.0,0.0,0.0
v1.0,v1.0,v1.0,S1_grid_cap,D_oracle,P_balanced,22,0.868030303030303,1.0,0.13196969696969696,,0.0,0.0,0.0
v1.0,v1.0,v1.0,S1_grid_cap,D_oracle,P_balanced,23,0.868030303030303,1.0,0.13196969696969696,,0.0,0.0,0.0
v1.0,v1.0,v1.0,S1_grid_cap,D_oracle,P_balanced,24,0.868030303030303,1.0,0.13196969696969696,,0.0,0.0,0.0
v1.0,v1.0,v1.0,S1_grid_cap,D_oracle,P_balanced,25,0.868030303030303,1.0,0.13196969696969696,,0.0,0.0,0.0
v1.0,v1.0,v1.0,S1_grid_cap,D_oracle,P_balanced,26,0.868030303030303,1.0,0.13196969696969696,,0.0,0.0,0.0
v1.0,v1.0,v1.0,S1_grid_cap,D_oracle,P_balanced,27,0.868030303030303,1.0,0.13196969696969696,,0.0,0.0,0.0
v1.0,v1.0,v1.0,S1_grid_cap,D_oracle,P_balanced,28,0.868030303030303,1.0,0.13196969696969696,,0.0,0.0,0.0
v1.0,v1.0,v1.0,S1_grid_cap,D_oracle,P_balanced,29,0.868030303030303,1.0,0.13196969696969696,,0.0,0.0,0.0
v1.0,v1.0,v1.0,S1_grid_cap,D_oracle,P_balanced,30,0.868030303030303,1.0,0.13196969696969696,,0.0,0.0,0.0
v1.0,v1.0,v1.0,S1_grid_cap,D_oracle,P_balanced,31,0.868030303030303,1.0,0.13196969696969696,,0.0,0.0,0.0
v1.0,v1.0,v1.0,S1_grid_cap,D_oracle,P_balanced,32,0.868030303030303,1.0,0.13196969696969696,,0.0,0.0,0.0
v1.0,v1.0,v1.0,S1_grid_cap,D_oracle,P_balanced,33,0.868030303030303,1.0,0.13196969696969696,,0.0,0.0,0.0
v1.0,v1.0,v1.0,S1_grid_cap,D_oracle,P_balanced,34,0.868030303030303,1.0,0.13196969696969696,,0.0,0.0,0.0
v1.0,v1.0,v1.0,S1_grid_cap,D_oracle,P_balanced,35,0.868030303030303,1.0,0.13196969696969696,,0.0,0.0,0.0
v1.0,v1.0,v1.0,S1_grid_cap,D_oracle,P_balanced,36,0.868030303030303,1.0,0.13196969696969696,,0.0,0.0,0.0
v1.0,v1.0,v1.0,S1_grid_cap,D_oracle,P_balanced,37,0.868030303030303,1.0,0.13196969696969696,,0.0,0.0,0.0
v1.0,v1.0,v1.0,S1_grid_cap,D_oracle,P_balanced,38,0.868030303030303,1.0,0.13196969696969696,,0.0,0.0,0.0
v1.0,v1.0,v1.0,S1_grid_cap,D_oracle,P_balanced,39,0.868030303030303,1.0,0.13196969696969696,,0.0,0.0,0.0
v1.0,v1.0,v1.0,S1_grid_cap,D_oracle,P_no_containment,0,0.868030303030303,1.0,0.13196969696969696,,0.0,0.0,0.0
v1.0,v1.0,v1.0,S1_grid_cap,D_oracle,P_no_containment,1,0.868030303030303,1.0,0.13196969696969696,,0.0,0.0,0.0
v1.0,v1.0,v1.0,S1_grid_cap,D_oracle,P_no_containment,2,0.868030303030303,1.0,0.13196969696969696,,0.0,0.0,0.0
v1.0,v1.0,v1.0,S1_grid_cap,D_oracle,P_no_containment,3,0.868030303030303,1.0,0.13196969696969696,,0.0,0.0,0.0
v1.0,v1.0,v1.0,S1_grid_cap,D_oracle,P_no_containment,4,0.868030303030303,1.0,0.13196969696969696,,0.0,0.0,0.0
v1.0,v1.0,v1.0,S1_grid_cap,D_oracle,P_no_containment,5,0.868030303030303,1.0,0.13196969696969696,,0.0,0.0,0.0
v1.0,v1.0,v1.0,S1_grid_cap,D_oracle,P_no_containment,6,0.868030303030303,1.0,0.13196969696969696,,0.0,0.0,0.0
v1.0,v1.0,v1.0,S1_grid_cap,D_oracle,P_no_containment,7,0.868030303030303,1.0,0.13196969696969696,,0.0,0.0,0.0
v1.0,v1.0,v1.0,S1_grid_cap,D_oracle,P_no_containment,8,0.868030303030303,1.0,0.13196969696969696,,0.0,0.0,0.0
v1.0,v1.0,v1.0,S1_grid_cap,D_oracle,P_no_containment,9,0.868030303030303,1.0,0.13196969696969696,,0.0,0.0,0.0
v1.0,v1.0,v1.0,S1_grid_cap,D_oracle,P_no_containment,10,0.868030303030303,1.0,0.13196969696969696,,0.0,0.0,0.0
v1.0,v1.0,v1.0,S1_grid_cap,D_oracle,P_no_containment,11,0.868030303030303,1.0,0.13196969696969696,,0.0,0.0,0.0
v1.0,v1.0,v1.0,S1_grid_cap,D_oracle,P_no_containment,12,0.868030303030303,1.0,0.13196969696969696,,0.0,0.0,0.0
v1.0,v1.0,v1.0,S1_grid_cap,D_oracle,P_no_containment,13,0.868030303030303,1.0,0.13196969696969696,,0.0,0.0,0.0
v1.0,v1.0,v1.0,S1_grid_cap,D_oracle,P_no_containment,14,0.868030303030303,1.0,0.13196969696969696,,0.0,0.0,0.0
v1.0,v1.0,v1.0,S1_grid_cap,D_oracle,P_no_containment,15,0.868030303030303,1.0,0.13196969696969696,,0.0,0.0,0.0
v1.0,v1.0,v1.0,S1_grid_cap,D_oracle,P_no_containment,16,0.868030303030303,1.0,0.13196969696969696,,0.0,0.0,0.0
v1.0,v1.0,v1.0,S1_grid_cap,D_oracle,P_no_containment,17,0.868030303030303,1.0,0.13196969696969696,,0.0,0.0,0.0
v1.0,v1.0,v1.0,S1_grid_cap,D_oracle,P_no_containment,18,0.868030303030303,1.0,0.13196969696969696,,0.0,0.0,0.0
v1.0,v1.0,v1.0,S1_grid_cap,D_oracle,P_no_containment,19,0.868030303030303,1.0,0.13196969696969696,,0.0,0.0,0.0
v1.0,v1.0,v1.0,S1_grid_cap,D_oracle,P_no_containment,20,0.868030303030303,1.0,0.13196969696969696,,0.0,0.0,0.0
v1.0,v1.0,v1.0,S1_grid_cap,D_oracle,P_no_containment,21,0.868030303030303,1.0,0.13196969696969696,,0.0,0.0,0.0
v1.0,v1.0,v1.0,S1_grid_cap,D_oracle,P_no_containment,22,0.868030303030303,1.0,0.13196969696969696,,0.0,0.0,0.0
v1.0,v1.0,v1.0,S1_grid_cap,D_oracle,P_no_containment,23,0.868030303030303,1.0,0.13196969696969696,,0.0,0.0,0.0
v1.0,v1.0,v1.0,S1_grid_cap,D_oracle,P_no_containment,24,0.868030303030303,1.0,0.13196969696969696,,0.0,0.0,0.0
v1.0,v1.0,v1.0,S1_grid_cap,D_oracle,P_no_containment,25,0.868030303030303,1.0,0.13196969696969696,,0.0,0.0,0.0
v1.0,v1.0,v1.0,S1_grid_cap,D_oracle,P_no_containment,26,0.868030303030303,1.0,0.13196969696969696,,0.0,0.0,0.0
v1.0,v1.0,v1.0,S1_grid_cap,D_oracle,P_no_containment,27,0.868030303030303,1.0,0.13196969696969696,,0.0,0.0,0.0
v1.0,v1.0,v1.0,S1_grid_cap,D_oracle,P_no_containment,28,0.868030303030303,1.0,0.13196969696969696,,0.0,0.0,0.0
v1.0,v1.0,v1.0,S1_grid_cap,D_oracle,P_no_containment,29,0.868030303030303,1.0,0.13196969696969696,,0.0,0.0,0.0
v1.0,v1.0,v1.0,S1_grid_cap,D_oracle,P_no_containment,30,0.868030303030303,1.0,0.13196969696969696,,0.0,0.0,0.0
v1.0,v1.0,v1.0,S1_grid_cap,D_oracle,P_no_containment,31,0.868030303030303,1.0,0.13196969696969696,,0.0,0.0,0.0
v1.0,v1.0,v1.0,S1_grid_cap,D_oracle,P_no_containment,32,0.868030303030303,1.0,0.13196969696969696,,0.0,0.0,0.0
v1.0,v1.0,v1.0,S1_grid_cap,D_oracle,P_no_containment,33,0.868030303030303,1.0,0.13196969696969696,,0.0,0.0,0.0
v1.0,v1.0,v1.0,S1_grid_cap,D_oracle,P_no_containment,34,0.868030303030303,1.0,0.13196969696969696,,0.0,0.0,0.0
v1.0,v1.0,v1.0,S1_grid_cap,D_oracle,P_no_containment,35,0.868030303030303,1.0,0.13196969696969696,,0.0,0.0,0.0
v1.0,v1.0,v1.0,S1_grid_cap,D_oracle,P_no_containment,36,0.868030303030303,1.0,0.13196969696969696,,0.0,0.0,0.0
v1.0,v1.0,v1.0,S1_grid_cap,D_oracle,P_no_containment,37,0.868030303030303,1.0,0.13196969696969696,,0.0,0.0,0.0
v1.0,v1.0,v1.0,S1_grid_cap,D_oracle,P_no_containment,38,0.868030303030303,1.0,0.13196969696969696,,0.0,0.0,0.0
v1.0,v1.0,v1.0,S1_grid_cap,D_oracle,P_no_containment,39,0.868030303030303,1.0,0.13196969696969696,,0.0,0.0,0.0
v1.0,v1.0,v1.0,S1_grid_cap,D_oracle,P_aggressive,0,0.868030303030303,1.0,0.13196969696969696,,0.0,0.0,0.0
v1.0,v1.0,v1.0,S1_grid_cap,D_oracle,P_aggressive,1,0.868030303030303,1.0,0.13196969696969696,,0.0,0.0,0.0
v1.0,v1.0,v1.0,S1_grid_cap,D_oracle,P_aggressive,2,0.868030303030303,1.0,0.13196969696969696,,0.0,0.0,0.0
v1.0,v1.0,v1.0,S1_grid_cap,D_oracle,P_aggressive,3,0.868030303030303,1.0,0.13196969696969696,,0.0,0.0,0.0
v1.0,v1.0,v1.0,S1_grid_cap,D_oracle,P_aggressive,4,0.868030303030303,1.0,0.13196969696969696,,0.0,0.0,0.0
v1.0,v1.0,v1.0,S1_grid_cap,D_oracle,P_aggressive,5,0.868030303030303,1.0,0.13196969696969696,,0.0,0.0,0.0
v1.0,v1.0,v1.0,S1_grid_cap,D_oracle,P_aggressive,6,0.868030303030303,1.0,0.13196969696969696,,0.0,0.0,0.0
v1.0,v1.0,v1.0,S1_grid_cap,D_oracle,P_aggressive,7,0.868030303030303,1.0,0.13196969696969696,,0.0,0.0,0.0
v1.0,v1.0,v1.0,S1_grid_cap,D_oracle,P_aggressive,8,0.868030303030303,1.0,0.13196969696969696,,0.0,0.0,0.0
v1.0,v1.0,v1.0,S1_grid_cap,D_oracle,P_aggressive,9,0.868030303030303,1.0,0.13196969696969696,,0.0,0.0,0.0
v1.0,v1.0,v1.0,S1_grid_cap,D_oracle,P_aggressive,10,0.868030303030303,1.0,0.13196969696969696,,0.0,0.0,0.0
v1.0,v1.0,v1.0,S1_grid_cap,D_oracle,P_aggressive,11,0.868030303030303,1.0,0.13196969696969696,,0.0,0.0,0.0
v1.0,v1.0,v1.0,S1_grid_cap,D_oracle,P_aggressive,12,0.868030303030303,1.0,0.13196969696969696,,0.0,0.0,0.0
v1.0,v1.0,v1.0,S1_grid_cap,D_oracle,P_aggressive,13,0.868030303030303,1.0,0.13196969696969696,,0.0,0.0,0.0
v1.0,v1.0,v1.0,S1_grid_cap,D_oracle,P_aggressive,14,0.868030303030303,1.0,0.13196969696969696,,0.0,0.0,0.0
v1.0,v1.0,v1.0,S1_grid_cap,D_oracle,P_aggressive,15,0.868030303030303,1.0,0.13196969696969696,,0.0,0.0,0.0
v1.0,v1.0,v1.0,S1_grid_cap,D_oracle,P_aggressive,16,0.868030303030303,1.0,0.13196969696969696,,0.0,0.0,0.0
v1.0,v1.0,v1.0,S1_grid_cap,D_oracle,P_aggressive,17,0.868030303030303,1.0,0.13196969696969696,,0.0,0.0,0.0
v1.0,v1.0,v1.0,S1_grid_cap,D_oracle,P_aggressive,18,0.868030303030303,1.0,0.13196969696969696,,0.0,0.0,0.0
v1.0,v1.0,v1.0,S1_grid_cap,D_oracle,P_aggressive,19,0.868030303030303,1.0,0.13196969696969696,,0.0,0.0,0.0
v1.0,v1.0,v1.0,S1_grid_cap,D_oracle,P_aggressive,20,0.868030303030303,1.0,0.13196969696969696,,0.0,0.0,0.0
v1.0,v1.0,v1.0,S1_grid_cap,D_oracle,P_aggressive,21,0.868030303030303,1.0,0.13196969696969696,,0.0,0.0,0.0
v1.0,v1.0,v1.0,S1_grid_cap,D_oracle,P_aggressive,22,0.868030303030303,1.0,0.13196969696969696,,0.0,0.0,0.0
v1.0,v1.0,v1.0,S1_grid_cap,D_oracle,P_aggressive,23,0.868030303030303,1.0,0.13196969696969696,,0.0,0.0,0.0
v1.0,v1.0,v1.0,S1_grid_cap,D_oracle,P_aggressive,24,0.868030303030303,1.0,0.13196969696969696,,0.0,0.0,0.0
v1.0,v1.0,v1.0,S1_grid_cap,D_oracle,P_aggressive,25,0.868030303030303,1.0,0.13196969696969696,,0.0,0.0,0.0
v1.0,v1.0,v1.0,S1_grid_cap,D_oracle,P_aggressive,26,0.868030303030303,1.0,0.13196969696969696,,0.0,0.0,0.0
v1.0,v1.0,v1.0,S1_grid_cap,D_oracle,P_aggressive,27,0.868030303030303,1.0,0.13196969696969696,,0.0,0.0,0.0
v1.0,v1.0,v1.0,S1_grid_cap,D_oracle,P_aggressive,28,0.868030303030303,1.0,0.13196969696969696,,0.0,0.0,0.0
v1.0,v1.0,v1.0,S1_grid_cap,D_oracle,P_aggressive,29,0.868030303030303,1.0,0.13196969696969696,,0.0,0.0,0.0
v1.0,v1.0,v1.0,S1_grid_cap,D_oracle,P_aggressive,30,0.868030303030303,1.0,0.13196969696969696,,0.0,0.0,0.0
v1.0,v1.0,v1.0,S1_grid_cap,D_oracle,P_aggressive,31,0.868030303030303,1.0,0.13196969696969696,,0.0,0.0,0.0
v1.0,v1.0,v1.0,S1_grid_cap,D_oracle,P_aggressive,32,0.868030303030303,1.0,0.13196969696969696,,0.0,0.0,0.0
v1.0,v1.0,v1.0,S1_grid_cap,D_oracle,P_aggressive,33,0.868030303030303,1.0,0.13196969696969696,,0.0,0.0,0.0
v1.0,v1.0,v1.0,S1_grid_cap,D_oracle,P_aggressive,34,0.868030303030303,1.0,0.13196969696969696,,0.0,0.0,0.0
v1.0,v1.0,v1.0,S1_grid_cap,D_oracle,P_aggressive,35,0.868030303030303,1.0,0.13196969696969696,,0.0,0.0,0.0
v1.0,v1.0,v1.0,S1_grid_cap,D_oracle,P_aggressive,36,0.868030303030303,1.0,0.13196969696969696,,0.0,0.0,0.0
v1.0,v1.0,v1.0,S1_grid_cap,D_oracle,P_aggressive,37,0.868030303030303,1.0,0.13196969696969696,,0.0,0.0,0.0
v1.0,v1.0,v1.0,S1_grid_cap,D_oracle,P_aggressive,38,0.868030303030303,1.0,0.13196969696969696,,0.0,0.0,0.0
v1.0,v1.0,v1.0,S1_grid_cap,D_oracle,P_aggressive,39,0.868030303030303,1.0,0.13196969696969696,,0.0,0.0,0.0
v1.0,v1.0,v1.0,S1_grid_cap,D_oracle,P_conservative,0,0.868030303030303,1.0,0.13196969696969696,,0.0,0.0,0.0
v1.0,v1.0,v1.0,S1_grid_cap,D_oracle,P_conservative,1,0.868030303030303,1.0,0.13196969696969696,,0.0,0.0,0.0
v1.0,v1.0,v1.0,S1_grid_cap,D_oracle,P_conservative,2,0.868030303030303,1.0,0.13196969696969696,,0.0,0.0,0.0
v1.0,v1.0,v1.0,S1_grid_cap,D_oracle,P_conservative,3,0.868030303030303,1.0,0.13196969696969696,,0.0,0.0,0.0
v1.0,v1.0,v1.0,S1_grid_cap,D_oracle,P_conservative,4,0.868030303030303,1.0,0.13196969696969696,,0.0,0.0,0.0
v1.0,v1.0,v1.0,S1_grid_cap,D_oracle,P_conservative,5,0.868030303030303,1.0,0.13196969696969696,,0.0,0.0,0.0
v1.0,v1.0,v1.0,S1_grid_cap,D_oracle,P_conservative,6,0.868030303030303,1.0,0.13196969696969696,,0.0,0.0,0.0
v1.0,v1.0,v1.0,S1_grid_cap,D_oracle,P_conservative,7,0.868030303030303,1.0,0.13196969696969696,,0.0,0.0,0.0
v1.0,v1.0,v1.0,S1_grid_cap,D_oracle,P_conservative,8,0.868030303030303,1.0,0.13196969696969696,,0.0,0.0,0.0
v1.0,v1.0,v1.0,S1_grid_cap,D_oracle,P_conservative,9,0.868030303030303,1.0,0.13196969696969696,,0.0,0.0,0.0
v1.0,v1.0,v1.0,S1_grid_cap,D_oracle,P_conservative,10,0.868030303030303,1.0,0.13196969696969696,,0.0,0.0,0.0
v1.0,v1.0,v1.0,S1_grid_cap,D_oracle,P_conservative,11,0.868030303030303,1.0,0.13196969696969696,,0.0,0.0,0.0
v1.0,v1.0,v1.0,S1_grid_cap,D_oracle,P_conservative,12,0.868030303030303,1.0,0.13196969696969696,,0.0,0.0,0.0
v1.0,v1.0,v1.0,S1_grid_cap,D_oracle,P_conservative,13,0.868030303030303,1.0,0.13196969696969696,,0.0,0.0,0.0
v1.0,v1.0,v1.0,S1_grid_cap,D_oracle,P_conservative,14,0.868030303030303,1.0,0.13196969696969696,,0.0,0.0,0.0
v1.0,v1.0,v1.0,S1_grid_cap,D_oracle,P_conservative,15,0.868030303030303,1.0,0.13196969696969696,,0.0,0.0,0.0
v1.0,v1.0,v1.0,S1_grid_cap,D_oracle,P_conservative,16,0.868030303030303,1.0,0.13196969696969696,,0.0,0.0,0.0
v1.0,v1.0,v1.0,S1_grid_cap,D_oracle,P_conservative,17,0.868030303030303,1.0,0.13196969696969696,,0.0,0.0,0.0
v1.0,v1.0,v1.0,S1_grid_cap,D_oracle,P_conservative,18,0.868030303030303,1.0,0.13196969696969696,,0.0,0.0,0.0
v1.0,v1.0,v1.0,S1_grid_cap,D_oracle,P_conservative,19,0.868030303030303,1.0,0.13196969696969696,,0.0,0.0,0.0
v1.0,v1.0,v1.0,S1_grid_cap,D_oracle,P_conservative,20,0.868030303030303,1.0,0.13196969696969696,,0.0,0.0,0.0
v1.0,v1.0,v1.0,S1_grid_cap,D_oracle,P_conservative,21,0.868030303030303,1.0,0.13196969696969696,,0.0,0.0,0.0
v1.0,v1.0,v1.0,S1_grid_cap,D_oracle,P_conservative,22,0.868030303030303,1.0,0.13196969696969696,,0.0,0.0,0.0
v1.0,v1.0,v1.0,S1_grid_cap,D_oracle,P_conservative,23,0.868030303030303,1.0,0.13196969696969696,,0.0,0.0,0.0
v1.0,v1.0,v1.0,S1_grid_cap,D_oracle,P_conservative,24,0.868030303030303,1.0,0.13196969696969696,,0.0,0.0,0.0
v1.0,v1.0,v1.0,S1_grid_cap,D_oracle,P_conservative,25,0.868030303030303,1.0,0.13196969696969696,,0.0,0.0,0.0
v1.0,v1.0,v1.0,S1_grid_cap,D_oracle,P_conservative,26,0.868030303030303,1.0,0.13196969696969696,,0.0,0.0,0.0
v1.0,v1.0,v1.0,S1_grid_cap,D_oracle,P_conservative,27,0.868030303030303,1.0,0.13196969696969696,,0.0,0.0,0.0
v1.0,v1.0,v1.0,S1_grid_cap,D_oracle,P_conservative,28,0.868030303030303,1.0,0.13196969696969696,,0.0,0.0,0.0
v1.0,v1.0,v1.0,S1_grid_cap,D_oracle,P_conservative,29,0.868030303030303,1.0,0.13196969696969696,,0.0,0.0,0.0
v1.0,v1.0,v1.0,S1_grid_cap,D_oracle,P_conservative,30,0.868030303030303,1.0,0.13196969696969696,,0.0,0.0,0.0
v1.0,v1.0,v1.0,S1_grid_cap,D_oracle,P_conservative,31,0.868030303030303,1.0,0.13196969696969696,,0.0,0.0,0.0
v1.0,v1.0,v1.0,S1_grid_cap,D_oracle,P_conservative,32,0.868030303030303,1.0,0.13196969696969696,,0.0,0.0,0.0
v1.0,v1.0,v1.0,S1_grid_cap,D_oracle,P_conservative,33,0.868030303030303,1.0,0.13196969696969696,,0.0,0.0,0.0
v1.0,v1.0,v1.0,S1_grid_cap,D_oracle,P_conservative,34,0.868030303030303,1.0,0.13196969696969696,,0.0,0.0,0.0
v1.0,v1.0,v1.0,S1_grid_cap,D_oracle,P_conservative,35,0.868030303030303,1.0,0.13196969696969696,,0.0,0.0,0.0
v1.0,v1.0,v1.0,S1_grid_cap,D_oracle,P_conservative,36,0.868030303030303,1.0,0.13196969696969696,,0.0,0.0,0.0
v1.0,v1.0,v1.0,S1_grid_cap,D_oracle,P_conservative,37,0.868030303030303,1.0,0.13196969696969696,,0.0,0.0,0.0
v1.0,v1.0,v1.0,S1_grid_cap,D_oracle,P_conservative,38,0.868030303030303,1.0,0.13196969696969696,,0.0,0.0,0.0
v1.0,v1.0,v1.0,S1_grid_cap,D_oracle,P_conservative,39,0.868030303030303,1.0,0.13196969696969696,,0.0,0.0,0.0
v1.0,v1.0,v1.0,S2_hp_cap_peak,D0_weak,P_alpha0.15,0,0.9242424242424241,1.0,0.08175757575757592,,0.0,0.0,3.0
v1.0,v1.0,v1.0,S2_hp_cap_peak,D0_weak,P_alpha0.15,1,0.9242424242424241,1.0,0.07775757575757591,,0.0,0.0,1.0
v1.0,v1.0,v1.0,S2_hp_cap_peak,D0_weak,P_alpha0.15,2,0.9242424242424241,1.0,0.07575757575757591,,0.0,0.0,0.0
v1.0,v1.0,v1.0,S2_hp_cap_peak,D0_weak,P_alpha0.15,3,0.9242424242424241,1.0,0.07575757575757591,,0.0,0.0,0.0
v1.0,v1.0,v1.0,S2_hp_cap_peak,D0_weak,P_alpha0.15,4,0.9242424242424241,1.0,0.07775757575757591,,0.0,0.0,1.0
v1.0,v1.0,v1.0,S2_hp_cap_peak,D0_weak,P_alpha0.15,5,0.9242424242424241,1.0,0.07775757575757591,,0.0,0.0,1.0
v1.0,v1.0,v1.0,S2_hp_cap_peak,D0_weak,P_alpha0.15,6,0.9242424242424241,1.0,0.07775757575757591,,0.0,0.0,1.0
v1.0,v1.0,v1.0,S2_hp_cap_peak,D0_weak,P_alpha0.15,7,0.9242424242424241,1.0,0.07775757575757591,,0.0,0.0,1.0
v1.0,v1.0,v1.0,S2_hp_cap_peak,D0_weak,P_alpha0.15,8,0.9242424242424241,1.0,0.07775757575757591,,0.0,0.0,1.0
v1.0,v1.0,v1.0,S2_hp_cap_peak,D0_weak,P_alpha0.15,9,0.9242424242424241,1.0,0.07575757575757591,,0.0,0.0,0.0
v1.0,v1.0,v1.0,S2_hp_cap_peak,D0_weak,P_alpha0.15,10,0.9242424242424241,1.0,0.07775757575757591,,0.0,0.0,1.0
v1.0,v1.0,v1.0,S2_hp_cap_peak,D0_weak,P_alpha0.15,11,0.9242424242424241,1.0,0.07775757575757591,,0.0,0.0,1.0
v1.0,v1.0,v1.0,S2_hp_cap_peak,D0_weak,P_alpha0.15,12,0.9242424242424241,1.0,0.07775757575757591,,0.0,0.0,1.0
v1.0,v1.0,v1.0,S2_hp_cap_peak,D0_weak,P_alpha0.15,13,0.9242424242424241,1.0,0.07775757575757591,,0.0,0.0,1.0
v1.0,v1.0,v1.0,S2_hp_cap_peak,D0_weak,P_alpha0.15,14,0.9242424242424241,1.0,0.07575757575757591,,0.0,0.0,0.0
v1.0,v1.0,v1.0,S2_hp_cap_peak,D0_weak,P_alpha0.15,15,0.9242424242424241,1.0,0.07975757575757592,,0.0,0.0,2.0
v1.0,v1.0,v1.0,S2_hp_cap_peak,D0_weak,P_alpha0.15,16,0.9242424242424241,1.0,0.07575757575757591,,0.0,0.0,0.0
v1.0,v1.0,v1.0,S2_hp_cap_peak,D0_weak,P_alpha0.15,17,0.9242424242424241,1.0,0.07975757575757592,,0.0,0.0,2.0
v1.0,v1.0,v1.0,S2_hp_cap_peak,D0_weak,P_alpha0.15,18,0.9242424242424241,1.0,0.07575757575757591,,0.0,0.0,0.0
v1.0,v1.0,v1.0,S2_hp_cap_peak,D0_weak,P_alpha0.15,19,0.9242424242424241,1.0,0.07975757575757592,,0.0,0.0,2.0
v1.0,v1.0,v1.0,S2_hp_cap_peak,D0_weak,P_alpha0.15,20,0.9242424242424241,1.0,0.07775757575757591,,0.0,0.0,1.0
v1.0,v1.0,v1.0,S2_hp_cap_peak,D0_weak,P_alpha0.15,21,0.9242424242424241,1.0,0.08175757575757592,,0.0,0.0,3.0
v1.0,v1.0,v1.0,S2_hp_cap_peak,D0_weak,P_alpha0.15,22,0.9242424242424241,1.0,0.07575757575757591,,0.0,0.0,0.0
v1.0,v1.0,v1.0,S2_hp_cap_peak,D0_weak,P_alpha0.15,23,0.9242424242424241,1.0,0.07775757575757591,,0.0,0.0,1.0
v1.0,v1.0,v1.0,S2_hp_cap_peak,D0_weak,P_alpha0.15,24,0.9242424242424241,1.0,0.07975757575757592,,0.0,0.0,2.0
v1.0,v1.0,v1.0,S2_hp_cap_peak,D0_weak,P_alpha0.15,25,0.9242424242424241,1.0,0.07775757575757591,,0.0,0.0,1.0
v1.0,v1.0,v1.0,S2_hp_cap_peak,D0_weak,P_alpha0.15,26,0.9242424242424241,1.0,0.07575757575757591,,0.0,0.0,0.0
v1.0,v1.0,v1.0,S2_hp_cap_peak,D0_weak,P_alpha0.15,27,0.9242424242424241,1.0,0.07575757575757591,,0.0,0.0,0.0
v1.0,v1.0,v1.0,S2_hp_cap_peak,D0_weak,P_alpha0.15,28,0.9242424242424241,1.0,0.07575757575757591,,0.0,0.0,0.0
v1.0,v1.0,v1.0,S2_hp_cap_peak,D0_weak,P_alpha0.15,29,0.9242424242424241,1.0,0.07975757575757592,,0.0,0.0,2.0
v1.0,v1.0,v1.0,S2_hp_cap_peak,D0_weak,P_alpha0.15,30,0.9242424242424241,1.0,0.07575757575757591,,0.0,0.0,0.0
v1.0,v1.0,v1.0,S2_hp_cap_peak,D0_weak,P_alpha0.15,31,0.9242424242424241,1.0,0.07975757575757592,,0.0,0.0,2.0
v1.0,v1.0,v1.0,S2_hp_cap_peak,D0_weak,P_alpha0.15,32,0.9242424242424241,1.0,0.07775757575757591,,0.0,0.0,1.0
v1.0,v1.0,v1.0,S2_hp_cap_peak,D0_weak,P_alpha0.15,33,0.9242424242424241,1.0,0.07975757575757592,,0.0,0.0,2.0
v1.0,v1.0,v1.0,S2_hp_cap_peak,D0_weak,P_alpha0.15,34,0.9242424242424241,1.0,0.07775757575757591,,0.0,0.0,1.0
v1.0,v1.0,v1.0,S2_hp_cap_peak,D0_weak,P_alpha0.15,35,0.9242424242424241,1.0,0.07775757575757591,,0.0,0.0,1.0
v1.0,v1.0,v1.0,S2_hp_cap_peak,D0_weak,P_alpha0.15,36,0.9242424242424241,1.0,0.07775757575757591,,0.0,0.0,1.0
v1.0,v1.0,v1.0,S2_hp_cap_peak,D0_weak,P_alpha0.15,37,0.9242424242424241,1.0,0.07975757575757592,,0.0,0.0,2.0
v1.0,v1.0,v1.0,S2_hp_cap_peak,D0_weak,P_alpha0.15,38,0.9242424242424241,1.0,0.07775757575757591,,0.0,0.0,1.0
v1.0,v1.0,v1.0,S2_hp_cap_peak,D0_weak,P_alpha0.15,39,0.9242424242424241,1.0,0.07575757575757591,,0.0,0.0,0.0
v1.0,v1.0,v1.0,S2_hp_cap_peak,D0_weak,P_alpha0.30,0,0.9242424242424241,1.0,0.08175757575757592,,0.0,0.0,3.0
v1.0,v1.0,v1.0,S2_hp_cap_peak,D0_weak,P_alpha0.30,1,0.9242424242424241,1.0,0.07775757575757591,,0.0,0.0,1.0
v1.0,v1.0,v1.0,S2_hp_cap_peak,D0_weak,P_alpha0.30,2,0.9242424242424241,1.0,0.07575757575757591,,0.0,0.0,0.0
v1.0,v1.0,v1.0,S2_hp_cap_peak,D0_weak,P_alpha0.30,3,0.9242424242424241,1.0,0.07575757575757591,,0.0,0.0,0.0
v1.0,v1.0,v1.0,S2_hp_cap_peak,D0_weak,P_alpha0.30,4,0.9242424242424241,1.0,0.07775757575757591,,0.0,0.0,1.0
v1.0,v1.0,v1.0,S2_hp_cap_peak,D0_weak,P_alpha0.30,5,0.9242424242424241,1.0,0.07775757575757591,,0.0,0.0,1.0
v1.0,v1.0,v1.0,S2_hp_cap_peak,D0_weak,P_alpha0.30,6,0.9242424242424241,1.0,0.07775757575757591,,0.0,0.0,1.0
v1.0,v1.0,v1.0,S2_hp_cap_peak,D0_weak,P_alpha0.30,7,0.9242424242424241,1.0,0.07775757575757591,,0.0,0.0,1.0
v1.0,v1.0,v1.0,S2_hp_cap_peak,D0_weak,P_alpha0.30,8,0.9242424242424241,1.0,0.07775757575757591,,0.0,0.0,1.0
v1.0,v1.0,v1.0,S2_hp_cap_peak,D0_weak,P_alpha0.30,9,0.9242424242424241,1.0,0.07575757575757591,,0.0,0.0,0.0
v1.0,v1.0,v1.0,S2_hp_cap_peak,D0_weak,P_alpha0.30,10,0.9242424242424241,1.0,0.07775757575757591,,0.0,0.0,1.0
v1.0,v1.0,v1.0,S2_hp_cap_peak,D0_weak,P_alpha0.30,11,0.9242424242424241,1.0,0.07775757575757591,,0.0,0.0,1.0
v1.0,v1.0,v1.0,S2_hp_cap_peak,D0_weak,P_alpha0.30,12,0.9242424242424241,1.0,0.07775757575757591,,0.0,0.0,1.0
v1.0,v1.0,v1.0,S2_hp_cap_peak,D0_weak,P_alpha0.30,13,0.9242424242424241,1.0,0.07775757575757591,,0.0,0.0,1.0
v1.0,v1.0,v1.0,S2_hp_cap_peak,D0_weak,P_alpha0.30,14,0.9242424242424241,1.0,0.07575757575757591,,0.0,0.0,0.0
v1.0,v1.0,v1.0,S2_hp_cap_peak,D0_weak,P_alpha0.30,15,0.9242424242424241,1.0,0.07975757575757592,,0.0,0.0,2.0
v1.0,v1.0,v1.0,S2_hp_cap_peak,D0_weak,P_alpha0.30,16,0.9242424242424241,1.0,0.07575757575757591,,0.0,0.0,0.0
v1.0,v1.0,v1.0,S2_hp_cap_peak,D0_weak,P_alpha0.30,17,0.9242424242424241,1.0,0.07975757575757592,,0.0,0.0,2.0
v1.0,v1.0,v1.0,S2_hp_cap_peak,D0_weak,P_alpha0.30,18,0.9242424242424241,1.0,0.07575757575757591,,0.0,0.0,0.0
v1.0,v1.0,v1.0,S2_hp_cap_peak,D0_weak,P_alpha0.30,19,0.9242424242424241,1.0,0.07975757575757592,,0.0,0.0,2.0
v1.0,v1.0,v1.0,S2_hp_cap_peak,D0_weak,P_alpha0.30,20,0.9242424242424241,1.0,0.07775757575757591,,0.0,0.0,1.0
v1.0,v1.0,v1.0,S2_hp_cap_peak,D0_weak,P_alpha0.30,21,0.9242424242424241,1.0,0.08175757575757592,,0.0,0.0,3.0
v1.0,v1.0,v1.0,S2_hp_cap_peak,D0_weak,P_alpha0.30,22,0.9242424242424241,1.0,0.07575757575757591,,0.0,0.0,0.0
v1.0,v1.0,v1.0,S2_hp_cap_peak,D0_weak,P_alpha0.30,23,0.9242424242424241,1.0,0.07775757575757591,,0.0,0.0,1.0
v1.0,v1.0,v1.0,S2_hp_cap_peak,D0_weak,P_alpha0.30,24,0.9242424242424241,1.0,0.07975757575757592,,0.0,0.0,2.0
v1.0,v1.0,v1.0,S2_hp_cap_peak,D0_weak,P_alpha0.30,25,0.9242424242424241,1.0,0.07775757575757591,,0.0,0.0,1.0
v1.0,v1.0,v1.0,S2_hp_cap_peak,D0_weak,P_alpha0.30,26,0.9242424242424241,1.0,0.07575757575757591,,0.0,0.0,0.0
v1.0,v1.0,v1.0,S2_hp_cap_peak,D0_weak,P_alpha0.30,27,0.9242424242424241,1.0,0.07575757575757591,,0.0,0.0,0.0
v1.0,v1.0,v1.0,S2_hp_cap_peak,D0_weak,P_alpha0.30,28,0.9242424242424241,1.0,0.07575757575757591,,0.0,0.0,0.0
v1.0,v1.0,v1.0,S2_hp_cap_peak,D0_weak,P_alpha0.30,29,0.9242424242424241,1.0,0.07975757575757592,,0.0,0.0,2.0
v1.0,v1.0,v1.0,S2_hp_cap_peak,D0_weak,P_alpha0.30,30,0.9242424242424241,1.0,0.07575757575757591,,0.0,0.0,0.0
v1.0,v1.0,v1.0,S2_hp_cap_peak,D0_weak,P_alpha0.30,31,0.9242424242424241,1.0,0.07975757575757592,,0.0,0.0,2.0
v1.0,v1.0,v1.0,S2_hp_cap_peak,D0_weak,P_alpha0.30,32,0.9242424242424241,1.0,0.07775757575757591,,0.0,0.0,1.0
v1.0,v1.0,v1.0,S2_hp_cap_peak,D0_weak,P_alpha0.30,33,0.9242424242424241,1.0,0.07975757575757592,,0.0,0.0,2.0
v1.0,v1.0,v1.0,S2_hp_cap_peak,D0_weak,P_alpha0.30,34,0.9242424242424241,1.0,0.07775757575757591,,0.0,0.0,1.0
v1.0,v1.0,v1.0,S2_hp_cap_peak,D0_weak,P_alpha0.30,35,0.9242424242424241,1.0,0.07775757575757591,,0.0,0.0,1.0
v1.0,v1.0,v1.0,S2_hp_cap_peak,D0_weak,P_alpha0.30,36,0.9242424242424241,1.0,0.07775757575757591,,0.0,0.0,1.0
v1.0,v1.0,v1.0,S2_hp_cap_peak,D0_weak,P_alpha0.30,37,0.9242424242424241,1.0,0.07975757575757592,,0.0,0.0,2.0
v1.0,v1.0,v1.0,S2_hp_cap_peak,D0_weak,P_alpha0.30,38,0.9242424242424241,1.0,0.07775757575757591,,0.0,0.0,1.0
v1.0,v1.0,v1.0,S2_hp_cap_peak,D0_weak,P_alpha0.30,39,0.9242424242424241,1.0,0.07575757575757591,,0.0,0.0,0.0
v1.0,v1.0,v1.0,S2_hp_cap_peak,D0_weak,P_alpha0.45,0,0.9242424242424241,1.0,0.08175757575757592,,0.0,0.0,3.0
v1.0,v1.0,v1.0,S2_hp_cap_peak,D0_weak,P_alpha0.45,1,0.9242424242424241,1.0,0.07775757575757591,,0.0,0.0,1.0
v1.0,v1.0,v1.0,S2_hp_cap_peak,D0_weak,P_alpha0.45,2,0.9242424242424241,1.0,0.07575757575757591,,0.0,0.0,0.0
v1.0,v1.0,v1.0,S2_hp_cap_peak,D0_weak,P_alpha0.45,3,0.9242424242424241,1.0,0.07575757575757591,,0.0,0.0,0.0
v1.0,v1.0,v1.0,S2_hp_cap_peak,D0_weak,P_alpha0.45,4,0.9242424242424241,1.0,0.07775757575757591,,0.0,0.0,1.0
v1.0,v1.0,v1.0,S2_hp_cap_peak,D0_weak,P_alpha0.45,5,0.9242424242424241,1.0,0.07775757575757591,,0.0,0.0,1.0
v1.0,v1.0,v1.0,S2_hp_cap_peak,D0_weak,P_alpha0.45,6,0.9242424242424241,1.0,0.07775757575757591,,0.0,0.0,1.0
v1.0,v1.0,v1.0,S2_hp_cap_peak,D0_weak,P_alpha0.45,7,0.9242424242424241,1.0,0.07775757575757591,,0.0,0.0,1.0
v1.0,v1.0,v1.0,S2_hp_cap_peak,D0_weak,P_alpha0.45,8,0.9242424242424241,1.0,0.07775757575757591,,0.0,0.0,1.0
v1.0,v1.0,v1.0,S2_hp_cap_peak,D0_weak,P_alpha0.45,9,0.9242424242424241,1.0,0.07575757575757591,,0.0,0.0,0.0
v1.0,v1.0,v1.0,S2_hp_cap_peak,D0_weak,P_alpha0.45,10,0.9242424242424241,1.0,0.07775757575757591,,0.0,0.0,1.0
v1.0,v1.0,v1.0,S2_hp_cap_peak,D0_weak,P_alpha0.45,11,0.9242424242424241,1.0,0.07775757575757591,,0.0,0.0,1.0
v1.0,v1.0,v1.0,S2_hp_cap_peak,D0_weak,P_alpha0.45,12,0.9242424242424241,1.0,0.07775757575757591,,0.0,0.0,1.0
v1.0,v1.0,v1.0,S2_hp_cap_peak,D0_weak,P_alpha0.45,13,0.9242424242424241,1.0,0.07775757575757591,,0.0,0.0,1.0
v1.0,v1.0,v1.0,S2_hp_cap_peak,D0_weak,P_alpha0.45,14,0.9242424242424241,1.0,0.07575757575757591,,0.0,0.0,0.0
v1.0,v1.0,v1.0,S2_hp_cap_peak,D0_weak,P_alpha0.45,15,0.9242424242424241,1.0,0.07975757575757592,,0.0,0.0,2.0
v1.0,v1.0,v1.0,S2_hp_cap_peak,D0_weak,P_alpha0.45,16,0.9242424242424241,1.0,0.07575757575757591,,0.0,0.0,0.0
v1.0,v1.0,v1.0,S2_hp_cap_peak,D0_weak,P_alpha0.45,17,0.9242424242424241,1.0,0.07975757575757592,,0.0,0.0,2.0
v1.0,v1.0,v1.0,S2_hp_cap_peak,D0_weak,P_alpha0.45,18,0.9242424242424241,1.0,0.07575757575757591,,0.0,0.0,0.0
v1.0,v1.0,v1.0,S2_hp_cap_peak,D0_weak,P_alpha0.45,19,0.9242424242424241,1.0,0.07975757575757592,,0.0,0.0,2.0
v1.0,v1.0,v1.0,S2_hp_cap_peak,D0_weak,P_alpha0.45,20,0.9242424242424241,1.0,0.07775757575757591,,0.0,0.0,1.0
v1.0,v1.0,v1.0,S2_hp_cap_peak,D0_weak,P_alpha0.45,21,0.9242424242424241,1.0,0.08175757575757592,,0.0,0.0,3.0
v1.0,v1.0,v1.0,S2_hp_cap_peak,D0_weak,P_alpha0.45,22,0.9242424242424241,1.0,0.07575757575757591,,0.0,0.0,0.0
v1.0,v1.0,v1.0,S2_hp_cap_peak,D0_weak,P_alpha0.45,23,0.9242424242424241,1.0,0.07775757575757591,,0.0,0.0,1.0
v1.0,v1.0,v1.0,S2_hp_cap_peak,D0_weak,P_alpha0.45,24,0.9242424242424241,1.0,0.07975757575757592,,0.0,0.0,2.0
v1.0,v1.0,v1.0,S2_hp_cap_peak,D0_weak,P_alpha0.45,25,0.9242424242424241,1.0,0.07775757575757591,,0.0,0.0,1.0
v1.0,v1.0,v1.0,S2_hp_cap_peak,D0_weak,P_alpha0.45,26,0.9242424242424241,1.0,0.07575757575757591,,0.0,0.0,0.0
v1.0,v1.0,v1.0,S2_hp_cap_peak,D0_weak,P_alpha0.45,27,0.9242424242424241,1.0,0.07575757575757591,,0.0,0.0,0.0
v1.0,v1.0,v1.0,S2_hp_cap_peak,D0_weak,P_alpha0.45,28,0.9242424242424241,1.0,0.07575757575757591,,0.0,0.0,0.0
v1.0,v1.0,v1.0,S2_hp_cap_peak,D0_weak,P_alpha0.45,29,0.9242424242424241,1.0,0.07975757575757592,,0.0,0.0,2.0
v1.0,v1.0,v1.0,S2_hp_cap_peak,D0_weak,P_alpha0.45,30,0.9242424242424241,1.0,0.07575757575757591,,0.0,0.0,0.0
v1.0,v1.0,v1.0,S2_hp_cap_peak,D0_weak,P_alpha0.45,31,0.9242424242424241,1.0,0.07975757575757592,,0.0,0.0,2.0
v1.0,v1.0,v1.0,S2_hp_cap_peak,D0_weak,P_alpha0.45,32,0.9242424242424241,1.0,0.07775757575757591,,0.0,0.0,1.0
v1.0,v1.0,v1.0,S2_hp_cap_peak,D0_weak,P_alpha0.45,33,0.9242424242424241,1.0,0.07975757575757592,,0.0,0.0,2.0
v1.0,v1.0,v1.0,S2_hp_cap_peak,D0_weak,P_alpha0.45,34,0.9242424242424241,1.0,0.07775757575757591,,0.0,0.0,1.0
v1.0,v1.0,v1.0,S2_hp_cap_peak,D0_weak,P_alpha0.45,35,0.9242424242424241,1.0,0.07775757575757591,,0.0,0.0,1.0
v1.0,v1.0,v1.0,S2_hp_cap_peak,D0_weak,P_alpha0.45,36,0.9242424242424241,1.0,0.07775757575757591,,0.0,0.0,1.0
v1.0,v1.0,v1.0,S2_hp_cap_peak,D0_weak,P_alpha0.45,37,0.9242424242424241,1.0,0.07975757575757592,,0.0,0.0,2.0
v1.0,v1.0,v1.0,S2_hp_cap_peak,D0_weak,P_alpha0.45,38,0.9242424242424241,1.0,0.07775757575757591,,0.0,0.0,1.0
v1.0,v1.0,v1.0,S2_hp_cap_peak,D0_weak,P_alpha0.45,39,0.9242424242424241,1.0,0.07575757575757591,,0.0,0.0,0.0
v1.0,v1.0,v1.0,S2_hp_cap_peak,D0_weak,P_alpha0.60,0,0.9242424242424241,1.0,0.08175757575757592,,0.0,0.0,3.0
v1.0,v1.0,v1.0,S2_hp_cap_peak,D0_weak,P_alpha0.60,1,0.9242424242424241,1.0,0.07775757575757591,,0.0,0.0,1.0
v1.0,v1.0,v1.0,S2_hp_cap_peak,D0_weak,P_alpha0.60,2,0.9242424242424241,1.0,0.07575757575757591,,0.0,0.0,0.0
v1.0,v1.0,v1.0,S2_hp_cap_peak,D0_weak,P_alpha0.60,3,0.9242424242424241,1.0,0.07575757575757591,,0.0,0.0,0.0
v1.0,v1.0,v1.0,S2_hp_cap_peak,D0_weak,P_alpha0.60,4,0.9242424242424241,1.0,0.07775757575757591,,0.0,0.0,1.0
v1.0,v1.0,v1.0,S2_hp_cap_peak,D0_weak,P_alpha0.60,5,0.9242424242424241,1.0,0.07775757575757591,,0.0,0.0,1.0
v1.0,v1.0,v1.0,S2_hp_cap_peak,D0_weak,P_alpha0.60,6,0.9242424242424241,1.0,0.07775757575757591,,0.0,0.0,1.0
v1.0,v1.0,v1.0,S2_hp_cap_peak,D0_weak,P_alpha0.60,7,0.9242424242424241,1.0,0.07775757575757591,,0.0,0.0,1.0
v1.0,v1.0,v1.0,S2_hp_cap_peak,D0_weak,P_alpha0.60,8,0.9242424242424241,1.0,0.07775757575757591,,0.0,0.0,1.0
v1.0,v1.0,v1.0,S2_hp_cap_peak,D0_weak,P_alpha0.60,9,0.9242424242424241,1.0,0.07575757575757591,,0.0,0.0,0.0
v1.0,v1.0,v1.0,S2_hp_cap_peak,D0_weak,P_alpha0.60,10,0.9242424242424241,1.0,0.07775757575757591,,0.0,0.0,1.0
v1.0,v1.0,v1.0,S2_hp_cap_peak,D0_weak,P_alpha0.60,11,0.9242424242424241,1.0,0.07775757575757591,,0.0,0.0,1.0
v1.0,v1.0,v1.0,S2_hp_cap_peak,D0_weak,P_alpha0.60,12,0.9242424242424241,1.0,0.07775757575757591,,0.0,0.0,1.0
v1.0,v1.0,v1.0,S2_hp_cap_peak,D0_weak,P_alpha0.60,13,0.9242424242424241,1.0,0.07775757575757591,,0.0,0.0,1.0
v1.0,v1.0,v1.0,S2_hp_cap_peak,D0_weak,P_alpha0.60,14,0.9242424242424241,1.0,0.07575757575757591,,0.0,0.0,0.0
v1.0,v1.0,v1.0,S2_hp_cap_peak,D0_weak,P_alpha0.60,15,0.9242424242424241,1.0,0.07975757575757592,,0.0,0.0,2.0
v1.0,v1.0,v1.0,S2_hp_cap_peak,D0_weak,P_alpha0.60,16,0.9242424242424241,1.0,0.07575757575757591,,0.0,0.0,0.0
v1.0,v1.0,v1.0,S2_hp_cap_peak,D0_weak,P_alpha0.60,17,0.9242424242424241,1.0,0.07975757575757592,,0.0,0.0,2.0
v1.0,v1.0,v1.0,S2_hp_cap_peak,D0_weak,P_alpha0.60,18,0.9242424242424241,1.0,0.07575757575757591,,0.0,0.0,0.0
v1.0,v1.0,v1.0,S2_hp_cap_peak,D0_weak,P_alpha0.60,19,0.9242424242424241,1.0,0.07975757575757592,,0.0,0.0,2.0
v1.0,v1.0,v1.0,S2_hp_cap_peak,D0_weak,P_alpha0.60,20,0.9242424242424241,1.0,0.07775757575757591,,0.0,0.0,1.0
v1.0,v1.0,v1.0,S2_hp_cap_peak,D0_weak,P_alpha0.60,21,0.9242424242424241,1.0,0.08175757575757592,,0.0,0.0,3.0
v1.0,v1.0,v1.0,S2_hp_cap_peak,D0_weak,P_alpha0.60,22,0.9242424242424241,1.0,0.07575757575757591,,0.0,0.0,0.0
v1.0,v1.0,v1.0,S2_hp_cap_peak,D0_weak,P_alpha0.60,23,0.9242424242424241,1.0,0.07775757575757591,,0.0,0.0,1.0
v1.0,v1.0,v1.0,S2_hp_cap_peak,D0_weak,P_alpha0.60,24,0.9242424242424241,1.0,0.07975757575757592,,0.0,0.0,2.0
v1.0,v1.0,v1.0,S2_hp_cap_peak,D0_weak,P_alpha0.60,25,0.9242424242424241,1.0,0.07775757575757591,,0.0,0.0,1.0
v1.0,v1.0,v1.0,S2_hp_cap_peak,D0_weak,P_alpha0.60,26,0.9242424242424241,1.0,0.07575757575757591,,0.0,0.0,0.0
v1.0,v1.0,v1.0,S2_hp_cap_peak,D0_weak,P_alpha0.60,27,0.9242424242424241,1.0,0.07575757575757591,,0.0,0.0,0.0
v1.0,v1.0,v1.0,S2_hp_cap_peak,D0_weak,P_alpha0.60,28,0.9242424242424241,1.0,0.07575757575757591,,0.0,0.0,0.0
v1.0,v1.0,v1.0,S2_hp_cap_peak,D0_weak,P_alpha0.60,29,0.9242424242424241,1.0,0.07975757575757592,,0.0,0.0,2.0
v1.0,v1.0,v1.0,S2_hp_cap_peak,D0_weak,P_alpha0.60,30,0.9242424242424241,1.0,0.07575757575757591,,0.0,0.0,0.0
v1.0,v1.0,v1.0,S2_hp_cap_peak,D0_weak,P_alpha0.60,31,0.9242424242424241,1.0,0.07975757575757592,,0.0,0.0,2.0
v1.0,v1.0,v1.0,S2_hp_cap_peak,D0_weak,P_alpha0.60,32,0.9242424242424241,1.0,0.07775757575757591,,0.0,0.0,1.0
v1.0,v1.0,v1.0,S2_hp_cap_peak,D0_weak,P_alpha0.60,33,0.9242424242424241,1.0,0.07975757575757592,,0.0,0.0,2.0
v1.0,v1.0,v1.0,S2_hp_cap_peak,D0_weak,P_alpha0.60,34,0.9242424242424241,1.0,0.07775757575757591,,0.0,0.0,1.0
v1.0,v1.0,v1.0,S2_hp_cap_peak,D0_weak,P_alpha0.60,35,0.9242424242424241,1.0,0.07775757575757591,,0.0,0.0,1.0
v1.0,v1.0,v1.0,S2_hp_cap_peak,D0_weak,P_alpha0.60,36,0.9242424242424241,1.0,0.07775757575757591,,0.0,0.0,1.0
v1.0,v1.0,v1.0,S2_hp_cap_peak,D0_weak,P_alpha0.60,37,0.9242424242424241,1.0,0.07975757575757592,,0.0,0.0,2.0
v1.0,v1.0,v1.0,S2_hp_cap_peak,D0_weak,P_alpha0.60,38,0.9242424242424241,1.0,0.07775757575757591,,0.0,0.0,1.0
v1.0,v1.0,v1.0,S2_hp_cap_peak,D0_weak,P_alpha0.60,39,0.9242424242424241,1.0,0.07575757575757591,,0.0,0.0,0.0
v1.0,v1.0,v1.0,S2_hp_cap_peak,D0_weak,P_alpha0.75,0,0.9242424242424241,1.0,0.08175757575757592,,0.0,0.0,3.0
v1.0,v1.0,v1.0,S2_hp_cap_peak,D0_weak,P_alpha0.75,1,0.9242424242424241,1.0,0.07775757575757591,,0.0,0.0,1.0
v1.0,v1.0,v1.0,S2_hp_cap_peak,D0_weak,P_alpha0.75,2,0.9242424242424241,1.0,0.07575757575757591,,0.0,0.0,0.0
v1.0,v1.0,v1.0,S2_hp_cap_peak,D0_weak,P_alpha0.75,3,0.9242424242424241,1.0,0.07575757575757591,,0.0,0.0,0.0
v1.0,v1.0,v1.0,S2_hp_cap_peak,D0_weak,P_alpha0.75,4,0.9242424242424241,1.0,0.07775757575757591,,0.0,0.0,1.0
v1.0,v1.0,v1.0,S2_hp_cap_peak,D0_weak,P_alpha0.75,5,0.9242424242424241,1.0,0.07775757575757591,,0.0,0.0,1.0
v1.0,v1.0,v1.0,S2_hp_cap_peak,D0_weak,P_alpha0.75,6,0.9242424242424241,1.0,0.07775757575757591,,0.0,0.0,1.0
v1.0,v1.0,v1.0,S2_hp_cap_peak,D0_weak,P_alpha0.75,7,0.9242424242424241,1.0,0.07775757575757591,,0.0,0.0,1.0
v1.0,v1.0,v1.0,S2_hp_cap_peak,D0_weak,P_alpha0.75,8,0.9242424242424241,1.0,0.07775757575757591,,0.0,0.0,1.0
v1.0,v1.0,v1.0,S2_hp_cap_peak,D0_weak,P_alpha0.75,9,0.9242424242424241,1.0,0.07575757575757591,,0.0,0.0,0.0
v1.0,v1.0,v1.0,S2_hp_cap_peak,D0_weak,P_alpha0.75,10,0.9242424242424241,1.0,0.07775757575757591,,0.0,0.0,1.0
v1.0,v1.0,v1.0,S2_hp_cap_peak,D0_weak,P_alpha0.75,11,0.9242424242424241,1.0,0.07775757575757591,,0.0,0.0,1.0
v1.0,v1.0,v1.0,S2_hp_cap_peak,D0_weak,P_alpha0.75,12,0.9242424242424241,1.0,0.07775757575757591,,0.0,0.0,1.0
v1.0,v1.0,v1.0,S2_hp_cap_peak,D0_weak,P_alpha0.75,13,0.9242424242424241,1.0,0.07775757575757591,,0.0,0.0,1.0
v1.0,v1.0,v1.0,S2_hp_cap_peak,D0_weak,P_alpha0.75,14,0.9242424242424241,1.0,0.07575757575757591,,0.0,0.0,0.0
v1.0,v1.0,v1.0,S2_hp_cap_peak,D0_weak,P_alpha0.75,15,0.9242424242424241,1.0,0.07975757575757592,,0.0,0.0,2.0
v1.0,v1.0,v1.0,S2_hp_cap_peak,D0_weak,P_alpha0.75,16,0.9242424242424241,1.0,0.07575757575757591,,0.0,0.0,0.0
v1.0,v1.0,v1.0,S2_hp_cap_peak,D0_weak,P_alpha0.75,17,0.9242424242424241,1.0,0.07975757575757592,,0.0,0.0,2.0
v1.0,v1.0,v1.0,S2_hp_cap_peak,D0_weak,P_alpha0.75,18,0.9242424242424241,1.0,0.07575757575757591,,0.0,0.0,0.0
v1.0,v1.0,v1.0,S2_hp_cap_peak,D0_weak,P_alpha0.75,19,0.9242424242424241,1.0,0.07975757575757592,,0.0,0.0,2.0
v1.0,v1.0,v1.0,S2_hp_cap_peak,D0_weak,P_alpha0.75,20,0.9242424242424241,1.0,0.07775757575757591,,0.0,0.0,1.0
v1.0,v1.0,v1.0,S2_hp_cap_peak,D0_weak,P_alpha0.75,21,0.9242424242424241,1.0,0.08175757575757592,,0.0,0.0,3.0
v1.0,v1.0,v1.0,S2_hp_cap_peak,D0_weak,P_alpha0.75,22,0.9242424242424241,1.0,0.07575757575757591,,0.0,0.0,0.0
v1.0,v1.0,v1.0,S2_hp_cap_peak,D0_weak,P_alpha0.75,23,0.9242424242424241,1.0,0.07775757575757591,,0.0,0.0,1.0
v1.0,v1.0,v1.0,S2_hp_cap_peak,D0_weak,P_alpha0.75,24,0.9242424242424241,1.0,0.07975757575757592,,0.0,0.0,2.0
v1.0,v1.0,v1.0,S2_hp_cap_peak,D0_weak,P_alpha0.75,25,0.9242424242424241,1.0,0.07775757575757591,,0.0,0.0,1.0
v1.0,v1.0,v1.0,S2_hp_cap_peak,D0_weak,P_alpha0.75,26,0.9242424242424241,1.0,0.07575757575757591,,0.0,0.0,0.0
v1.0,v1.0,v1.0,S2_hp_cap_peak,D0_weak,P_alpha0.75,27,0.9242424242424241,1.0,0.07575757575757591,,0.0,0.0,0.0
v1.0,v1.0,v1.0,S2_hp_cap_peak,D0_weak,P_alpha0.75,28,0.9242424242424241,1.0,0.07575757575757591,,0.0,0.0,0.0
v1.0,v1.0,v1.0,S2_hp_cap_peak,D0_weak,P_alpha0.75,29,0.9242424242424241,1.0,0.07975757575757592,,0.0,0.0,2.0
v1.0,v1.0,v1.0,S2_hp_cap_peak,D0_weak,P_alpha0.75,30,0.9242424242424241,1.0,0.07575757575757591,,0.0,0.0,0.0
v1.0,v1.0,v1.0,S2_hp_cap_peak,D0_weak,P_alpha0.75,31,0.9242424242424241,1.0,0.07975757575757592,,0.0,0.0,2.0
v1.0,v1.0,v1.0,S2_hp_cap_peak,D0_weak,P_alpha0.75,32,0.9242424242424241,1.0,0.07775757575757591,,0.0,0.0,1.0
v1.0,v1.0,v1.0,S2_hp_cap_peak,D0_weak,P_alpha0.75,33,0.9242424242424241,1.0,0.07975757575757592,,0.0,0.0,2.0
v1.0,v1.0,v1.0,S2_hp_cap_peak,D0_weak,P_alpha0.75,34,0.9242424242424241,1.0,0.07775757575757591,,0.0,0.0,1.0
v1.0,v1.0,v1.0,S2_hp_cap_peak,D0_weak,P_alpha0.75,35,0.9242424242424241,1.0,0.07775757575757591,,0.0,0.0,1.0
v1.0,v1.0,v1.0,S2_hp_cap_peak,D0_weak,P_alpha0.75,36,0.9242424242424241,1.0,0.07775757575757591,,0.0,0.0,1.0
v1.0,v1.0,v1.0,S2_hp_cap_peak,D0_weak,P_alpha0.75,37,0.9242424242424241,1.0,0.07975757575757592,,0.0,0.0,2.0
v1.0,v1.0,v1.0,S2_hp_cap_peak,D0_weak,P_alpha0.75,38,0.9242424242424241,1.0,0.07775757575757591,,0.0,0.0,1.0
v1.0,v1.0,v1.0,S2_hp_cap_peak,D0_weak,P_alpha0.75,39,0.9242424242424241,1.0,0.07575757575757591,,0.0,0.0,0.0
v1.0,v1.0,v1.0,S2_hp_cap_peak,D0_weak,P_alpha0.90,0,1.0,1.0,0.006,,0.0,0.0,3.0
v1.0,v1.0,v1.0,S2_hp_cap_peak,D0_weak,P_alpha0.90,1,1.0,1.0,0.002,,0.0,0.0,1.0
v1.0,v1.0,v1.0,S2_hp_cap_peak,D0_weak,P_alpha0.90,2,1.0,1.0,0.0,,0.0,0.0,0.0
v1.0,v1.0,v1.0,S2_hp_cap_peak,D0_weak,P_alpha0.90,3,1.0,1.0,0.0,,0.0,0.0,0.0
v1.0,v1.0,v1.0,S2_hp_cap_peak,D0_weak,P_alpha0.90,4,1.0,1.0,0.002,,0.0,0.0,1.0
v1.0,v1.0,v1.0,S2_hp_cap_peak,D0_weak,P_alpha0.90,5,1.0,1.0,0.002,,0.0,0.0,1.0
v1.0,v1.0,v1.0,S2_hp_cap_peak,D0_weak,P_alpha0.90,6,1.0,1.0,0.002,,0.0,0.0,1.0
v1.0,v1.0,v1.0,S2_hp_cap_peak,D0_weak,P_alpha0.90,7,1.0,1.0,0.002,,0.0,0.0,1.0
v1.0,v1.0,v1.0,S2_hp_cap_peak,D0_weak,P_alpha0.90,8,1.0,1.0,0.002,,0.0,0.0,1.0
v1.0,v1.0,v1.0,S2_hp_cap_peak,D0_weak,P_alpha0.90,9,1.0,1.0,0.0,,0.0,0.0,0.0
v1.0,v1.0,v1.0,S2_hp_cap_peak,D0_weak,P_alpha0.90,10,1.0,1.0,0.002,,0.0,0.0,1.0
v1.0,v1.0,v1.0,S2_hp_cap_peak,D0_weak,P_alpha0.90,11,1.0,1.0,0.002,,0.0,0.0,1.0
v1.0,v1.0,v1.0,S2_hp_cap_peak,D0_weak,P_alpha0.90,12,1.0,1.0,0.002,,0.0,0.0,1.0
v1.0,v1.0,v1.0,S2_hp_cap_peak,D0_weak,P_alpha0.90,13,1.0,1.0,0.002,,0.0,0.0,1.0
v1.0,v1.0,v1.0,S2_hp_cap_peak,D0_weak,P_alpha0.90,14,1.0,1.0,0.0,,0.0,0.0,0.0
v1.0,v1.0,v1.0,S2_hp_cap_peak,D0_weak,P_alpha0.90,15,1.0,1.0,0.004,,0.0,0.0,2.0
v1.0,v1.0,v1.0,S2_hp_cap_peak,D0_weak,P_alpha0.90,16,1.0,1.0,0.0,,0.0,0.0,0.0
v1.0,v1.0,v1.0,S2_hp_cap_peak,D0_weak,P_alpha0.90,17,1.0,1.0,0.004,,0.0,0.0,2.0
v1.0,v1.0,v1.0,S2_hp_cap_peak,D0_weak,P_alpha0.90,18,1.0,1.0,0.0,,0.0,0.0,0.0
v1.0,v1.0,v1.0,S2_hp_cap_peak,D0_weak,P_alpha0.90,19,1.0,1.0,0.004,,0.0,0.0,2.0
v1.0,v1.0,v1.0,S2_hp_cap_peak,D0_weak,P_alpha0.90,20,1.0,1.0,0.002,,0.0,0.0,1.0
v1.0,v1.0,v1.0,S2_hp_cap_peak,D0_weak,P_alpha0.90,21,1.0,1.0,0.006,,0.0,0.0,3.0
v1.0,v1.0,v1.0,S2_hp_cap_peak,D0_weak,P_alpha0.90,22,1.0,1.0,0.0,,0.0,0.0,0.0
v1.0,v1.0,v1.0,S2_hp_cap_peak,D0_weak,P_alpha0.90,23,1.0,1.0,0.002,,0.0,0.0,1.0
v1.0,v1.0,v1.0,S2_hp_cap_peak,D0_weak,P_alpha0.90,24,1.0,1.0,0.004,,0.0,0.0,2.0
v1.0,v1.0,v1.0,S2_hp_cap_peak,D0_weak,P_alpha0.90,25,1.0,1.0,0.002,,0.0,0.0,1.0
v1.0,v1.0,v1.0,S2_hp_cap_peak,D0_weak,P_alpha0.90,26,1.0,1.0,0.0,,0.0,0.0,0.0
v1.0,v1.0,v1.0,S2_hp_cap_peak,D0_weak,P_alpha0.90,27,1.0,1.0,0.0,,0.0,0.0,0.0
v1.0,v1.0,v1.0,S2_hp_cap_peak,D0_weak,P_alpha0.90,28,1.0,1.0,0.0,,0.0,0.0,0.0
v1.0,v1.0,v1.0,S2_hp_cap_peak,D0_weak,P_alpha0.90,29,1.0,1.0,0.004,,0.0,0.0,2.0
v1.0,v1.0,v1.0,S2_hp_cap_peak,D0_weak,P_alpha0.90,30,1.0,1.0,0.0,,0.0,0.0,0.0
v1.0,v1.0,v1.0,S2_hp_cap_peak,D0_weak,P_alpha0.90,31,1.0,1.0,0.004,,0.0,0.0,2.0
v1.0,v1.0,v1.0,S2_hp_cap_peak,D0_weak,P_alpha0.90,32,1.0,1.0,0.002,,0.0,0.0,1.0
v1.0,v1.0,v1.0,S2_hp_cap_peak,D0_weak,P_alpha0.90,33,1.0,1.0,0.004,,0.0,0.0,2.0
v1.0,v1.0,v1.0,S2_hp_cap_peak,D0_weak,P_alpha0.90,34,1.0,1.0,0.002,,0.0,0.0,1.0
v1.0,v1.0,v1.0,S2_hp_cap_peak,D0_weak,P_alpha0.90,35,1.0,1.0,0.002,,0.0,0.0,1.0
v1.0,v1.0,v1.0,S2_hp_cap_peak,D0_weak,P_alpha0.90,36,1.0,1.0,0.002,,0.0,0.0,1.0
v1.0,v1.0,v1.0,S2_hp_cap_peak,D0_weak,P_alpha0.90,37,1.0,1.0,0.004,,0.0,0.0,2.0
v1.0,v1.0,v1.0,S2_hp_cap_peak,D0_weak,P_alpha0.90,38,1.0,1.0,0.002,,0.0,0.0,1.0
v1.0,v1.0,v1.0,S2_hp_cap_peak,D0_weak,P_alpha0.90,39,1.0,1.0,0.0,,0.0,0.0,0.0
v1.0,v1.0,v1.0,S2_hp_cap_peak,D0_weak,P_alpha1.00,0,1.0,0.9453124999999993,0.0716250000000008,,0.0,0.0,3.0
v1.0,v1.0,v1.0,S2_hp_cap_peak,D0_weak,P_alpha1.00,1,1.0,0.9453124999999993,0.0676250000000008,,0.0,0.0,1.0
v1.0,v1.0,v1.0,S2_hp_cap_peak,D0_weak,P_alpha1.00,2,1.0,0.9453124999999993,0.0656250000000008,,0.0,0.0,0.0
v1.0,v1.0,v1.0,S2_hp_cap_peak,D0_weak,P_alpha1.00,3,1.0,0.9453124999999993,0.0656250000000008,,0.0,0.0,0.0
v1.0,v1.0,v1.0,S2_hp_cap_peak,D0_weak,P_alpha1.00,4,1.0,0.9453124999999993,0.0676250000000008,,0.0,0.0,1.0
v1.0,v1.0,v1.0,S2_hp_cap_peak,D0_weak,P_alpha1.00,5,1.0,0.9453124999999993,0.0676250000000008,,0.0,0.0,1.0
v1.0,v1.0,v1.0,S2_hp_cap_peak,D0_weak,P_alpha1.00,6,1.0,0.9453124999999993,0.0676250000000008,,0.0,0.0,1.0
v1.0,v1.0,v1.0,S2_hp_cap_peak,D0_weak,P_alpha1.00,7,1.0,0.9453124999999993,0.0676250000000008,,0.0,0.0,1.0
v1.0,v1.0,v1.0,S2_hp_cap_peak,D0_weak,P_alpha1.00,8,1.0,0.9453124999999993,0.0676250000000008,,0.0,0.0,1.0
v1.0,v1.0,v1.0,S2_hp_cap_peak,D0_weak,P_alpha1.00,9,1.0,0.9453124999999993,0.0656250000000008,,0.0,0.0,0.0
v1.0,v1.0,v1.0,S2_hp_cap_peak,D0_weak,P_alpha1.00,10,1.0,0.9453124999999993,0.0676250000000008,,0.0,0.0,1.0
v1.0,v1.0,v1.0,S2_hp_cap_peak,D0_weak,P_alpha1.00,11,1.0,0.9453124999999993,0.0676250000000008,,0.0,0.0,1.0
v1.0,v1.0,v1.0,S2_hp_cap_peak,D0_weak,P_alpha1.00,12,1.0,0.9453124999999993,0.0676250000000008,,0.0,0.0,1.0
v1.0,v1.0,v1.0,S2_hp_cap_peak,D0_weak,P_alpha1.00,13,1.0,0.9453124999999993,0.0676250000000008,,0.0,0.0,1.0
v1.0,v1.0,v1.0,S2_hp_cap_peak,D0_weak,P_alpha1.00,14,1.0,0.9453124999999993,0.0656250000000008,,0.0,0.0,0.0
v1.0,v1.0,v1.0,S2_hp_cap_peak,D0_weak,P_alpha1.00,15,1.0,0.9453124999999993,0.0696250000000008,,0.0,0.0,2.0
v1.0,v1.0,v1.0,S2_hp_cap_peak,D0_weak,P_alpha1.00,16,1.0,0.9453124999999993,0.0656250000000008,,0.0,0.0,0.0
v1.0,v1.0,v1.0,S2_hp_cap_peak,D0_weak,P_alpha1.00,17,1.0,0.9453124999999993,0.0696250000000008,,0.0,0.0,2.0
v1.0,v1.0,v1.0,S2_hp_cap_peak,D0_weak,P_alpha1.00,18,1.0,0.9453124999999993,0.0656250000000008,,0.0,0.0,0.0
v1.0,v1.0,v1.0,S2_hp_cap_peak,D0_weak,P_alpha1.00,19,1.0,0.9453124999999993,0.0696250000000008,,0.0,0.0,2.0
v1.0,v1.0,v1.0,S2_hp_cap_peak,D0_weak,P_alpha1.00,20,1.0,0.9453124999999993,0.0676250000000008,,0.0,0.0,1.0
v1.0,v1.0,v1.0,S2_hp_cap_peak,D0_weak,P_alpha1.00,21,1.0,0.9453124999999993,0.0716250000000008,,0.0,0.0,3.0
v1.0,v1.0,v1.0,S2_hp_cap_peak,D0_weak,P_alpha1.00,22,1.0,0.9453124999999993,0.0656250000000008,,0.0,0.0,0.0
v1.0,v1.0,v1.0,S2_hp_cap_peak,D0_weak,P_alpha1.00,23,1.0,0.9453124999999993,0.0676250000000008,,0.0,0.0,1.0
v1.0,v1.0,v1.0,S2_hp_cap_peak,D0_weak,P_alpha1.00,24,1.0,0.9453124999999993,0.0696250000000008,,0.0,0.0,2.0
v1.0,v1.0,v1.0,S2_hp_cap_peak,D0_weak,P_alpha1.00,25,1.0,0.9453124999999993,0.0676250000000008,,0.0,0.0,1.0
v1.0,v1.0,v1.0,S2_hp_cap_peak,D0_weak,P_alpha1.00,26,1.0,0.9453124999999993,0.0656250000000008,,0.0,0.0,0.0
v1.0,v1.0,v1.0,S2_hp_cap_peak,D0_weak,P_alpha1.00,27,1.0,0.9453124999999993,0.0656250000000008,,0.0,0.0,0.0
v1.0,v1.0,v1.0,S2_hp_cap_peak,D0_weak,P_alpha1.00,28,1.0,0.9453124999999993,0.0656250000000008,,0.0,0.0,0.0
v1.0,v1.0,v1.0,S2_hp_cap_peak,D0_weak,P_alpha1.00,29,1.0,0.9453124999999993,0.0696250000000008,,0.0,0.0,2.0
v1.0,v1.0,v1.0,S2_hp_cap_peak,D0_weak,P_alpha1.00,30,1.0,0.9453124999999993,0.0656250000000008,,0.0,0.0,0.0
v1.0,v1.0,v1.0,S2_hp_cap_peak,D0_weak,P_alpha1.00,31,1.0,0.9453124999999993,0.0696250000000008,,0.0,0.0,2.0
v1.0,v1.0,v1.0,S2_hp_cap_peak,D0_weak,P_alpha1.00,32,1.0,0.9453124999999993,0.0676250000000008,,0.0,0.0,1.0
v1.0,v1.0,v1.0,S2_hp_cap_peak,D0_weak,P_alpha1.00,33,1.0,0.9453124999999993,0.0696250000000008,,0.0,0.0,2.0
v1.0,v1.0,v1.0,S2_hp_cap_peak,D0_weak,P_alpha1.00,34,1.0,0.9453124999999993,0.0676250000000008,,0.0,0.0,1.0
v1.0,v1.0,v1.0,S2_hp_cap_peak,D0_weak,P_alpha1.00,35,1.0,0.9453124999999993,0.0676250000000008,,0.0,0.0,1.0
v1.0,v1.0,v1.0,S2_hp_cap_peak,D0_weak,P_alpha1.00,36,1.0,0.9453124999999993,0.0676250000000008,,0.0,0.0,1.0
v1.0,v1.0,v1.0,S2_hp_cap_peak,D0_weak,P_alpha1.00,37,1.0,0.9453124999999993,0.0696250000000008,,0.0,0.0,2.0
v1.0,v1.0,v1.0,S2_hp_cap_peak,D0_weak,P_alpha1.00,38,1.0,0.9453124999999993,0.0676250000000008,,0.0,0.0,1.0
v1.0,v1.0,v1.0,S2_hp_cap_peak,D0_weak,P_alpha1.00,39,1.0,0.9453124999999993,0.0656250000000008,,0.0,0.0,0.0
v1.0,v1.0,v1.0,S2_hp_cap_peak,D0_weak,P_availability_first,0,1.0,0.9453124999999993,0.0716250000000008,,0.0,0.0,3.0
v1.0,v1.0,v1.0,S2_hp_cap_peak,D0_weak,P_availability_first,1,1.0,0.9453124999999993,0.0676250000000008,,0.0,0.0,1.0
v1.0,v1.0,v1.0,S2_hp_cap_peak,D0_weak,P_availability_first,2,1.0,0.9453124999999993,0.0656250000000008,,0.0,0.0,0.0
v1.0,v1.0,v1.0,S2_hp_cap_peak,D0_weak,P_availability_first,3,1.0,0.9453124999999993,0.0656250000000008,,0.0,0.0,0.0
v1.0,v1.0,v1.0,S2_hp_cap_peak,D0_weak,P_availability_first,4,1.0,0.9453124999999993,0.0676250000000008,,0.0,0.0,1.0
v1.0,v1.0,v1.0,S2_hp_cap_peak,D0_weak,P_availability_first,5,1.0,0.9453124999999993,0.0676250000000008,,0.0,0.0,1.0
v1.0,v1.0,v1.0,S2_hp_cap_peak,D0_weak,P_availability_first,6,1.0,0.9453124999999993,0.0676250000000008,,0.0,0.0,1.0
v1.0,v1.0,v1.0,S2_hp_cap_peak,D0_weak,P_availability_first,7,1.0,0.9453124999999993,0.0676250000000008,,0.0,0.0,1.0
v1.0,v1.0,v1.0,S2_hp_cap_peak,D0_weak,P_availability_first,8,1.0,0.9453124999999993,0.0676250000000008,,0.0,0.0,1.0
v1.0,v1.0,v1.0,S2_hp_cap_peak,D0_weak,P_availability_first,9,1.0,0.9453124999999993,0.0656250000000008,,0.0,0.0,0.0
v1.0,v1.0,v1.0,S2_hp_cap_peak,D0_weak,P_availability_first,10,1.0,0.9453124999999993,0.0676250000000008,,0.0,0.0,1.0
v1.0,v1.0,v1.0,S2_hp_cap_peak,D0_weak,P_availability_first,11,1.0,0.9453124999999993,0.0676250000000008,,0.0,0.0,1.0
v1.0,v1.0,v1.0,S2_hp_cap_peak,D0_weak,P_availability_first,12,1.0,0.9453124999999993,0.0676250000000008,,0.0,0.0,1.0
v1.0,v1.0,v1.0,S2_hp_cap_peak,D0_weak,P_availability_first,13,1.0,0.9453124999999993,0.0676250000000008,,0.0,0.0,1.0
v1.0,v1.0,v1.0,S2_hp_cap_peak,D0_weak,P_availability_first,14,1.0,0.9453124999999993,0.0656250000000008,,0.0,0.0,0.0
v1.0,v1.0,v1.0,S2_hp_cap_peak,D0_weak,P_availability_first,15,1.0,0.9453124999999993,0.0696250000000008,,0.0,0.0,2.0
v1.0,v1.0,v1.0,S2_hp_cap_peak,D0_weak,P_availability_first,16,1.0,0.9453124999999993,0.0656250000000008,,0.0,0.0,0.0
v1.0,v1.0,v1.0,S2_hp_cap_peak,D0_weak,P_availability_first,17,1.0,0.9453124999999993,0.0696250000000008,,0.0,0.0,2.0
v1.0,v1.0,v1.0,S2_hp_cap_peak,D0_weak,P_availability_first,18,1.0,0.9453124999999993,0.0656250000000008,,0.0,0.0,0.0
v1.0,v1.0,v1.0,S2_hp_cap_peak,D0_weak,P_availability_first,19,1.0,0.9453124999999993,0.0696250000000008,,0.0,0.0,2.0
v1.0,v1.0,v1.0,S2_hp_cap_peak,D0_weak,P_availability_first,20,1.0,0.9453124999999993,0.0676250000000008,,0.0,0.0,1.0
v1.0,v1.0,v1.0,S2_hp_cap_peak,D0_weak,P_availability_first,21,1.0,0.9453124999999993,0.0716250000000008,,0.0,0.0,3.0
v1.0,v1.0,v1.0,S2_hp_cap_peak,D0_weak,P_availability_first,22,1.0,0.9453124999999993,0.0656250000000008,,0.0,0.0,0.0
v1.0,v1.0,v1.0,S2_hp_cap_peak,D0_weak,P_availability_first,23,1.0,0.9453124999999993,0.0676250000000008,,0.0,0.0,1.0
v1.0,v1.0,v1.0,S2_hp_cap_peak,D0_weak,P_availability_first,24,1.0,0.9453124999999993,0.0696250000000008,,0.0,0.0,2.0
v1.0,v1.0,v1.0,S2_hp_cap_peak,D0_weak,P_availability_first,25,1.0,0.9453124999999993,0.0676250000000008,,0.0,0.0,1.0
v1.0,v1.0,v1.0,S2_hp_cap_peak,D0_weak,P_availability_first,26,1.0,0.9453124999999993,0.0656250000000008,,0.0,0.0,0.0
v1.0,v1.0,v1.0,S2_hp_cap_peak,D0_weak,P_availability_first,27,1.0,0.9453124999999993,0.0656250000000008,,0.0,0.0,0.0
v1.0,v1.0,v1.0,S2_hp_cap_peak,D0_weak,P_availability_first,28,1.0,0.9453124999999993,0.0656250000000008,,0.0,0.0,0.0
v1.0,v1.0,v1.0,S2_hp_cap_peak,D0_weak,P_availability_first,29,1.0,0.9453124999999993,0.0696250000000008,,0.0,0.0,2.0
v1.0,v1.0,v1.0,S2_hp_cap_peak,D0_weak,P_availability_first,30,1.0,0.9453124999999993,0.0656250000000008,,0.0,0.0,0.0
v1.0,v1.0,v1.0,S2_hp_cap_peak,D0_weak,P_availability_first,31,1.0,0.9453124999999993,0.0696250000000008,,0.0,0.0,2.0
v1.0,v1.0,v1.0,S2_hp_cap_peak,D0_weak,P_availability_first,32,1.0,0.9453124999999993,0.0676250000000008,,0.0,0.0,1.0
v1.0,v1.0,v1.0,S2_hp_cap_peak,D0_weak,P_availability_first,33,1.0,0.9453124999999993,0.0696250000000008,,0.0,0.0,2.0
v1.0,v1.0,v1.0,S2_hp_cap_peak,D0_weak,P_availability_first,34,1.0,0.9453124999999993,0.0676250000000008,,0.0,0.0,1.0
v1.0,v1.0,v1.0,S2_hp_cap_peak,D0_weak,P_availability_first,35,1.0,0.9453124999999993,0.0676250000000008,,0.0,0.0,1.0
v1.0,v1.0,v1.0,S2_hp_cap_peak,D0_weak,P_availability_first,36,1.0,0.9453124999999993,0.0676250000000008,,0.0,0.0,1.0
v1.0,v1.0,v1.0,S2_hp_cap_peak,D0_weak,P_availability_first,37,1.0,0.9453124999999993,0.0696250000000008,,0.0,0.0,2.0
v1.0,v1.0,v1.0,S2_hp_cap_peak,D0_weak,P_availability_first,38,1.0,0.9453124999999993,0.0676250000000008,,0.0,0.0,1.0
v1.0,v1.0,v1.0,S2_hp_cap_peak,D0_weak,P_availability_first,39,1.0,0.9453124999999993,0.0656250000000008,,0.0,0.0,0.0
v1.0,v1.0,v1.0,S2_hp_cap_peak,D0_weak,P_heat_first,0,0.9242424242424241,1.0,0.08175757575757592,,0.0,0.0,3.0
v1.0,v1.0,v1.0,S2_hp_cap_peak,D0_weak,P_heat_first,1,0.9242424242424241,1.0,0.07775757575757591,,0.0,0.0,1.0
v1.0,v1.0,v1.0,S2_hp_cap_peak,D0_weak,P_heat_first,2,0.9242424242424241,1.0,0.07575757575757591,,0.0,0.0,0.0
v1.0,v1.0,v1.0,S2_hp_cap_peak,D0_weak,P_heat_first,3,0.9242424242424241,1.0,0.07575757575757591,,0.0,0.0,0.0
v1.0,v1.0,v1.0,S2_hp_cap_peak,D0_weak,P_heat_first,4,0.9242424242424241,1.0,0.07775757575757591,,0.0,0.0,1.0
v1.0,v1.0,v1.0,S2_hp_cap_peak,D0_weak,P_heat_first,5,0.9242424242424241,1.0,0.07775757575757591,,0.0,0.0,1.0
v1.0,v1.0,v1.0,S2_hp_cap_peak,D0_weak,P_heat_first,6,0.9242424242424241,1.0,0.07775757575757591,,0.0,0.0,1.0
v1.0,v1.0,v1.0,S2_hp_cap_peak,D0_weak,P_heat_first,7,0.9242424242424241,1.0,0.07775757575757591,,0.0,0.0,1.0
v1.0,v1.0,v1.0,S2_hp_cap_peak,D0_weak,P_heat_first,8,0.9242424242424241,1.0,0.07775757575757591,,0.0,0.0,1.0
v1.0,v1.0,v1.0,S2_hp_cap_peak,D0_weak,P_heat_first,9,0.9242424242424241,1.0,0.07575757575757591,,0.0,0.0,0.0
v1.0,v1.0,v1.0,S2_hp_cap_peak,D0_weak,P_heat_first,10,0.9242424242424241,1.0,0.07775757575757591,,0.0,0.0,1.0
v1.0,v1.0,v1.0,S2_hp_cap_peak,D0_weak,P_heat_first,11,0.9242424242424241,1.0,0.07775757575757591,,0.0,0.0,1.0
v1.0,v1.0,v1.0,S2_hp_cap_peak,D0_weak,P_heat_first,12,0.9242424242424241,1.0,0.07775757575757591,,0.0,0.0,1.0
v1.0,v1.0,v1.0,S2_hp_cap_peak,D0_weak,P_heat_first,13,0.9242424242424241,1.0,0.07775757575757591,,0.0,0.0,1.0
v1.0,v1.0,v1.0,S2_hp_cap_peak,D0_weak,P_heat_first,14,0.9242424242424241,1.0,0.07575757575757591,,0.0,0.0,0.0
v1.0,v1.0,v1.0,S2_hp_cap_peak,D0_weak,P_heat_first,15,0.9242424242424241,1.0,0.07975757575757592,,0.0,0.0,2.0
v1.0,v1.0,v1.0,S2_hp_cap_peak,D0_weak,P_heat_first,16,0.9242424242424241,1.0,0.07575757575757591,,0.0,0.0,0.0
v1.0,v1.0,v1.0,S2_hp_cap_peak,D0_weak,P_heat_first,17,0.9242424242424241,1.0,0.07975757575757592,,0.0,0.0,2.0
v1.0,v1.0,v1.0,S2_hp_cap_peak,D0_weak,P_heat_first,18,0.9242424242424241,1.0,0.07575757575757591,,0.0,0.0,0.0
v1.0,v1.0,v1.0,S2_hp_cap_peak,D0_weak,P_heat_first,19,0.9242424242424241,1.0,0.07975757575757592,,0.0,0.0,2.0
v1.0,v1.0,v1.0,S2_hp_cap_peak,D0_weak,P_heat_first,20,0.9242424242424241,1.0,0.07775757575757591,,0.0,0.0,1.0
v1.0,v1.0,v1.0,S2_hp_cap_peak,D0_weak,P_heat_first,21,0.9242424242424241,1.0,0.08175757575757592,,0.0,0.0,3.0
v1.0,v1.0,v1.0,S2_hp_cap_peak,D0_weak,P_heat_first,22,0.9242424242424241,1.0,0.07575757575757591,,0.0,0.0,0.0
v1.0,v1.0,v1.0,S2_hp_cap_peak,D0_weak,P_heat_first,23,0.9242424242424241,1.0,0.07775757575757591,,0.0,0.0,1.0
v1.0,v1.0,v1.0,S2_hp_cap_peak,D0_weak,P_heat_first,24,0.9242424242424241,1.0,0.07975757575757592,,0.0,0.0,2.0
v1.0,v1.0,v1.0,S2_hp_cap_peak,D0_weak,P_heat_first,25,0.9242424242424241,1.0,0.07775757575757591,,0.0,0.0,1.0
v1.0,v1.0,v1.0,S2_hp_cap_peak,D0_weak,P_heat_first,26,0.9242424242424241,1.0,0.07575757575757591,,0.0,0.0,0.0
v1.0,v1.0,v1.0,S2_hp_cap_peak,D0_weak,P_heat_first,27,0.9242424242424241,1.0,0.07575757575757591,,0.0,0.0,0.0
v1.0,v1.0,v1.0,S2_hp_cap_peak,D0_weak,P_heat_first,28,0.9242424242424241,1.0,0.07575757575757591,,0.0,0.0,0.0
v1.0,v1.0,v1.0,S2_hp_cap_peak,D0_weak,P_heat_first,29,0.9242424242424241,1.0,0.07975757575757592,,0.0,0.0,2.0
v1.0,v1.0,v1.0,S2_hp_cap_peak,D0_weak,P_heat_first,30,0.9242424242424241,1.0,0.07575757575757591,,0.0,0.0,0.0
v1.0,v1.0,v1.0,S2_hp_cap_peak,D0_weak,P_heat_first,31,0.9242424242424241,1.0,0.07975757575757592,,0.0,0.0,2.0
v1.0,v1.0,v1.0,S2_hp_cap_peak,D0_weak,P_heat_first,32,0.9242424242424241,1.0,0.07775757575757591,,0.0,0.0,1.0
v1.0,v1.0,v1.0,S2_hp_cap_peak,D0_weak,P_heat_first,33,0.9242424242424241,1.0,0.07975757575757592,,0.0,0.0,2.0
v1.0,v1.0,v1.0,S2_hp_cap_peak,D0_weak,P_heat_first,34,0.9242424242424241,1.0,0.07775757575757591,,0.0,0.0,1.0
v1.0,v1.0,v1.0,S2_hp_cap_peak,D0_weak,P_heat_first,35,0.9242424242424241,1.0,0.07775757575757591,,0.0,0.0,1.0
v1.0,v1.0,v1.0,S2_hp_cap_peak,D0_weak,P_heat_first,36,0.9242424242424241,1.0,0.07775757575757591,,0.0,0.0,1.0
v1.0,v1.0,v1.0,S2_hp_cap_peak,D0_weak,P_heat_first,37,0.9242424242424241,1.0,0.07975757575757592,,0.0,0.0,2.0
v1.0,v1.0,v1.0,S2_hp_cap_peak,D0_weak,P_heat_first,38,0.9242424242424241,1.0,0.07775757575757591,,0.0,0.0,1.0
v1.0,v1.0,v1.0,S2_hp_cap_peak,D0_weak,P_heat_first,39,0.9242424242424241,1.0,0.07575757575757591,,0.0,0.0,0.0
v1.0,v1.0,v1.0,S2_hp_cap_peak,D0_weak,P_balanced,0,0.9242424242424241,1.0,0.08175757575757592,,0.0,0.0,3.0
v1.0,v1.0,v1.0,S2_hp_cap_peak,D0_weak,P_balanced,1,0.9242424242424241,1.0,0.07775757575757591,,0.0,0.0,1.0
v1.0,v1.0,v1.0,S2_hp_cap_peak,D0_weak,P_balanced,2,0.9242424242424241,1.0,0.07575757575757591,,0.0,0.0,0.0
v1.0,v1.0,v1.0,S2_hp_cap_peak,D0_weak,P_balanced,3,0.9242424242424241,1.0,0.07575757575757591,,0.0,0.0,0.0
v1.0,v1.0,v1.0,S2_hp_cap_peak,D0_weak,P_balanced,4,0.9242424242424241,1.0,0.07775757575757591,,0.0,0.0,1.0
v1.0,v1.0,v1.0,S2_hp_cap_peak,D0_weak,P_balanced,5,0.9242424242424241,1.0,0.07775757575757591,,0.0,0.0,1.0
v1.0,v1.0,v1.0,S2_hp_cap_peak,D0_weak,P_balanced,6,0.9242424242424241,1.0,0.07775757575757591,,0.0,0.0,1.0
v1.0,v1.0,v1.0,S2_hp_cap_peak,D0_weak,P_balanced,7,0.9242424242424241,1.0,0.07775757575757591,,0.0,0.0,1.0
v1.0,v1.0,v1.0,S2_hp_cap_peak,D0_weak,P_balanced,8,0.9242424242424241,1.0,0.07775757575757591,,0.0,0.0,1.0
v1.0,v1.0,v1.0,S2_hp_cap_peak,D0_weak,P_balanced,9,0.9242424242424241,1.0,0.07575757575757591,,0.0,0.0,0.0
v1.0,v1.0,v1.0,S2_hp_cap_peak,D0_weak,P_balanced,10,0.9242424242424241,1.0,0.07775757575757591,,0.0,0.0,1.0
v1.0,v1.0,v1.0,S2_hp_cap_peak,D0_weak,P_balanced,11,0.9242424242424241,1.0,0.07775757575757591,,0.0,0.0,1.0
v1.0,v1.0,v1.0,S2_hp_cap_peak,D0_weak,P_balanced,12,0.9242424242424241,1.0,0.07775757575757591,,0.0,0.0,1.0
v1.0,v1.0,v1.0,S2_hp_cap_peak,D0_weak,P_balanced,13,0.9242424242424241,1.0,0.07775757575757591,,0.0,0.0,1.0
v1.0,v1.0,v1.0,S2_hp_cap_peak,D0_weak,P_balanced,14,0.9242424242424241,1.0,0.07575757575757591,,0.0,0.0,0.0
v1.0,v1.0,v1.0,S2_hp_cap_peak,D0_weak,P_balanced,15,0.9242424242424241,1.0,0.07975757575757592,,0.0,0.0,2.0
v1.0,v1.0,v1.0,S2_hp_cap_peak,D0_weak,P_balanced,16,0.9242424242424241,1.0,0.07575757575757591,,0.0,0.0,0.0
v1.0,v1.0,v1.0,S2_hp_cap_peak,D0_weak,P_balanced,17,0.9242424242424241,1.0,0.07975757575757592,,0.0,0.0,2.0
v1.0,v1.0,v1.0,S2_hp_cap_peak,D0_weak,P_balanced,18,0.9242424242424241,1.0,0.07575757575757591,,0.0,0.0,0.0
v1.0,v1.0,v1.0,S2_hp_cap_peak,D0_weak,P_balanced,19,0.9242424242424241,1.0,0.07975757575757592,,0.0,0.0,2.0
v1.0,v1.0,v1.0,S2_hp_cap_peak,D0_weak,P_balanced,20,0.9242424242424241,1.0,0.07775757575757591,,0.0,0.0,1.0
v1.0,v1.0,v1.0,S2_hp_cap_peak,D0_weak,P_balanced,21,0.9242424242424241,1.0,0.08175757575757592,,0.0,0.0,3.0
v1.0,v1.0,v1.0,S2_hp_cap_peak,D0_weak,P_balanced,22,0.9242424242424241,1.0,0.07575757575757591,,0.0,0.0,0.0
v1.0,v1.0,v1.0,S2_hp_cap_peak,D0_weak,P_balanced,23,0.9242424242424241,1.0,0.07775757575757591,,0.0,0.0,1.0
v1.0,v1.0,v1.0,S2_hp_cap_peak,D0_weak,P_balanced,24,0.9242424242424241,1.0,0.07975757575757592,,0.0,0.0,2.0
v1.0,v1.0,v1.0,S2_hp_cap_peak,D0_weak,P_balanced,25,0.9242424242424241,1.0,0.07775757575757591,,0.0,0.0,1.0
v1.0,v1.0,v1.0,S2_hp_cap_peak,D0_weak,P_balanced,26,0.9242424242424241,1.0,0.07575757575757591,,0.0,0.0,0.0
v1.0,v1.0,v1.0,S2_hp_cap_peak,D0_weak,P_balanced,27,0.9242424242424241,1.0,0.07575757575757591,,0.0,0.0,0.0
v1.0,v1.0,v1.0,S2_hp_cap_peak,D0_weak,P_balanced,28,0.9242424242424241,1.0,0.07575757575757591,,0.0,0.0,0.0
v1.0,v1.0,v1.0,S2_hp_cap_peak,D0_weak,P_balanced,29,0.9242424242424241,1.0,0.07975757575757592,,0.0,0.0,2.0
v1.0,v1.0,v1.0,S2_hp_cap_peak,D0_weak,P_balanced,30,0.9242424242424241,1.0,0.07575757575757591,,0.0,0.0,0.0
v1.0,v1.0,v1.0,S2_hp_cap_peak,D0_weak,P_balanced,31,0.9242424242424241,1.0,0.07975757575757592,,0.0,0.0,2.0
v1.0,v1.0,v1.0,S2_hp_cap_peak,D0_weak,P_balanced,32,0.9242424242424241,1.0,0.07775757575757591,,0.0,0.0,1.0
v1.0,v1.0,v1.0,S2_hp_cap_peak,D0_weak,P_balanced,33,0.9242424242424241,1.0,0.07975757575757592,,0.0,0.0,2.0
v1.0,v1.0,v1.0,S2_hp_cap_peak,D0_weak,P_balanced,34,0.9242424242424241,1.0,0.07775757575757591,,0.0,0.0,1.0
v1.0,v1.0,v1.0,S2_hp_cap_peak,D0_weak,P_balanced,35,0.9242424242424241,1.0,0.07775757575757591,,0.0,0.0,1.0
v1.0,v1.0,v1.0,S2_hp_cap_peak,D0_weak,P_balanced,36,0.9242424242424241,1.0,0.07775757575757591,,0.0,0.0,1.0
v1.0,v1.0,v1.0,S2_hp_cap_peak,D0_weak,P_balanced,37,0.9242424242424241,1.0,0.07975757575757592,,0.0,0.0,2.0
v1.0,v1.0,v1.0,S2_hp_cap_peak,D0_weak,P_balanced,38,0.9242424242424241,1.0,0.07775757575757591,,0.0,0.0,1.0
v1.0,v1.0,v1.0,S2_hp_cap_peak,D0_weak,P_balanced,39,0.9242424242424241,1.0,0.07575757575757591,,0.0,0.0,0.0
v1.0,v1.0,v1.0,S2_hp_cap_peak,D0_weak,P_no_containment,0,0.9242424242424241,1.0,0.08175757575757592,,0.0,0.0,3.0
v1.0,v1.0,v1.0,S2_hp_cap_peak,D0_weak,P_no_containment,1,0.9242424242424241,1.0,0.07775757575757591,,0.0,0.0,1.0
v1.0,v1.0,v1.0,S2_hp_cap_peak,D0_weak,P_no_containment,2,0.9242424242424241,1.0,0.07575757575757591,,0.0,0.0,0.0
v1.0,v1.0,v1.0,S2_hp_cap_peak,D0_weak,P_no_containment,3,0.9242424242424241,1.0,0.07575757575757591,,0.0,0.0,0.0
v1.0,v1.0,v1.0,S2_hp_cap_peak,D0_weak,P_no_containment,4,0.9242424242424241,1.0,0.07775757575757591,,0.0,0.0,1.0
v1.0,v1.0,v1.0,S2_hp_cap_peak,D0_weak,P_no_containment,5,0.9242424242424241,1.0,0.07775757575757591,,0.0,0.0,1.0
v1.0,v1.0,v1.0,S2_hp_cap_peak,D0_weak,P_no_containment,6,0.9242424242424241,1.0,0.07775757575757591,,0.0,0.0,1.0
v1.0,v1.0,v1.0,S2_hp_cap_peak,D0_weak,P_no_containment,7,0.9242424242424241,1.0,0.07775757575757591,,0.0,0.0,1.0
v1.0,v1.0,v1.0,S2_hp_cap_peak,D0_weak,P_no_containment,8,0.9242424242424241,1.0,0.07775757575757591,,0.0,0.0,1.0
v1.0,v1.0,v1.0,S2_hp_cap_peak,D0_weak,P_no_containment,9,0.9242424242424241,1.0,0.07575757575757591,,0.0,0.0,0.0
v1.0,v1.0,v1.0,S2_hp_cap_peak,D0_weak,P_no_containment,10,0.9242424242424241,1.0,0.07775757575757591,,0.0,0.0,1.0
v1.0,v1.0,v1.0,S2_hp_cap_peak,D0_weak,P_no_containment,11,0.9242424242424241,1.0,0.07775757575757591,,0.0,0.0,1.0
v1.0,v1.0,v1.0,S2_hp_cap_peak,D0_weak,P_no_containment,12,0.9242424242424241,1.0,0.07775757575757591,,0.0,0.0,1.0
v1.0,v1.0,v1.0,S2_hp_cap_peak,D0_weak,P_no_containment,13,0.9242424242424241,1.0,0.07775757575757591,,0.0,0.0,1.0
v1.0,v1.0,v1.0,S2_hp_cap_peak,D0_weak,P_no_containment,14,0.9242424242424241,1.0,0.07575757575757591,,0.0,0.0,0.0
v1.0,v1.0,v1.0,S2_hp_cap_peak,D0_weak,P_no_containment,15,0.9242424242424241,1.0,0.07975757575757592,,0.0,0.0,2.0
v1.0,v1.0,v1.0,S2_hp_cap_peak,D0_weak,P_no_containment,16,0.9242424242424241,1.0,0.07575757575757591,,0.0,0.0,0.0
v1.0,v1.0,v1.0,S2_hp_cap_peak,D0_weak,P_no_containment,17,0.9242424242424241,1.0,0.07975757575757592,,0.0,0.0,2.0
v1.0,v1.0,v1.0,S2_hp_cap_peak,D0_weak,P_no_containment,18,0.9242424242424241,1.0,0.07575757575757591,,0.0,0.0,0.0
v1.0,v1.0,v1.0,S2_hp_cap_peak,D0_weak,P_no_containment,19,0.9242424242424241,1.0,0.07975757575757592,,0.0,0.0,2.0
v1.0,v1.0,v1.0,S2_hp_cap_peak,D0_weak,P_no_containment,20,0.9242424242424241,1.0,0.07775757575757591,,0.0,0.0,1.0
v1.0,v1.0,v1.0,S2_hp_cap_peak,D0_weak,P_no_containment,21,0.9242424242424241,1.0,0.08175757575757592,,0.0,0.0,3.0
v1.0,v1.0,v1.0,S2_hp_cap_peak,D0_weak,P_no_containment,22,0.9242424242424241,1.0,0.07575757575757591,,0.0,0.0,0.0
v1.0,v1.0,v1.0,S2_hp_cap_peak,D0_weak,P_no_containment,23,0.9242424242424241,1.0,0.07775757575757591,,0.0,0.0,1.0
v1.0,v1.0,v1.0,S2_hp_cap_peak,D0_weak,P_no_containment,24,0.9242424242424241,1.0,0.07975757575757592,,0.0,0.0,2.0
v1.0,v1.0,v1.0,S2_hp_cap_peak,D0_weak,P_no_containment,25,0.9242424242424241,1.0,0.07775757575757591,,0.0,0.0,1.0
v1.0,v1.0,v1.0,S2_hp_cap_peak,D0_weak,P_no_containment,26,0.9242424242424241,1.0,0.07575757575757591,,0.0,0.0,0.0
v1.0,v1.0,v1.0,S2_hp_cap_peak,D0_weak,P_no_containment,27,0.9242424242424241,1.0,0.07575757575757591,,0.0,0.0,0.0
v1.0,v1.0,v1.0,S2_hp_cap_peak,D0_weak,P_no_containment,28,0.9242424242424241,1.0,0.07575757575757591,,0.0,0.0,0.0
v1.0,v1.0,v1.0,S2_hp_cap_peak,D0_weak,P_no_containment,29,0.9242424242424241,1.0,0.07975757575757592,,0.0,0.0,2.0
v1.0,v1.0,v1.0,S2_hp_cap_peak,D0_weak,P_no_containment,30,0.9242424242424241,1.0,0.07575757575757591,,0.0,0.0,0.0
v1.0,v1.0,v1.0,S2_hp_cap_peak,D0_weak,P_no_containment,31,0.9242424242424241,1.0,0.07975757575757592,,0.0,0.0,2.0
v1.0,v1.0,v1.0,S2_hp_cap_peak,D0_weak,P_no_containment,32,0.9242424242424241,1.0,0.07775757575757591,,0.0,0.0,1.0
v1.0,v1.0,v1.0,S2_hp_cap_peak,D0_weak,P_no_containment,33,0.9242424242424241,1.0,0.07975757575757592,,0.0,0.0,2.0
v1.0,v1.0,v1.0,S2_hp_cap_peak,D0_weak,P_no_containment,34,0.9242424242424241,1.0,0.07775757575757591,,0.0,0.0,1.0
v1.0,v1.0,v1.0,S2_hp_cap_peak,D0_weak,P_no_containment,35,0.9242424242424241,1.0,0.07775757575757591,,0.0,0.0,1.0
v1.0,v1.0,v1.0,S2_hp_cap_peak,D0_weak,P_no_containment,36,0.9242424242424241,1.0,0.07775757575757591,,0.0,0.0,1.0
v1.0,v1.0,v1.0,S2_hp_cap_peak,D0_weak,P_no_containment,37,0.9242424242424241,1.0,0.07975757575757592,,0.0,0.0,2.0
v1.0,v1.0,v1.0,S2_hp_cap_peak,D0_weak,P_no_containment,38,0.9242424242424241,1.0,0.07775757575757591,,0.0,0.0,1.0
v1.0,v1.0,v1.0,S2_hp_cap_peak,D0_weak,P_no_containment,39,0.9242424242424241,1.0,0.07575757575757591,,0.0,0.0,0.0
v1.0,v1.0,v1.0,S2_hp_cap_peak,D0_weak,P_aggressive,0,0.895246212121212,1.0,0.12130934343434353,,0.10555555555555556,0.0,3.0
v1.0,v1.0,v1.0,S2_hp_cap_peak,D0_weak,P_aggressive,1,0.9121748737373736,1.0,0.09510290404040418,,0.05277777777777778,0.0,1.0
v1.0,v1.0,v1.0,S2_hp_cap_peak,D0_weak,P_aggressive,2,0.9242424242424241,1.0,0.07575757575757591,,0.0,0.0,0.0
v1.0,v1.0,v1.0,S2_hp_cap_peak,D0_weak,P_aggressive,3,0.9242424242424241,1.0,0.07575757575757591,,0.0,0.0,0.0
v1.0,v1.0,v1.0,S2_hp_cap_peak,D0_weak,P_aggressive,4,0.9070833333333332,1.0,0.10019444444444454,,0.05277777777777778,0.0,1.0
v1.0,v1.0,v1.0,S2_hp_cap_peak,D0_weak,P_aggressive,5,0.9121748737373736,1.0,0.09510290404040418,,0.05277777777777778,0.0,1.0
v1.0,v1.0,v1.0,S2_hp_cap_peak,D0_weak,P_aggressive,6,0.9121748737373736,1.0,0.09510290404040418,,0.05277777777777778,0.0,1.0
v1.0,v1.0,v1.0,S2_hp_cap_peak,D0_weak,P_aggressive,7,0.9039046717171716,0.9986725050403226,0.10496610001221911,,0.05277777777777778,0.0,1.0
v1.0,v1.0,v1.0,S2_hp_cap_peak,D0_weak,P_aggressive,8,0.91494476010101,1.0,0.08983301767676778,,0.027777777777777776,0.0,1.0
v1.0,v1.0,v1.0,S2_hp_cap_peak,D0_weak,P_aggressive,9,0.9242424242424241,1.0,0.07575757575757591,,0.0,0.0,0.0
v1.0,v1.0,v1.0,S2_hp_cap_peak,D0_weak,P_aggressive,10,0.9121748737373736,1.0,0.09510290404040418,,0.05277777777777778,0.0,1.0
v1.0,v1.0,v1.0,S2_hp_cap_peak,D0_weak,P_aggressive,11,0.9035479797979797,0.9986725050403226,0.10532279193141096,,0.05277777777777778,0.0,1.0
v1.0,v1.0,v1.0,S2_hp_cap_peak,D0_weak,P_aggressive,12,0.9035479797979797,0.9986725050403226,0.10532279193141096,,0.05277777777777778,0.0,1.0
v1.0,v1.0,v1.0,S2_hp_cap_peak,D0_weak,P_aggressive,13,0.9073137626262626,1.0,0.09996401515151516,,0.05277777777777778,0.0,1.0
v1.0,v1.0,v1.0,S2_hp_cap_peak,D0_weak,P_aggressive,14,0.9242424242424241,1.0,0.07575757575757591,,0.0,0.0,0.0
v1.0,v1.0,v1.0,S2_hp_cap_peak,D0_weak,P_aggressive,15,0.9121748737373736,1.0,0.09710290404040418,,0.05277777777777778,0.0,2.0
v1.0,v1.0,v1.0,S2_hp_cap_peak,D0_weak,P_aggressive,16,0.9242424242424241,1.0,0.07575757575757591,,0.0,0.0,0.0
v1.0,v1.0,v1.0,S2_hp_cap_peak,D0_weak,P_aggressive,17,0.8903851010101009,1.0,0.12417045454545463,,0.10555555555555556,0.0,2.0
v1.0,v1.0,v1.0,S2_hp_cap_peak,D0_weak,P_aggressive,18,0.9242424242424241,1.0,0.07575757575757591,,0.0,0.0,0.0
v1.0,v1.0,v1.0,S2_hp_cap_peak,D0_weak,P_aggressive,19,0.8959627525252524,0.9986725050403226,0.1201857969819161,,0.10555555555555556,0.0,2.0
v1.0,v1.0,v1.0,S2_hp_cap_peak,D0_weak,P_aggressive,20,0.9121748737373736,1.0,0.09510290404040418,,0.05277777777777778,0.0,1.0
v1.0,v1.0,v1.0,S2_hp_cap_peak,D0_weak,P_aggressive,21,0.8880397727272727,1.0,0.1337935606060606,,0.15833333333333333,0.0,3.0
v1.0,v1.0,v1.0,S2_hp_cap_peak,D0_weak,P_aggressive,22,0.9242424242424241,1.0,0.07575757575757591,,0.0,0.0,0.0
v1.0,v1.0,v1.0,S2_hp_cap_peak,D0_weak,P_aggressive,23,0.9073137626262624,1.0,0.09996401515151539,,0.05277777777777778,0.0,1.0
v1.0,v1.0,v1.0,S2_hp_cap_peak,D0_weak,P_aggressive,24,0.9001073232323231,1.0,0.11444823232323244,,0.10555555555555556,0.0,2.0
v1.0,v1.0,v1.0,S2_hp_cap_peak,D0_weak,P_aggressive,25,0.9121748737373736,1.0,0.09510290404040418,,0.05277777777777778,0.0,1.0
v1.0,v1.0,v1.0,S2_hp_cap_peak,D0_weak,P_aggressive,26,0.9242424242424241,1.0,0.07575757575757591,,0.0,0.0,0.0
v1.0,v1.0,v1.0,S2_hp_cap_peak,D0_weak,P_aggressive,27,0.9242424242424241,1.0,0.07575757575757591,,0.0,0.0,0.0
v1.0,v1.0,v1.0,S2_hp_cap_peak,D0_weak,P_aggressive,28,0.9242424242424241,1.0,0.07575757575757591,,0.0,0.0,0.0
v1.0,v1.0,v1.0,S2_hp_cap_peak,D0_weak,P_aggressive,29,0.9121748737373736,1.0,0.09710290404040418,,0.05277777777777778,0.0,2.0
v1.0,v1.0,v1.0,S2_hp_cap_peak,D0_weak,P_aggressive,30,0.9242424242424241,1.0,0.07575757575757591,,0.0,0.0,0.0
v1.0,v1.0,v1.0,S2_hp_cap_peak,D0_weak,P_aggressive,31,0.9001073232323231,1.0,0.11444823232323244,,0.10555555555555556,0.0,2.0
v1.0,v1.0,v1.0,S2_hp_cap_peak,D0_weak,P_aggressive,32,0.9121748737373737,1.0,0.09510290404040407,,0.05277777777777778,0.0,1.0
v1.0,v1.0,v1.0,S2_hp_cap_peak,D0_weak,P_aggressive,33,0.9001073232323231,1.0,0.11444823232323244,,0.10555555555555556,0.0,2.0
v1.0,v1.0,v1.0,S2_hp_cap_peak,D0_weak,P_aggressive,34,0.9121748737373736,1.0,0.09510290404040418,,0.05277777777777778,0.0,1.0
v1.0,v1.0,v1.0,S2_hp_cap_peak,D0_weak,P_aggressive,35,0.9121748737373736,1.0,0.09510290404040418,,0.05277777777777778,0.0,1.0
v1.0,v1.0,v1.0,S2_hp_cap_peak,D0_weak,P_aggressive,36,0.9121748737373736,1.0,0.09510290404040418,,0.05277777777777778,0.0,1.0
v1.0,v1.0,v1.0,S2_hp_cap_peak,D0_weak,P_aggressive,37,0.9102809343434343,0.9988916330645161,0.10032688375692418,,0.05277777777777778,0.0,2.0
v1.0,v1.0,v1.0,S2_hp_cap_peak,D0_weak,P_aggressive,38,0.913577967171717,1.0,0.09057481060606076,,0.021527777777777778,0.0,1.0
v1.0,v1.0,v1.0,S2_hp_cap_peak,D0_weak,P_aggressive,39,0.9242424242424241,1.0,0.07575757575757591,,0.0,0.0,0.0
v1.0,v1.0,v1.0,S2_hp_cap_peak,D0_weak,P_conservative,0,0.9242424242424241,1.0,0.08175757575757592,,0.0,0.0,3.0
v1.0,v1.0,v1.0,S2_hp_cap_peak,D0_weak,P_conservative,1,0.9242424242424241,1.0,0.07775757575757591,,0.0,0.0,1.0
v1.0,v1.0,v1.0,S2_hp_cap_peak,D0_weak,P_conservative,2,0.9242424242424241,1.0,0.07575757575757591,,0.0,0.0,0.0
v1.0,v1.0,v1.0,S2_hp_cap_peak,D0_weak,P_conservative,3,0.9242424242424241,1.0,0.07575757575757591,,0.0,0.0,0.0
v1.0,v1.0,v1.0,S2_hp_cap_peak,D0_weak,P_conservative,4,0.9242424242424241,1.0,0.07775757575757591,,0.0,0.0,1.0
v1.0,v1.0,v1.0,S2_hp_cap_peak,D0_weak,P_conservative,5,0.9242424242424241,1.0,0.07775757575757591,,0.0,0.0,1.0
v1.0,v1.0,v1.0,S2_hp_cap_peak,D0_weak,P_conservative,6,0.9242424242424241,1.0,0.07775757575757591,,0.0,0.0,1.0
v1.0,v1.0,v1.0,S2_hp_cap_peak,D0_weak,P_conservative,7,0.9242424242424241,1.0,0.07775757575757591,,0.0,0.0,1.0
v1.0,v1.0,v1.0,S2_hp_cap_peak,D0_weak,P_conservative,8,0.9242424242424241,1.0,0.07775757575757591,,0.0,0.0,1.0
v1.0,v1.0,v1.0,S2_hp_cap_peak,D0_weak,P_conservative,9,0.9242424242424241,1.0,0.07575757575757591,,0.0,0.0,0.0
v1.0,v1.0,v1.0,S2_hp_cap_peak,D0_weak,P_conservative,10,0.9242424242424241,1.0,0.07775757575757591,,0.0,0.0,1.0
v1.0,v1.0,v1.0,S2_hp_cap_peak,D0_weak,P_conservative,11,0.9242424242424241,1.0,0.07775757575757591,,0.0,0.0,1.0
v1.0,v1.0,v1.0,S2_hp_cap_peak,D0_weak,P_conservative,12,0.9242424242424241,1.0,0.07775757575757591,,0.0,0.0,1.0
v1.0,v1.0,v1.0,S2_hp_cap_peak,D0_weak,P_conservative,13,0.9242424242424241,1.0,0.07775757575757591,,0.0,0.0,1.0
v1.0,v1.0,v1.0,S2_hp_cap_peak,D0_weak,P_conservative,14,0.9242424242424241,1.0,0.07575757575757591,,0.0,0.0,0.0
v1.0,v1.0,v1.0,S2_hp_cap_peak,D0_weak,P_conservative,15,0.9242424242424241,1.0,0.07975757575757592,,0.0,0.0,2.0
v1.0,v1.0,v1.0,S2_hp_cap_peak,D0_weak,P_conservative,16,0.9242424242424241,1.0,0.07575757575757591,,0.0,0.0,0.0
v1.0,v1.0,v1.0,S2_hp_cap_peak,D0_weak,P_conservative,17,0.9242424242424241,1.0,0.07975757575757592,,0.0,0.0,2.0
v1.0,v1.0,v1.0,S2_hp_cap_peak,D0_weak,P_conservative,18,0.9242424242424241,1.0,0.07575757575757591,,0.0,0.0,0.0
v1.0,v1.0,v1.0,S2_hp_cap_peak,D0_weak,P_conservative,19,0.9242424242424241,1.0,0.07975757575757592,,0.0,0.0,2.0
v1.0,v1.0,v1.0,S2_hp_cap_peak,D0_weak,P_conservative,20,0.9242424242424241,1.0,0.07775757575757591,,0.0,0.0,1.0
v1.0,v1.0,v1.0,S2_hp_cap_peak,D0_weak,P_conservative,21,0.9242424242424241,1.0,0.08175757575757592,,0.0,0.0,3.0
v1.0,v1.0,v1.0,S2_hp_cap_peak,D0_weak,P_conservative,22,0.9242424242424241,1.0,0.07575757575757591,,0.0,0.0,0.0
v1.0,v1.0,v1.0,S2_hp_cap_peak,D0_weak,P_conservative,23,0.9242424242424241,1.0,0.07775757575757591,,0.0,0.0,1.0
v1.0,v1.0,v1.0,S2_hp_cap_peak,D0_weak,P_conservative,24,0.9242424242424241,1.0,0.07975757575757592,,0.0,0.0,2.0
v1.0,v1.0,v1.0,S2_hp_cap_peak,D0_weak,P_conservative,25,0.9242424242424241,1.0,0.07775757575757591,,0.0,0.0,1.0
v1.0,v1.0,v1.0,S2_hp_cap_peak,D0_weak,P_conservative,26,0.9242424242424241,1.0,0.07575757575757591,,0.0,0.0,0.0
v1.0,v1.0,v1.0,S2_hp_cap_peak,D0_weak,P_conservative,27,0.9242424242424241,1.0,0.07575757575757591,,0.0,0.0,0.0
v1.0,v1.0,v1.0,S2_hp_cap_peak,D0_weak,P_conservative,28,0.9242424242424241,1.0,0.07575757575757591,,0.0,0.0,0.0
v1.0,v1.0,v1.0,S2_hp_cap_peak,D0_weak,P_conservative,29,0.9242424242424241,1.0,0.07975757575757592,,0.0,0.0,2.0
v1.0,v1.0,v1.0,S2_hp_cap_peak,D0_weak,P_conservative,30,0.9242424242424241,1.0,0.07575757575757591,,0.0,0.0,0.0
v1.0,v1.0,v1.0,S2_hp_cap_peak,D0_weak,P_conservative,31,0.9242424242424241,1.0,0.07975757575757592,,0.0,0.0,2.0
v1.0,v1.0,v1.0,S2_hp_cap_peak,D0_weak,P_conservative,32,0.9242424242424241,1.0,0.07775757575757591,,0.0,0.0,1.0
v1.0,v1.0,v1.0,S2_hp_cap_peak,D0_weak,P_conservative,33,0.9242424242424241,1.0,0.07975757575757592,,0.0,0.0,2.0
v1.0,v1.0,v1.0,S2_hp_cap_peak,D0_weak,P_conservative,34,0.9242424242424241,1.0,0.07775757575757591,,0.0,0.0,1.0
v1.0,v1.0,v1.0,S2_hp_cap_peak,D0_weak,P_conservative,35,0.9242424242424241,1.0,0.07775757575757591,,0.0,0.0,1.0
v1.0,v1.0,v1.0,S2_hp_cap_peak,D0_weak,P_conservative,36,0.9242424242424241,1.0,0.07775757575757591,,0.0,0.0,1.0
v1.0,v1.0,v1.0,S2_hp_cap_peak,D0_weak,P_conservative,37,0.9242424242424241,1.0,0.07975757575757592,,0.0,0.0,2.0
v1.0,v1.0,v1.0,S2_hp_cap_peak,D0_weak,P_conservative,38,0.9242424242424241,1.0,0.07775757575757591,,0.0,0.0,1.0
v1.0,v1.0,v1.0,S2_hp_cap_peak,D0_weak,P_conservative,39,0.9242424242424241,1.0,0.07575757575757591,,0.0,0.0,0.0
v1.0,v1.0,v1.0,S2_hp_cap_peak,D1_improved,P_alpha0.15,0,0.9242424242424241,1.0,0.08175757575757592,,0.0,0.0,3.0
v1.0,v1.0,v1.0,S2_hp_cap_peak,D1_improved,P_alpha0.15,1,0.9242424242424241,1.0,0.07775757575757591,,0.0,0.0,1.0
v1.0,v1.0,v1.0,S2_hp_cap_peak,D1_improved,P_alpha0.15,2,0.9242424242424241,1.0,0.07575757575757591,,0.0,0.0,0.0
v1.0,v1.0,v1.0,S2_hp_cap_peak,D1_improved,P_alpha0.15,3,0.9242424242424241,1.0,0.07575757575757591,,0.0,0.0,0.0
v1.0,v1.0,v1.0,S2_hp_cap_peak,D1_improved,P_alpha0.15,4,0.9242424242424241,1.0,0.07575757575757591,,0.0,0.0,0.0
v1.0,v1.0,v1.0,S2_hp_cap_peak,D1_improved,P_alpha0.15,5,0.9242424242424241,1.0,0.07775757575757591,,0.0,0.0,1.0
v1.0,v1.0,v1.0,S2_hp_cap_peak,D1_improved,P_alpha0.15,6,0.9242424242424241,1.0,0.07575757575757591,,0.0,0.0,0.0
v1.0,v1.0,v1.0,S2_hp_cap_peak,D1_improved,P_alpha0.15,7,0.9242424242424241,1.0,0.07575757575757591,,0.0,0.0,0.0
v1.0,v1.0,v1.0,S2_hp_cap_peak,D1_improved,P_alpha0.15,8,0.9242424242424241,1.0,0.07775757575757591,,0.0,0.0,1.0
v1.0,v1.0,v1.0,S2_hp_cap_peak,D1_improved,P_alpha0.15,9,0.9242424242424241,1.0,0.07575757575757591,,0.0,0.0,0.0
v1.0,v1.0,v1.0,S2_hp_cap_peak,D1_improved,P_alpha0.15,10,0.9242424242424241,1.0,0.07575757575757591,,0.0,0.0,0.0
v1.0,v1.0,v1.0,S2_hp_cap_peak,D1_improved,P_alpha0.15,11,0.9242424242424241,1.0,0.07575757575757591,,0.0,0.0,0.0
v1.0,v1.0,v1.0,S2_hp_cap_peak,D1_improved,P_alpha0.15,12,0.9242424242424241,1.0,0.07775757575757591,,0.0,0.0,1.0
v1.0,v1.0,v1.0,S2_hp_cap_peak,D1_improved,P_alpha0.15,13,0.9242424242424241,1.0,0.07575757575757591,,0.0,0.0,0.0
v1.0,v1.0,v1.0,S2_hp_cap_peak,D1_improved,P_alpha0.15,14,0.9242424242424241,1.0,0.07575757575757591,,0.0,0.0,0.0
v1.0,v1.0,v1.0,S2_hp_cap_peak,D1_improved,P_alpha0.15,15,0.9242424242424241,1.0,0.07575757575757591,,0.0,0.0,0.0
v1.0,v1.0,v1.0,S2_hp_cap_peak,D1_improved,P_alpha0.15,16,0.9242424242424241,1.0,0.07575757575757591,,0.0,0.0,0.0
v1.0,v1.0,v1.0,S2_hp_cap_peak,D1_improved,P_alpha0.15,17,0.9242424242424241,1.0,0.07775757575757591,,0.0,0.0,1.0
v1.0,v1.0,v1.0,S2_hp_cap_peak,D1_improved,P_alpha0.15,18,0.9242424242424241,1.0,0.07575757575757591,,0.0,0.0,0.0
v1.0,v1.0,v1.0,S2_hp_cap_peak,D1_improved,P_alpha0.15,19,0.9242424242424241,1.0,0.07975757575757592,,0.0,0.0,2.0
v1.0,v1.0,v1.0,S2_hp_cap_peak,D1_improved,P_alpha0.15,20,0.9242424242424241,1.0,0.07575757575757591,,0.0,0.0,0.0
v1.0,v1.0,v1.0,S2_hp_cap_peak,D1_improved,P_alpha0.15,21,0.9242424242424241,1.0,0.07975757575757592,,0.0,0.0,2.0
v1.0,v1.0,v1.0,S2_hp_cap_peak,D1_improved,P_alpha0.15,22,0.9242424242424241,1.0,0.07575757575757591,,0.0,0.0,0.0
v1.0,v1.0,v1.0,S2_hp_cap_peak,D1_improved,P_alpha0.15,23,0.9242424242424241,1.0,0.07775757575757591,,0.0,0.0,1.0
v1.0,v1.0,v1.0,S2_hp_cap_peak,D1_improved,P_alpha0.15,24,0.9242424242424241,1.0,0.07775757575757591,,0.0,0.0,1.0
v1.0,v1.0,v1.0,S2_hp_cap_peak,D1_improved,P_alpha0.15,25,0.9242424242424241,1.0,0.07775757575757591,,0.0,0.0,1.0
v1.0,v1.0,v1.0,S2_hp_cap_peak,D1_improved,P_alpha0.15,26,0.9242424242424241,1.0,0.07575757575757591,,0.0,0.0,0.0
v1.0,v1.0,v1.0,S2_hp_cap_peak,D1_improved,P_alpha0.15,27,0.9242424242424241,1.0,0.07575757575757591,,0.0,0.0,0.0
v1.0,v1.0,v1.0,S2_hp_cap_peak,D1_improved,P_alpha0.15,28,0.9242424242424241,1.0,0.07575757575757591,,0.0,0.0,0.0
v1.0,v1.0,v1.0,S2_hp_cap_peak,D1_improved,P_alpha0.15,29,0.9242424242424241,1.0,0.07775757575757591,,0.0,0.0,1.0
v1.0,v1.0,v1.0,S2_hp_cap_peak,D1_improved,P_alpha0.15,30,0.9242424242424241,1.0,0.07575757575757591,,0.0,0.0,0.0
v1.0,v1.0,v1.0,S2_hp_cap_peak,D1_improved,P_alpha0.15,31,0.9242424242424241,1.0,0.07775757575757591,,0.0,0.0,1.0
v1.0,v1.0,v1.0,S2_hp_cap_peak,D1_improved,P_alpha0.15,32,0.9242424242424241,1.0,0.07775757575757591,,0.0,0.0,1.0
v1.0,v1.0,v1.0,S2_hp_cap_peak,D1_improved,P_alpha0.15,33,0.9242424242424241,1.0,0.07775757575757591,,0.0,0.0,1.0
v1.0,v1.0,v1.0,S2_hp_cap_peak,D1_improved,P_alpha0.15,34,0.9242424242424241,1.0,0.07575757575757591,,0.0,0.0,0.0
v1.0,v1.0,v1.0,S2_hp_cap_peak,D1_improved,P_alpha0.15,35,0.9242424242424241,1.0,0.07775757575757591,,0.0,0.0,1.0
v1.0,v1.0,v1.0,S2_hp_cap_peak,D1_improved,P_alpha0.15,36,0.9242424242424241,1.0,0.07775757575757591,,0.0,0.0,1.0
v1.0,v1.0,v1.0,S2_hp_cap_peak,D1_improved,P_alpha0.15,37,0.9242424242424241,1.0,0.07775757575757591,,0.0,0.0,1.0
v1.0,v1.0,v1.0,S2_hp_cap_peak,D1_improved,P_alpha0.15,38,0.9242424242424241,1.0,0.07575757575757591,,0.0,0.0,0.0
v1.0,v1.0,v1.0,S2_hp_cap_peak,D1_improved,P_alpha0.15,39,0.9242424242424241,1.0,0.07575757575757591,,0.0,0.0,0.0
v1.0,v1.0,v1.0,S2_hp_cap_peak,D1_improved,P_alpha0.30,0,0.9242424242424241,1.0,0.08175757575757592,,0.0,0.0,3.0
v1.0,v1.0,v1.0,S2_hp_cap_peak,D1_improved,P_alpha0.30,1,0.9242424242424241,1.0,0.07775757575757591,,0.0,0.0,1.0
v1.0,v1.0,v1.0,S2_hp_cap_peak,D1_improved,P_alpha0.30,2,0.9242424242424241,1.0,0.07575757575757591,,0.0,0.0,0.0
v1.0,v1.0,v1.0,S2_hp_cap_peak,D1_improved,P_alpha0.30,3,0.9242424242424241,1.0,0.07575757575757591,,0.0,0.0,0.0
v1.0,v1.0,v1.0,S2_hp_cap_peak,D1_improved,P_alpha0.30,4,0.9242424242424241,1.0,0.07575757575757591,,0.0,0.0,0.0
v1.0,v1.0,v1.0,S2_hp_cap_peak,D1_improved,P_alpha0.30,5,0.9242424242424241,1.0,0.07775757575757591,,0.0,0.0,1.0
v1.0,v1.0,v1.0,S2_hp_cap_peak,D1_improved,P_alpha0.30,6,0.9242424242424241,1.0,0.07575757575757591,,0.0,0.0,0.0
v1.0,v1.0,v1.0,S2_hp_cap_peak,D1_improved,P_alpha0.30,7,0.9242424242424241,1.0,0.07575757575757591,,0.0,0.0,0.0
v1.0,v1.0,v1.0,S2_hp_cap_peak,D1_improved,P_alpha0.30,8,0.9242424242424241,1.0,0.07775757575757591,,0.0,0.0,1.0
v1.0,v1.0,v1.0,S2_hp_cap_peak,D1_improved,P_alpha0.30,9,0.9242424242424241,1.0,0.07575757575757591,,0.0,0.0,0.0
v1.0,v1.0,v1.0,S2_hp_cap_peak,D1_improved,P_alpha0.30,10,0.9242424242424241,1.0,0.07575757575757591,,0.0,0.0,0.0
v1.0,v1.0,v1.0,S2_hp_cap_peak,D1_improved,P_alpha0.30,11,0.9242424242424241,1.0,0.07575757575757591,,0.0,0.0,0.0
v1.0,v1.0,v1.0,S2_hp_cap_peak,D1_improved,P_alpha0.30,12,0.9242424242424241,1.0,0.07775757575757591,,0.0,0.0,1.0
v1.0,v1.0,v1.0,S2_hp_cap_peak,D1_improved,P_alpha0.30,13,0.9242424242424241,1.0,0.07575757575757591,,0.0,0.0,0.0
v1.0,v1.0,v1.0,S2_hp_cap_peak,D1_improved,P_alpha0.30,14,0.9242424242424241,1.0,0.07575757575757591,,0.0,0.0,0.0
v1.0,v1.0,v1.0,S2_hp_cap_peak,D1_improved,P_alpha0.30,15,0.9242424242424241,1.0,0.07575757575757591,,0.0,0.0,0.0
v1.0,v1.0,v1.0,S2_hp_cap_peak,D1_improved,P_alpha0.30,16,0.9242424242424241,1.0,0.07575757575757591,,0.0,0.0,0.0
v1.0,v1.0,v1.0,S2_hp_cap_peak,D1_improved,P_alpha0.30,17,0.9242424242424241,1.0,0.07775757575757591,,0.0,0.0,1.0
v1.0,v1.0,v1.0,S2_hp_cap_peak,D1_improved,P_alpha0.30,18,0.9242424242424241,1.0,0.07575757575757591,,0.0,0.0,0.0
v1.0,v1.0,v1.0,S2_hp_cap_peak,D1_improved,P_alpha0.30,19,0.9242424242424241,1.0,0.07975757575757592,,0.0,0.0,2.0
v1.0,v1.0,v1.0,S2_hp_cap_peak,D1_improved,P_alpha0.30,20,0.9242424242424241,1.0,0.07575757575757591,,0.0,0.0,0.0
v1.0,v1.0,v1.0,S2_hp_cap_peak,D1_improved,P_alpha0.30,21,0.9242424242424241,1.0,0.07975757575757592,,0.0,0.0,2.0
v1.0,v1.0,v1.0,S2_hp_cap_peak,D1_improved,P_alpha0.30,22,0.9242424242424241,1.0,0.07575757575757591,,0.0,0.0,0.0
v1.0,v1.0,v1.0,S2_hp_cap_peak,D1_improved,P_alpha0.30,23,0.9242424242424241,1.0,0.07775757575757591,,0.0,0.0,1.0
v1.0,v1.0,v1.0,S2_hp_cap_peak,D1_improved,P_alpha0.30,24,0.9242424242424241,1.0,0.07775757575757591,,0.0,0.0,1.0
v1.0,v1.0,v1.0,S2_hp_cap_peak,D1_improved,P_alpha0.30,25,0.9242424242424241,1.0,0.07775757575757591,,0.0,0.0,1.0
v1.0,v1.0,v1.0,S2_hp_cap_peak,D1_improved,P_alpha0.30,26,0.9242424242424241,1.0,0.07575757575757591,,0.0,0.0,0.0
v1.0,v1.0,v1.0,S2_hp_cap_peak,D1_improved,P_alpha0.30,27,0.9242424242424241,1.0,0.07575757575757591,,0.0,0.0,0.0
v1.0,v1.0,v1.0,S2_hp_cap_peak,D1_improved,P_alpha0.30,28,0.9242424242424241,1.0,0.07575757575757591,,0.0,0.0,0.0
v1.0,v1.0,v1.0,S2_hp_cap_peak,D1_improved,P_alpha0.30,29,0.9242424242424241,1.0,0.07775757575757591,,0.0,0.0,1.0
v1.0,v1.0,v1.0,S2_hp_cap_peak,D1_improved,P_alpha0.30,30,0.9242424242424241,1.0,0.07575757575757591,,0.0,0.0,0.0
v1.0,v1.0,v1.0,S2_hp_cap_peak,D1_improved,P_alpha0.30,31,0.9242424242424241,1.0,0.07775757575757591,,0.0,0.0,1.0
v1.0,v1.0,v1.0,S2_hp_cap_peak,D1_improved,P_alpha0.30,32,0.9242424242424241,1.0,0.07775757575757591,,0.0,0.0,1.0
v1.0,v1.0,v1.0,S2_hp_cap_peak,D1_improved,P_alpha0.30,33,0.9242424242424241,1.0,0.07775757575757591,,0.0,0.0,1.0
v1.0,v1.0,v1.0,S2_hp_cap_peak,D1_improved,P_alpha0.30,34,0.9242424242424241,1.0,0.07575757575757591,,0.0,0.0,0.0
v1.0,v1.0,v1.0,S2_hp_cap_peak,D1_improved,P_alpha0.30,35,0.9242424242424241,1.0,0.07775757575757591,,0.0,0.0,1.0
v1.0,v1.0,v1.0,S2_hp_cap_peak,D1_improved,P_alpha0.30,36,0.9242424242424241,1.0,0.07775757575757591,,0.0,0.0,1.0
v1.0,v1.0,v1.0,S2_hp_cap_peak,D1_improved,P_alpha0.30,37,0.9242424242424241,1.0,0.07775757575757591,,0.0,0.0,1.0
v1.0,v1.0,v1.0,S2_hp_cap_peak,D1_improved,P_alpha0.30,38,0.9242424242424241,1.0,0.07575757575757591,,0.0,0.0,0.0
v1.0,v1.0,v1.0,S2_hp_cap_peak,D1_improved,P_alpha0.30,39,0.9242424242424241,1.0,0.07575757575757591,,0.0,0.0,0.0
v1.0,v1.0,v1.0,S2_hp_cap_peak,D1_improved,P_alpha0.45,0,0.9242424242424241,1.0,0.08175757575757592,,0.0,0.0,3.0
v1.0,v1.0,v1.0,S2_hp_cap_peak,D1_improved,P_alpha0.45,1,0.9242424242424241,1.0,0.07775757575757591,,0.0,0.0,1.0
v1.0,v1.0,v1.0,S2_hp_cap_peak,D1_improved,P_alpha0.45,2,0.9242424242424241,1.0,0.07575757575757591,,0.0,0.0,0.0
v1.0,v1.0,v1.0,S2_hp_cap_peak,D1_improved,P_alpha0.45,3,0.9242424242424241,1.0,0.07575757575757591,,0.0,0.0,0.0
v1.0,v1.0,v1.0,S2_hp_cap_peak,D1_improved,P_alpha0.45,4,0.9242424242424241,1.0,0.07575757575757591,,0.0,0.0,0.0
v1.0,v1.0,v1.0,S2_hp_cap_peak,D1_improved,P_alpha0.45,5,0.9242424242424241,1.0,0.07775757575757591,,0.0,0.0,1.0
v1.0,v1.0,v1.0,S2_hp_cap_peak,D1_improved,P_alpha0.45,6,0.9242424242424241,1.0,0.07575757575757591,,0.0,0.0,0.0
v1.0,v1.0,v1.0,S2_hp_cap_peak,D1_improved,P_alpha0.45,7,0.9242424242424241,1.0,0.07575757575757591,,0.0,0.0,0.0
v1.0,v1.0,v1.0,S2_hp_cap_peak,D1_improved,P_alpha0.45,8,0.9242424242424241,1.0,0.07775757575757591,,0.0,0.0,1.0
v1.0,v1.0,v1.0,S2_hp_cap_peak,D1_improved,P_alpha0.45,9,0.9242424242424241,1.0,0.07575757575757591,,0.0,0.0,0.0
v1.0,v1.0,v1.0,S2_hp_cap_peak,D1_improved,P_alpha0.45,10,0.9242424242424241,1.0,0.07575757575757591,,0.0,0.0,0.0
v1.0,v1.0,v1.0,S2_hp_cap_peak,D1_improved,P_alpha0.45,11,0.9242424242424241,1.0,0.07575757575757591,,0.0,0.0,0.0
v1.0,v1.0,v1.0,S2_hp_cap_peak,D1_improved,P_alpha0.45,12,0.9242424242424241,1.0,0.07775757575757591,,0.0,0.0,1.0
v1.0,v1.0,v1.0,S2_hp_cap_peak,D1_improved,P_alpha0.45,13,0.9242424242424241,1.0,0.07575757575757591,,0.0,0.0,0.0
v1.0,v1.0,v1.0,S2_hp_cap_peak,D1_improved,P_alpha0.45,14,0.9242424242424241,1.0,0.07575757575757591,,0.0,0.0,0.0
v1.0,v1.0,v1.0,S2_hp_cap_peak,D1_improved,P_alpha0.45,15,0.9242424242424241,1.0,0.07575757575757591,,0.0,0.0,0.0
v1.0,v1.0,v1.0,S2_hp_cap_peak,D1_improved,P_alpha0.45,16,0.9242424242424241,1.0,0.07575757575757591,,0.0,0.0,0.0
v1.0,v1.0,v1.0,S2_hp_cap_peak,D1_improved,P_alpha0.45,17,0.9242424242424241,1.0,0.07775757575757591,,0.0,0.0,1.0
v1.0,v1.0,v1.0,S2_hp_cap_peak,D1_improved,P_alpha0.45,18,0.9242424242424241,1.0,0.07575757575757591,,0.0,0.0,0.0
v1.0,v1.0,v1.0,S2_hp_cap_peak,D1_improved,P_alpha0.45,19,0.9242424242424241,1.0,0.07975757575757592,,0.0,0.0,2.0
v1.0,v1.0,v1.0,S2_hp_cap_peak,D1_improved,P_alpha0.45,20,0.9242424242424241,1.0,0.07575757575757591,,0.0,0.0,0.0
v1.0,v1.0,v1.0,S2_hp_cap_peak,D1_improved,P_alpha0.45,21,0.9242424242424241,1.0,0.07975757575757592,,0.0,0.0,2.0
v1.0,v1.0,v1.0,S2_hp_cap_peak,D1_improved,P_alpha0.45,22,0.9242424242424241,1.0,0.07575757575757591,,0.0,0.0,0.0
v1.0,v1.0,v1.0,S2_hp_cap_peak,D1_improved,P_alpha0.45,23,0.9242424242424241,1.0,0.07775757575757591,,0.0,0.0,1.0
v1.0,v1.0,v1.0,S2_hp_cap_peak,D1_improved,P_alpha0.45,24,0.9242424242424241,1.0,0.07775757575757591,,0.0,0.0,1.0
v1.0,v1.0,v1.0,S2_hp_cap_peak,D1_improved,P_alpha0.45,25,0.9242424242424241,1.0,0.07775757575757591,,0.0,0.0,1.0
v1.0,v1.0,v1.0,S2_hp_cap_peak,D1_improved,P_alpha0.45,26,0.9242424242424241,1.0,0.07575757575757591,,0.0,0.0,0.0
v1.0,v1.0,v1.0,S2_hp_cap_peak,D1_improved,P_alpha0.45,27,0.9242424242424241,1.0,0.07575757575757591,,0.0,0.0,0.0
v1.0,v1.0,v1.0,S2_hp_cap_peak,D1_improved,P_alpha0.45,28,0.9242424242424241,1.0,0.07575757575757591,,0.0,0.0,0.0
v1.0,v1.0,v1.0,S2_hp_cap_peak,D1_improved,P_alpha0.45,29,0.9242424242424241,1.0,0.07775757575757591,,0.0,0.0,1.0
v1.0,v1.0,v1.0,S2_hp_cap_peak,D1_improved,P_alpha0.45,30,0.9242424242424241,1.0,0.07575757575757591,,0.0,0.0,0.0
v1.0,v1.0,v1.0,S2_hp_cap_peak,D1_improved,P_alpha0.45,31,0.9242424242424241,1.0,0.07775757575757591,,0.0,0.0,1.0
v1.0,v1.0,v1.0,S2_hp_cap_peak,D1_improved,P_alpha0.45,32,0.9242424242424241,1.0,0.07775757575757591,,0.0,0.0,1.0
v1.0,v1.0,v1.0,S2_hp_cap_peak,D1_improved,P_alpha0.45,33,0.9242424242424241,1.0,0.07775757575757591,,0.0,0.0,1.0
v1.0,v1.0,v1.0,S2_hp_cap_peak,D1_improved,P_alpha0.45,34,0.9242424242424241,1.0,0.07575757575757591,,0.0,0.0,0.0
v1.0,v1.0,v1.0,S2_hp_cap_peak,D1_improved,P_alpha0.45,35,0.9242424242424241,1.0,0.07775757575757591,,0.0,0.0,1.0
v1.0,v1.0,v1.0,S2_hp_cap_peak,D1_improved,P_alpha0.45,36,0.9242424242424241,1.0,0.07775757575757591,,0.0,0.0,1.0
v1.0,v1.0,v1.0,S2_hp_cap_peak,D1_improved,P_alpha0.45,37,0.9242424242424241,1.0,0.07775757575757591,,0.0,0.0,1.0
v1.0,v1.0,v1.0,S2_hp_cap_peak,D1_improved,P_alpha0.45,38,0.9242424242424241,1.0,0.07575757575757591,,0.0,0.0,0.0
v1.0,v1.0,v1.0,S2_hp_cap_peak,D1_improved,P_alpha0.45,39,0.9242424242424241,1.0,0.07575757575757591,,0.0,0.0,0.0
v1.0,v1.0,v1.0,S2_hp_cap_peak,D1_improved,P_alpha0.60,0,0.9242424242424241,1.0,0.08175757575757592,,0.0,0.0,3.0
v1.0,v1.0,v1.0,S2_hp_cap_peak,D1_improved,P_alpha0.60,1,0.9242424242424241,1.0,0.07775757575757591,,0.0,0.0,1.0
v1.0,v1.0,v1.0,S2_hp_cap_peak,D1_improved,P_alpha0.60,2,0.9242424242424241,1.0,0.07575757575757591,,0.0,0.0,0.0
v1.0,v1.0,v1.0,S2_hp_cap_peak,D1_improved,P_alpha0.60,3,0.9242424242424241,1.0,0.07575757575757591,,0.0,0.0,0.0
v1.0,v1.0,v1.0,S2_hp_cap_peak,D1_improved,P_alpha0.60,4,0.9242424242424241,1.0,0.07575757575757591,,0.0,0.0,0.0
v1.0,v1.0,v1.0,S2_hp_cap_peak,D1_improved,P_alpha0.60,5,0.9242424242424241,1.0,0.07775757575757591,,0.0,0.0,1.0
v1.0,v1.0,v1.0,S2_hp_cap_peak,D1_improved,P_alpha0.60,6,0.9242424242424241,1.0,0.07575757575757591,,0.0,0.0,0.0
v1.0,v1.0,v1.0,S2_hp_cap_peak,D1_improved,P_alpha0.60,7,0.9242424242424241,1.0,0.07575757575757591,,0.0,0.0,0.0
v1.0,v1.0,v1.0,S2_hp_cap_peak,D1_improved,P_alpha0.60,8,0.9242424242424241,1.0,0.07775757575757591,,0.0,0.0,1.0
v1.0,v1.0,v1.0,S2_hp_cap_peak,D1_improved,P_alpha0.60,9,0.9242424242424241,1.0,0.07575757575757591,,0.0,0.0,0.0
v1.0,v1.0,v1.0,S2_hp_cap_peak,D1_improved,P_alpha0.60,10,0.9242424242424241,1.0,0.07575757575757591,,0.0,0.0,0.0
v1.0,v1.0,v1.0,S2_hp_cap_peak,D1_improved,P_alpha0.60,11,0.9242424242424241,1.0,0.07575757575757591,,0.0,0.0,0.0
v1.0,v1.0,v1.0,S2_hp_cap_peak,D1_improved,P_alpha0.60,12,0.9242424242424241,1.0,0.07775757575757591,,0.0,0.0,1.0
v1.0,v1.0,v1.0,S2_hp_cap_peak,D1_improved,P_alpha0.60,13,0.9242424242424241,1.0,0.07575757575757591,,0.0,0.0,0.0
v1.0,v1.0,v1.0,S2_hp_cap_peak,D1_improved,P_alpha0.60,14,0.9242424242424241,1.0,0.07575757575757591,,0.0,0.0,0.0
v1.0,v1.0,v1.0,S2_hp_cap_peak,D1_improved,P_alpha0.60,15,0.9242424242424241,1.0,0.07575757575757591,,0.0,0.0,0.0
v1.0,v1.0,v1.0,S2_hp_cap_peak,D1_improved,P_alpha0.60,16,0.9242424242424241,1.0,0.07575757575757591,,0.0,0.0,0.0
v1.0,v1.0,v1.0,S2_hp_cap_peak,D1_improved,P_alpha0.60,17,0.9242424242424241,1.0,0.07775757575757591,,0.0,0.0,1.0
v1.0,v1.0,v1.0,S2_hp_cap_peak,D1_improved,P_alpha0.60,18,0.9242424242424241,1.0,0.07575757575757591,,0.0,0.0,0.0
v1.0,v1.0,v1.0,S2_hp_cap_peak,D1_improved,P_alpha0.60,19,0.9242424242424241,1.0,0.07975757575757592,,0.0,0.0,2.0
v1.0,v1.0,v1.0,S2_hp_cap_peak,D1_improved,P_alpha0.60,20,0.9242424242424241,1.0,0.07575757575757591,,0.0,0.0,0.0
v1.0,v1.0,v1.0,S2_hp_cap_peak,D1_improved,P_alpha0.60,21,0.9242424242424241,1.0,0.07975757575757592,,0.0,0.0,2.0
v1.0,v1.0,v1.0,S2_hp_cap_peak,D1_improved,P_alpha0.60,22,0.9242424242424241,1.0,0.07575757575757591,,0.0,0.0,0.0
v1.0,v1.0,v1.0,S2_hp_cap_peak,D1_improved,P_alpha0.60,23,0.9242424242424241,1.0,0.07775757575757591,,0.0,0.0,1.0
v1.0,v1.0,v1.0,S2_hp_cap_peak,D1_improved,P_alpha0.60,24,0.9242424242424241,1.0,0.07775757575757591,,0.0,0.0,1.0
v1.0,v1.0,v1.0,S2_hp_cap_peak,D1_improved,P_alpha0.60,25,0.9242424242424241,1.0,0.07775757575757591,,0.0,0.0,1.0
v1.0,v1.0,v1.0,S2_hp_cap_peak,D1_improved,P_alpha0.60,26,0.9242424242424241,1.0,0.07575757575757591,,0.0,0.0,0.0
v1.0,v1.0,v1.0,S2_hp_cap_peak,D1_improved,P_alpha0.60,27,0.9242424242424241,1.0,0.07575757575757591,,0.0,0.0,0.0
v1.0,v1.0,v1.0,S2_hp_cap_peak,D1_improved,P_alpha0.60,28,0.9242424242424241,1.0,0.07575757575757591,,0.0,0.0,0.0
v1.0,v1.0,v1.0,S2_hp_cap_peak,D1_improved,P_alpha0.60,29,0.9242424242424241,1.0,0.07775757575757591,,0.0,0.0,1.0
v1.0,v1.0,v1.0,S2_hp_cap_peak,D1_improved,P_alpha0.60,30,0.9242424242424241,1.0,0.07575757575757591,,0.0,0.0,0.0
v1.0,v1.0,v1.0,S2_hp_cap_peak,D1_improved,P_alpha0.60,31,0.9242424242424241,1.0,0.07775757575757591,,0.0,0.0,1.0
v1.0,v1.0,v1.0,S2_hp_cap_peak,D1_improved,P_alpha0.60,32,0.9242424242424241,1.0,0.07775757575757591,,0.0,0.0,1.0
v1.0,v1.0,v1.0,S2_hp_cap_peak,D1_improved,P_alpha0.60,33,0.9242424242424241,1.0,0.07775757575757591,,0.0,0.0,1.0
v1.0,v1.0,v1.0,S2_hp_cap_peak,D1_improved,P_alpha0.60,34,0.9242424242424241,1.0,0.07575757575757591,,0.0,0.0,0.0
v1.0,v1.0,v1.0,S2_hp_cap_peak,D1_improved,P_alpha0.60,35,0.9242424242424241,1.0,0.07775757575757591,,0.0,0.0,1.0
v1.0,v1.0,v1.0,S2_hp_cap_peak,D1_improved,P_alpha0.60,36,0.9242424242424241,1.0,0.07775757575757591,,0.0,0.0,1.0
v1.0,v1.0,v1.0,S2_hp_cap_peak,D1_improved,P_alpha0.60,37,0.9242424242424241,1.0,0.07775757575757591,,0.0,0.0,1.0
v1.0,v1.0,v1.0,S2_hp_cap_peak,D1_improved,P_alpha0.60,38,0.9242424242424241,1.0,0.07575757575757591,,0.0,0.0,0.0
v1.0,v1.0,v1.0,S2_hp_cap_peak,D1_improved,P_alpha0.60,39,0.9242424242424241,1.0,0.07575757575757591,,0.0,0.0,0.0
v1.0,v1.0,v1.0,S2_hp_cap_peak,D1_improved,P_alpha0.75,0,0.9242424242424241,1.0,0.08175757575757592,,0.0,0.0,3.0
v1.0,v1.0,v1.0,S2_hp_cap_peak,D1_improved,P_alpha0.75,1,0.9242424242424241,1.0,0.07775757575757591,,0.0,0.0,1.0
v1.0,v1.0,v1.0,S2_hp_cap_peak,D1_improved,P_alpha0.75,2,0.9242424242424241,1.0,0.07575757575757591,,0.0,0.0,0.0
v1.0,v1.0,v1.0,S2_hp_cap_peak,D1_improved,P_alpha0.75,3,0.9242424242424241,1.0,0.07575757575757591,,0.0,0.0,0.0
v1.0,v1.0,v1.0,S2_hp_cap_peak,D1_improved,P_alpha0.75,4,0.9242424242424241,1.0,0.07575757575757591,,0.0,0.0,0.0
v1.0,v1.0,v1.0,S2_hp_cap_peak,D1_improved,P_alpha0.75,5,0.9242424242424241,1.0,0.07775757575757591,,0.0,0.0,1.0
v1.0,v1.0,v1.0,S2_hp_cap_peak,D1_improved,P_alpha0.75,6,0.9242424242424241,1.0,0.07575757575757591,,0.0,0.0,0.0
v1.0,v1.0,v1.0,S2_hp_cap_peak,D1_improved,P_alpha0.75,7,0.9242424242424241,1.0,0.07575757575757591,,0.0,0.0,0.0
v1.0,v1.0,v1.0,S2_hp_cap_peak,D1_improved,P_alpha0.75,8,0.9242424242424241,1.0,0.07775757575757591,,0.0,0.0,1.0
v1.0,v1.0,v1.0,S2_hp_cap_peak,D1_improved,P_alpha0.75,9,0.9242424242424241,1.0,0.07575757575757591,,0.0,0.0,0.0
v1.0,v1.0,v1.0,S2_hp_cap_peak,D1_improved,P_alpha0.75,10,0.9242424242424241,1.0,0.07575757575757591,,0.0,0.0,0.0
v1.0,v1.0,v1.0,S2_hp_cap_peak,D1_improved,P_alpha0.75,11,0.9242424242424241,1.0,0.07575757575757591,,0.0,0.0,0.0
v1.0,v1.0,v1.0,S2_hp_cap_peak,D1_improved,P_alpha0.75,12,0.9242424242424241,1.0,0.07775757575757591,,0.0,0.0,1.0
v1.0,v1.0,v1.0,S2_hp_cap_peak,D1_improved,P_alpha0.75,13,0.9242424242424241,1.0,0.07575757575757591,,0.0,0.0,0.0
v1.0,v1.0,v1.0,S2_hp_cap_peak,D1_improved,P_alpha0.75,14,0.9242424242424241,1.0,0.07575757575757591,,0.0,0.0,0.0
v1.0,v1.0,v1.0,S2_hp_cap_peak,D1_improved,P_alpha0.75,15,0.9242424242424241,1.0,0.07575757575757591,,0.0,0.0,0.0
v1.0,v1.0,v1.0,S2_hp_cap_peak,D1_improved,P_alpha0.75,16,0.9242424242424241,1.0,0.07575757575757591,,0.0,0.0,0.0
v1.0,v1.0,v1.0,S2_hp_cap_peak,D1_improved,P_alpha0.75,17,0.9242424242424241,1.0,0.07775757575757591,,0.0,0.0,1.0
v1.0,v1.0,v1.0,S2_hp_cap_peak,D1_improved,P_alpha0.75,18,0.9242424242424241,1.0,0.07575757575757591,,0.0,0.0,0.0
v1.0,v1.0,v1.0,S2_hp_cap_peak,D1_improved,P_alpha0.75,19,0.9242424242424241,1.0,0.07975757575757592,,0.0,0.0,2.0
v1.0,v1.0,v1.0,S2_hp_cap_peak,D1_improved,P_alpha0.75,20,0.9242424242424241,1.0,0.07575757575757591,,0.0,0.0,0.0
v1.0,v1.0,v1.0,S2_hp_cap_peak,D1_improved,P_alpha0.75,21,0.9242424242424241,1.0,0.07975757575757592,,0.0,0.0,2.0
v1.0,v1.0,v1.0,S2_hp_cap_peak,D1_improved,P_alpha0.75,22,0.9242424242424241,1.0,0.07575757575757591,,0.0,0.0,0.0
v1.0,v1.0,v1.0,S2_hp_cap_peak,D1_improved,P_alpha0.75,23,0.9242424242424241,1.0,0.07775757575757591,,0.0,0.0,1.0
v1.0,v1.0,v1.0,S2_hp_cap_peak,D1_improved,P_alpha0.75,24,0.9242424242424241,1.0,0.07775757575757591,,0.0,0.0,1.0
v1.0,v1.0,v1.0,S2_hp_cap_peak,D1_improved,P_alpha0.75,25,0.9242424242424241,1.0,0.07775757575757591,,0.0,0.0,1.0
v1.0,v1.0,v1.0,S2_hp_cap_peak,D1_improved,P_alpha0.75,26,0.9242424242424241,1.0,0.07575757575757591,,0.0,0.0,0.0
v1.0,v1.0,v1.0,S2_hp_cap_peak,D1_improved,P_alpha0.75,27,0.9242424242424241,1.0,0.07575757575757591,,0.0,0.0,0.0
v1.0,v1.0,v1.0,S2_hp_cap_peak,D1_improved,P_alpha0.75,28,0.9242424242424241,1.0,0.07575757575757591,,0.0,0.0,0.0
v1.0,v1.0,v1.0,S2_hp_cap_peak,D1_improved,P_alpha0.75,29,0.9242424242424241,1.0,0.07775757575757591,,0.0,0.0,1.0
v1.0,v1.0,v1.0,S2_hp_cap_peak,D1_improved,P_alpha0.75,30,0.9242424242424241,1.0,0.07575757575757591,,0.0,0.0,0.0
v1.0,v1.0,v1.0,S2_hp_cap_peak,D1_improved,P_alpha0.75,31,0.9242424242424241,1.0,0.07775757575757591,,0.0,0.0,1.0
v1.0,v1.0,v1.0,S2_hp_cap_peak,D1_improved,P_alpha0.75,32,0.9242424242424241,1.0,0.07775757575757591,,0.0,0.0,1.0
v1.0,v1.0,v1.0,S2_hp_cap_peak,D1_improved,P_alpha0.75,33,0.9242424242424241,1.0,0.07775757575757591,,0.0,0.0,1.0
v1.0,v1.0,v1.0,S2_hp_cap_peak,D1_improved,P_alpha0.75,34,0.9242424242424241,1.0,0.07575757575757591,,0.0,0.0,0.0
v1.0,v1.0,v1.0,S2_hp_cap_peak,D1_improved,P_alpha0.75,35,0.9242424242424241,1.0,0.07775757575757591,,0.0,0.0,1.0
v1.0,v1.0,v1.0,S2_hp_cap_peak,D1_improved,P_alpha0.75,36,0.9242424242424241,1.0,0.07775757575757591,,0.0,0.0,1.0
v1.0,v1.0,v1.0,S2_hp_cap_peak,D1_improved,P_alpha0.75,37,0.9242424242424241,1.0,0.07775757575757591,,0.0,0.0,1.0
v1.0,v1.0,v1.0,S2_hp_cap_peak,D1_improved,P_alpha0.75,38,0.9242424242424241,1.0,0.07575757575757591,,0.0,0.0,0.0
v1.0,v1.0,v1.0,S2_hp_cap_peak,D1_improved,P_alpha0.75,39,0.9242424242424241,1.0,0.07575757575757591,,0.0,0.0,0.0
v1.0,v1.0,v1.0,S2_hp_cap_peak,D1_improved,P_alpha0.90,0,1.0,1.0,0.006,,0.0,0.0,3.0
v1.0,v1.0,v1.0,S2_hp_cap_peak,D1_improved,P_alpha0.90,1,1.0,1.0,0.002,,0.0,0.0,1.0
v1.0,v1.0,v1.0,S2_hp_cap_peak,D1_improved,P_alpha0.90,2,1.0,1.0,0.0,,0.0,0.0,0.0
v1.0,v1.0,v1.0,S2_hp_cap_peak,D1_improved,P_alpha0.90,3,1.0,1.0,0.0,,0.0,0.0,0.0
v1.0,v1.0,v1.0,S2_hp_cap_peak,D1_improved,P_alpha0.90,4,1.0,1.0,0.0,,0.0,0.0,0.0
v1.0,v1.0,v1.0,S2_hp_cap_peak,D1_improved,P_alpha0.90,5,1.0,1.0,0.002,,0.0,0.0,1.0
v1.0,v1.0,v1.0,S2_hp_cap_peak,D1_improved,P_alpha0.90,6,1.0,1.0,0.0,,0.0,0.0,0.0
v1.0,v1.0,v1.0,S2_hp_cap_peak,D1_improved,P_alpha0.90,7,1.0,1.0,0.0,,0.0,0.0,0.0
v1.0,v1.0,v1.0,S2_hp_cap_peak,D1_improved,P_alpha0.90,8,1.0,1.0,0.002,,0.0,0.0,1.0
v1.0,v1.0,v1.0,S2_hp_cap_peak,D1_improved,P_alpha0.90,9,1.0,1.0,0.0,,0.0,0.0,0.0
v1.0,v1.0,v1.0,S2_hp_cap_peak,D1_improved,P_alpha0.90,10,1.0,1.0,0.0,,0.0,0.0,0.0
v1.0,v1.0,v1.0,S2_hp_cap_peak,D1_improved,P_alpha0.90,11,1.0,1.0,0.0,,0.0,0.0,0.0
v1.0,v1.0,v1.0,S2_hp_cap_peak,D1_improved,P_alpha0.90,12,1.0,1.0,0.002,,0.0,0.0,1.0
v1.0,v1.0,v1.0,S2_hp_cap_peak,D1_improved,P_alpha0.90,13,1.0,1.0,0.0,,0.0,0.0,0.0
v1.0,v1.0,v1.0,S2_hp_cap_peak,D1_improved,P_alpha0.90,14,1.0,1.0,0.0,,0.0,0.0,0.0
v1.0,v1.0,v1.0,S2_hp_cap_peak,D1_improved,P_alpha0.90,15,1.0,1.0,0.0,,0.0,0.0,0.0
v1.0,v1.0,v1.0,S2_hp_cap_peak,D1_improved,P_alpha0.90,16,1.0,1.0,0.0,,0.0,0.0,0.0
v1.0,v1.0,v1.0,S2_hp_cap_peak,D1_improved,P_alpha0.90,17,1.0,1.0,0.002,,0.0,0.0,1.0
v1.0,v1.0,v1.0,S2_hp_cap_peak,D1_improved,P_alpha0.90,18,1.0,1.0,0.0,,0.0,0.0,0.0
v1.0,v1.0,v1.0,S2_hp_cap_peak,D1_improved,P_alpha0.90,19,1.0,1.0,0.004,,0.0,0.0,2.0
v1.0,v1.0,v1.0,S2_hp_cap_peak,D1_improved,P_alpha0.90,20,1.0,1.0,0.0,,0.0,0.0,0.0
v1.0,v1.0,v1.0,S2_hp_cap_peak,D1_improved,P_alpha0.90,21,1.0,1.0,0.004,,0.0,0.0,2.0
v1.0,v1.0,v1.0,S2_hp_cap_peak,D1_improved,P_alpha0.90,22,1.0,1.0,0.0,,0.0,0.0,0.0
v1.0,v1.0,v1.0,S2_hp_cap_peak,D1_improved,P_alpha0.90,23,1.0,1.0,0.002,,0.0,0.0,1.0
v1.0,v1.0,v1.0,S2_hp_cap_peak,D1_improved,P_alpha0.90,24,1.0,1.0,0.002,,0.0,0.0,1.0
v1.0,v1.0,v1.0,S2_hp_cap_peak,D1_improved,P_alpha0.90,25,1.0,1.0,0.002,,0.0,0.0,1.0
v1.0,v1.0,v1.0,S2_hp_cap_peak,D1_improved,P_alpha0.90,26,1.0,1.0,0.0,,0.0,0.0,0.0
v1.0,v1.0,v1.0,S2_hp_cap_peak,D1_improved,P_alpha0.90,27,1.0,1.0,0.0,,0.0,0.0,0.0
v1.0,v1.0,v1.0,S2_hp_cap_peak,D1_improved,P_alpha0.90,28,1.0,1.0,0.0,,0.0,0.0,0.0
v1.0,v1.0,v1.0,S2_hp_cap_peak,D1_improved,P_alpha0.90,29,1.0,1.0,0.002,,0.0,0.0,1.0
v1.0,v1.0,v1.0,S2_hp_cap_peak,D1_improved,P_alpha0.90,30,1.0,1.0,0.0,,0.0,0.0,0.0
v1.0,v1.0,v1.0,S2_hp_cap_peak,D1_improved,P_alpha0.90,31,1.0,1.0,0.002,,0.0,0.0,1.0
v1.0,v1.0,v1.0,S2_hp_cap_peak,D1_improved,P_alpha0.90,32,1.0,1.0,0.002,,0.0,0.0,1.0
v1.0,v1.0,v1.0,S2_hp_cap_peak,D1_improved,P_alpha0.90,33,1.0,1.0,0.002,,0.0,0.0,1.0
v1.0,v1.0,v1.0,S2_hp_cap_peak,D1_improved,P_alpha0.90,34,1.0,1.0,0.0,,0.0,0.0,0.0
v1.0,v1.0,v1.0,S2_hp_cap_peak,D1_improved,P_alpha0.90,35,1.0,1.0,0.002,,0.0,0.0,1.0
v1.0,v1.0,v1.0,S2_hp_cap_peak,D1_improved,P_alpha0.90,36,1.0,1.0,0.002,,0.0,0.0,1.0
v1.0,v1.0,v1.0,S2_hp_cap_peak,D1_improved,P_alpha0.90,37,1.0,1.0,0.002,,0.0,0.0,1.0
v1.0,v1.0,v1.0,S2_hp_cap_peak,D1_improved,P_alpha0.90,38,1.0,1.0,0.0,,0.0,0.0,0.0
v1.0,v1.0,v1.0,S2_hp_cap_peak,D1_improved,P_alpha0.90,39,1.0,1.0,0.0,,0.0,0.0,0.0
v1.0,v1.0,v1.0,S2_hp_cap_peak,D1_improved,P_alpha1.00,0,1.0,0.9453124999999993,0.0716250000000008,,0.0,0.0,3.0
v1.0,v1.0,v1.0,S2_hp_cap_peak,D1_improved,P_alpha1.00,1,1.0,0.9453124999999993,0.0676250000000008,,0.0,0.0,1.0
v1.0,v1.0,v1.0,S2_hp_cap_peak,D1_improved,P_alpha1.00,2,1.0,0.9453124999999993,0.0656250000000008,,0.0,0.0,0.0
v1.0,v1.0,v1.0,S2_hp_cap_peak,D1_improved,P_alpha1.00,3,1.0,0.9453124999999993,0.0656250000000008,,0.0,0.0,0.0
v1.0,v1.0,v1.0,S2_hp_cap_peak,D1_improved,P_alpha1.00,4,1.0,0.9453124999999993,0.0656250000000008,,0.0,0.0,0.0
v1.0,v1.0,v1.0,S2_hp_cap_peak,D1_improved,P_alpha1.00,5,1.0,0.9453124999999993,0.0676250000000008,,0.0,0.0,1.0
v1.0,v1.0,v1.0,S2_hp_cap_peak,D1_improved,P_alpha1.00,6,1.0,0.9453124999999993,0.0656250000000008,,0.0,0.0,0.0
v1.0,v1.0,v1.0,S2_hp_cap_peak,D1_improved,P_alpha1.00,7,1.0,0.9453124999999993,0.0656250000000008,,0.0,0.0,0.0
v1.0,v1.0,v1.0,S2_hp_cap_peak,D1_improved,P_alpha1.00,8,1.0,0.9453124999999993,0.0676250000000008,,0.0,0.0,1.0
v1.0,v1.0,v1.0,S2_hp_cap_peak,D1_improved,P_alpha1.00,9,1.0,0.9453124999999993,0.0656250000000008,,0.0,0.0,0.0
v1.0,v1.0,v1.0,S2_hp_cap_peak,D1_improved,P_alpha1.00,10,1.0,0.9453124999999993,0.0656250000000008,,0.0,0.0,0.0
v1.0,v1.0,v1.0,S2_hp_cap_peak,D1_improved,P_alpha1.00,11,1.0,0.9453124999999993,0.0656250000000008,,0.0,0.0,0.0
v1.0,v1.0,v1.0,S2_hp_cap_peak,D1_improved,P_alpha1.00,12,1.0,0.9453124999999993,0.0676250000000008,,0.0,0.0,1.0
v1.0,v1.0,v1.0,S2_hp_cap_peak,D1_improved,P_alpha1.00,13,1.0,0.9453124999999993,0.0656250000000008,,0.0,0.0,0.0
v1.0,v1.0,v1.0,S2_hp_cap_peak,D1_improved,P_alpha1.00,14,1.0,0.9453124999999993,0.0656250000000008,,0.0,0.0,0.0
v1.0,v1.0,v1.0,S2_hp_cap_peak,D1_improved,P_alpha1.00,15,1.0,0.9453124999999993,0.0656250000000008,,0.0,0.0,0.0
v1.0,v1.0,v1.0,S2_hp_cap_peak,D1_improved,P_alpha1.00,16,1.0,0.9453124999999993,0.0656250000000008,,0.0,0.0,0.0
v1.0,v1.0,v1.0,S2_hp_cap_peak,D1_improved,P_alpha1.00,17,1.0,0.9453124999999993,0.0676250000000008,,0.0,0.0,1.0
v1.0,v1.0,v1.0,S2_hp_cap_peak,D1_improved,P_alpha1.00,18,1.0,0.9453124999999993,0.0656250000000008,,0.0,0.0,0.0
v1.0,v1.0,v1.0,S2_hp_cap_peak,D1_improved,P_alpha1.00,19,1.0,0.9453124999999993,0.0696250000000008,,0.0,0.0,2.0
v1.0,v1.0,v1.0,S2_hp_cap_peak,D1_improved,P_alpha1.00,20,1.0,0.9453124999999993,0.0656250000000008,,0.0,0.0,0.0
v1.0,v1.0,v1.0,S2_hp_cap_peak,D1_improved,P_alpha1.00,21,1.0,0.9453124999999993,0.0696250000000008,,0.0,0.0,2.0
v1.0,v1.0,v1.0,S2_hp_cap_peak,D1_improved,P_alpha1.00,22,1.0,0.9453124999999993,0.0656250000000008,,0.0,0.0,0.0
v1.0,v1.0,v1.0,S2_hp_cap_peak,D1_improved,P_alpha1.00,23,1.0,0.9453124999999993,0.0676250000000008,,0.0,0.0,1.0
v1.0,v1.0,v1.0,S2_hp_cap_peak,D1_improved,P_alpha1.00,24,1.0,0.9453124999999993,0.0676250000000008,,0.0,0.0,1.0
v1.0,v1.0,v1.0,S2_hp_cap_peak,D1_improved,P_alpha1.00,25,1.0,0.9453124999999993,0.0676250000000008,,0.0,0.0,1.0
v1.0,v1.0,v1.0,S2_hp_cap_peak,D1_improved,P_alpha1.00,26,1.0,0.9453124999999993,0.0656250000000008,,0.0,0.0,0.0
v1.0,v1.0,v1.0,S2_hp_cap_peak,D1_improved,P_alpha1.00,27,1.0,0.9453124999999993,0.0656250000000008,,0.0,0.0,0.0
v1.0,v1.0,v1.0,S2_hp_cap_peak,D1_improved,P_alpha1.00,28,1.0,0.9453124999999993,0.0656250000000008,,0.0,0.0,0.0
v1.0,v1.0,v1.0,S2_hp_cap_peak,D1_improved,P_alpha1.00,29,1.0,0.9453124999999993,0.0676250000000008,,0.0,0.0,1.0
v1.0,v1.0,v1.0,S2_hp_cap_peak,D1_improved,P_alpha1.00,30,1.0,0.9453124999999993,0.0656250000000008,,0.0,0.0,0.0
v1.0,v1.0,v1.0,S2_hp_cap_peak,D1_improved,P_alpha1.00,31,1.0,0.9453124999999993,0.0676250000000008,,0.0,0.0,1.0
v1.0,v1.0,v1.0,S2_hp_cap_peak,D1_improved,P_alpha1.00,32,1.0,0.9453124999999993,0.0676250000000008,,0.0,0.0,1.0
v1.0,v1.0,v1.0,S2_hp_cap_peak,D1_improved,P_alpha1.00,33,1.0,0.9453124999999993,0.0676250000000008,,0.0,0.0,1.0
v1.0,v1.0,v1.0,S2_hp_cap_peak,D1_improved,P_alpha1.00,34,1.0,0.9453124999999993,0.0656250000000008,,0.0,0.0,0.0
v1.0,v1.0,v1.0,S2_hp_cap_peak,D1_improved,P_alpha1.00,35,1.0,0.9453124999999993,0.0676250000000008,,0.0,0.0,1.0
v1.0,v1.0,v1.0,S2_hp_cap_peak,D1_improved,P_alpha1.00,36,1.0,0.9453124999999993,0.0676250000000008,,0.0,0.0,1.0
v1.0,v1.0,v1.0,S2_hp_cap_peak,D1_improved,P_alpha1.00,37,1.0,0.9453124999999993,0.0676250000000008,,0.0,0.0,1.0
v1.0,v1.0,v1.0,S2_hp_cap_peak,D1_improved,P_alpha1.00,38,1.0,0.9453124999999993,0.0656250000000008,,0.0,0.0,0.0
v1.0,v1.0,v1.0,S2_hp_cap_peak,D1_improved,P_alpha1.00,39,1.0,0.9453124999999993,0.0656250000000008,,0.0,0.0,0.0
v1.0,v1.0,v1.0,S2_hp_cap_peak,D1_improved,P_availability_first,0,1.0,0.9453124999999993,0.0716250000000008,,0.0,0.0,3.0
v1.0,v1.0,v1.0,S2_hp_cap_peak,D1_improved,P_availability_first,1,1.0,0.9453124999999993,0.0676250000000008,,0.0,0.0,1.0
v1.0,v1.0,v1.0,S2_hp_cap_peak,D1_improved,P_availability_first,2,1.0,0.9453124999999993,0.0656250000000008,,0.0,0.0,0.0
v1.0,v1.0,v1.0,S2_hp_cap_peak,D1_improved,P_availability_first,3,1.0,0.9453124999999993,0.0656250000000008,,0.0,0.0,0.0
v1.0,v1.0,v1.0,S2_hp_cap_peak,D1_improved,P_availability_first,4,1.0,0.9453124999999993,0.0656250000000008,,0.0,0.0,0.0
v1.0,v1.0,v1.0,S2_hp_cap_peak,D1_improved,P_availability_first,5,1.0,0.9453124999999993,0.0676250000000008,,0.0,0.0,1.0
v1.0,v1.0,v1.0,S2_hp_cap_peak,D1_improved,P_availability_first,6,1.0,0.9453124999999993,0.0656250000000008,,0.0,0.0,0.0
v1.0,v1.0,v1.0,S2_hp_cap_peak,D1_improved,P_availability_first,7,1.0,0.9453124999999993,0.0656250000000008,,0.0,0.0,0.0
v1.0,v1.0,v1.0,S2_hp_cap_peak,D1_improved,P_availability_first,8,1.0,0.9453124999999993,0.0676250000000008,,0.0,0.0,1.0
v1.0,v1.0,v1.0,S2_hp_cap_peak,D1_improved,P_availability_first,9,1.0,0.9453124999999993,0.0656250000000008,,0.0,0.0,0.0
v1.0,v1.0,v1.0,S2_hp_cap_peak,D1_improved,P_availability_first,10,1.0,0.9453124999999993,0.0656250000000008,,0.0,0.0,0.0
v1.0,v1.0,v1.0,S2_hp_cap_peak,D1_improved,P_availability_first,11,1.0,0.9453124999999993,0.0656250000000008,,0.0,0.0,0.0
v1.0,v1.0,v1.0,S2_hp_cap_peak,D1_improved,P_availability_first,12,1.0,0.9453124999999993,0.0676250000000008,,0.0,0.0,1.0
v1.0,v1.0,v1.0,S2_hp_cap_peak,D1_improved,P_availability_first,13,1.0,0.9453124999999993,0.0656250000000008,,0.0,0.0,0.0
v1.0,v1.0,v1.0,S2_hp_cap_peak,D1_improved,P_availability_first,14,1.0,0.9453124999999993,0.0656250000000008,,0.0,0.0,0.0
v1.0,v1.0,v1.0,S2_hp_cap_peak,D1_improved,P_availability_first,15,1.0,0.9453124999999993,0.0656250000000008,,0.0,0.0,0.0
v1.0,v1.0,v1.0,S2_hp_cap_peak,D1_improved,P_availability_first,16,1.0,0.9453124999999993,0.0656250000000008,,0.0,0.0,0.0
v1.0,v1.0,v1.0,S2_hp_cap_peak,D1_improved,P_availability_first,17,1.0,0.9453124999999993,0.0676250000000008,,0.0,0.0,1.0
v1.0,v1.0,v1.0,S2_hp_cap_peak,D1_improved,P_availability_first,18,1.0,0.9453124999999993,0.0656250000000008,,0.0,0.0,0.0
v1.0,v1.0,v1.0,S2_hp_cap_peak,D1_improved,P_availability_first,19,1.0,0.9453124999999993,0.0696250000000008,,0.0,0.0,2.0
v1.0,v1.0,v1.0,S2_hp_cap_peak,D1_improved,P_availability_first,20,1.0,0.9453124999999993,0.0656250000000008,,0.0,0.0,0.0
v1.0,v1.0,v1.0,S2_hp_cap_peak,D1_improved,P_availability_first,21,1.0,0.9453124999999993,0.0696250000000008,,0.0,0.0,2.0
v1.0,v1.0,v1.0,S2_hp_cap_peak,D1_improved,P_availability_first,22,1.0,0.9453124999999993,0.0656250000000008,,0.0,0.0,0.0
v1.0,v1.0,v1.0,S2_hp_cap_peak,D1_improved,P_availability_first,23,1.0,0.9453124999999993,0.0676250000000008,,0.0,0.0,1.0
v1.0,v1.0,v1.0,S2_hp_cap_peak,D1_improved,P_availability_first,24,1.0,0.9453124999999993,0.0676250000000008,,0.0,0.0,1.0
v1.0,v1.0,v1.0,S2_hp_cap_peak,D1_improved,P_availability_first,25,1.0,0.9453124999999993,0.0676250000000008,,0.0,0.0,1.0
v1.0,v1.0,v1.0,S2_hp_cap_peak,D1_improved,P_availability_first,26,1.0,0.9453124999999993,0.0656250000000008,,0.0,0.0,0.0
v1.0,v1.0,v1.0,S2_hp_cap_peak,D1_improved,P_availability_first,27,1.0,0.9453124999999993,0.0656250000000008,,0.0,0.0,0.0
v1.0,v1.0,v1.0,S2_hp_cap_peak,D1_improved,P_availability_first,28,1.0,0.9453124999999993,0.0656250000000008,,0.0,0.0,0.0
v1.0,v1.0,v1.0,S2_hp_cap_peak,D1_improved,P_availability_first,29,1.0,0.9453124999999993,0.0676250000000008,,0.0,0.0,1.0
v1.0,v1.0,v1.0,S2_hp_cap_peak,D1_improved,P_availability_first,30,1.0,0.9453124999999993,0.0656250000000008,,0.0,0.0,0.0
v1.0,v1.0,v1.0,S2_hp_cap_peak,D1_improved,P_availability_first,31,1.0,0.9453124999999993,0.0676250000000008,,0.0,0.0,1.0
v1.0,v1.0,v1.0,S2_hp_cap_peak,D1_improved,P_availability_first,32,1.0,0.9453124999999993,0.0676250000000008,,0.0,0.0,1.0
v1.0,v1.0,v1.0,S2_hp_cap_peak,D1_improved,P_availability_first,33,1.0,0.9453124999999993,0.0676250000000008,,0.0,0.0,1.0
v1.0,v1.0,v1.0,S2_hp_cap_peak,D1_improved,P_availability_first,34,1.0,0.9453124999999993,0.0656250000000008,,0.0,0.0,0.0
v1.0,v1.0,v1.0,S2_hp_cap_peak,D1_improved,P_availability_first,35,1.0,0.9453124999999993,0.0676250000000008,,0.0,0.0,1.0
v1.0,v1.0,v1.0,S2_hp_cap_peak,D1_improved,P_availability_first,36,1.0,0.9453124999999993,0.0676250000000008,,0.0,0.0,1.0
v1.0,v1.0,v1.0,S2_hp_cap_peak,D1_improved,P_availability_first,37,1.0,0.9453124999999993,0.0676250000000008,,0.0,0.0,1.0
v1.0,v1.0,v1.0,S2_hp_cap_peak,D1_improved,P_availability_first,38,1.0,0.9453124999999993,0.0656250000000008,,0.0,0.0,0.0
v1.0,v1.0,v1.0,S2_hp_cap_peak,D1_improved,P_availability_first,39,1.0,0.9453124999999993,0.0656250000000008,,0.0,0.0,0.0
v1.0,v1.0,v1.0,S2_hp_cap_peak,D1_improved,P_heat_first,0,0.9242424242424241,1.0,0.08175757575757592,,0.0,0.0,3.0
v1.0,v1.0,v1.0,S2_hp_cap_peak,D1_improved,P_heat_first,1,0.9242424242424241,1.0,0.07775757575757591,,0.0,0.0,1.0
v1.0,v1.0,v1.0,S2_hp_cap_peak,D1_improved,P_heat_first,2,0.9242424242424241,1.0,0.07575757575757591,,0.0,0.0,0.0
v1.0,v1.0,v1.0,S2_hp_cap_peak,D1_improved,P_heat_first,3,0.9242424242424241,1.0,0.07575757575757591,,0.0,0.0,0.0
v1.0,v1.0,v1.0,S2_hp_cap_peak,D1_improved,P_heat_first,4,0.9242424242424241,1.0,0.07575757575757591,,0.0,0.0,0.0
v1.0,v1.0,v1.0,S2_hp_cap_peak,D1_improved,P_heat_first,5,0.9242424242424241,1.0,0.07775757575757591,,0.0,0.0,1.0
v1.0,v1.0,v1.0,S2_hp_cap_peak,D1_improved,P_heat_first,6,0.9242424242424241,1.0,0.07575757575757591,,0.0,0.0,0.0
v1.0,v1.0,v1.0,S2_hp_cap_peak,D1_improved,P_heat_first,7,0.9242424242424241,1.0,0.07575757575757591,,0.0,0.0,0.0
v1.0,v1.0,v1.0,S2_hp_cap_peak,D1_improved,P_heat_first,8,0.9242424242424241,1.0,0.07775757575757591,,0.0,0.0,1.0
v1.0,v1.0,v1.0,S2_hp_cap_peak,D1_improved,P_heat_first,9,0.9242424242424241,1.0,0.07575757575757591,,0.0,0.0,0.0
v1.0,v1.0,v1.0,S2_hp_cap_peak,D1_improved,P_heat_first,10,0.9242424242424241,1.0,0.07575757575757591,,0.0,0.0,0.0
v1.0,v1.0,v1.0,S2_hp_cap_peak,D1_improved,P_heat_first,11,0.9242424242424241,1.0,0.07575757575757591,,0.0,0.0,0.0
v1.0,v1.0,v1.0,S2_hp_cap_peak,D1_improved,P_heat_first,12,0.9242424242424241,1.0,0.07775757575757591,,0.0,0.0,1.0
v1.0,v1.0,v1.0,S2_hp_cap_peak,D1_improved,P_heat_first,13,0.9242424242424241,1.0,0.07575757575757591,,0.0,0.0,0.0
v1.0,v1.0,v1.0,S2_hp_cap_peak,D1_improved,P_heat_first,14,0.9242424242424241,1.0,0.07575757575757591,,0.0,0.0,0.0
v1.0,v1.0,v1.0,S2_hp_cap_peak,D1_improved,P_heat_first,15,0.9242424242424241,1.0,0.07575757575757591,,0.0,0.0,0.0
v1.0,v1.0,v1.0,S2_hp_cap_peak,D1_improved,P_heat_first,16,0.9242424242424241,1.0,0.07575757575757591,,0.0,0.0,0.0
v1.0,v1.0,v1.0,S2_hp_cap_peak,D1_improved,P_heat_first,17,0.9242424242424241,1.0,0.07775757575757591,,0.0,0.0,1.0
v1.0,v1.0,v1.0,S2_hp_cap_peak,D1_improved,P_heat_first,18,0.9242424242424241,1.0,0.07575757575757591,,0.0,0.0,0.0
v1.0,v1.0,v1.0,S2_hp_cap_peak,D1_improved,P_heat_first,19,0.9242424242424241,1.0,0.07975757575757592,,0.0,0.0,2.0
v1.0,v1.0,v1.0,S2_hp_cap_peak,D1_improved,P_heat_first,20,0.9242424242424241,1.0,0.07575757575757591,,0.0,0.0,0.0
v1.0,v1.0,v1.0,S2_hp_cap_peak,D1_improved,P_heat_first,21,0.9242424242424241,1.0,0.07975757575757592,,0.0,0.0,2.0
v1.0,v1.0,v1.0,S2_hp_cap_peak,D1_improved,P_heat_first,22,0.9242424242424241,1.0,0.07575757575757591,,0.0,0.0,0.0
v1.0,v1.0,v1.0,S2_hp_cap_peak,D1_improved,P_heat_first,23,0.9242424242424241,1.0,0.07775757575757591,,0.0,0.0,1.0
v1.0,v1.0,v1.0,S2_hp_cap_peak,D1_improved,P_heat_first,24,0.9242424242424241,1.0,0.07775757575757591,,0.0,0.0,1.0
v1.0,v1.0,v1.0,S2_hp_cap_peak,D1_improved,P_heat_first,25,0.9242424242424241,1.0,0.07775757575757591,,0.0,0.0,1.0
v1.0,v1.0,v1.0,S2_hp_cap_peak,D1_improved,P_heat_first,26,0.9242424242424241,1.0,0.07575757575757591,,0.0,0.0,0.0
v1.0,v1.0,v1.0,S2_hp_cap_peak,D1_improved,P_heat_first,27,0.9242424242424241,1.0,0.07575757575757591,,0.0,0.0,0.0
v1.0,v1.0,v1.0,S2_hp_cap_peak,D1_improved,P_heat_first,28,0.9242424242424241,1.0,0.07575757575757591,,0.0,0.0,0.0
v1.0,v1.0,v1.0,S2_hp_cap_peak,D1_improved,P_heat_first,29,0.9242424242424241,1.0,0.07775757575757591,,0.0,0.0,1.0
v1.0,v1.0,v1.0,S2_hp_cap_peak,D1_improved,P_heat_first,30,0.9242424242424241,1.0,0.07575757575757591,,0.0,0.0,0.0
v1.0,v1.0,v1.0,S2_hp_cap_peak,D1_improved,P_heat_first,31,0.9242424242424241,1.0,0.07775757575757591,,0.0,0.0,1.0
v1.0,v1.0,v1.0,S2_hp_cap_peak,D1_improved,P_heat_first,32,0.9242424242424241,1.0,0.07775757575757591,,0.0,0.0,1.0
v1.0,v1.0,v1.0,S2_hp_cap_peak,D1_improved,P_heat_first,33,0.9242424242424241,1.0,0.07775757575757591,,0.0,0.0,1.0
v1.0,v1.0,v1.0,S2_hp_cap_peak,D1_improved,P_heat_first,34,0.9242424242424241,1.0,0.07575757575757591,,0.0,0.0,0.0
v1.0,v1.0,v1.0,S2_hp_cap_peak,D1_improved,P_heat_first,35,0.9242424242424241,1.0,0.07775757575757591,,0.0,0.0,1.0
v1.0,v1.0,v1.0,S2_hp_cap_peak,D1_improved,P_heat_first,36,0.9242424242424241,1.0,0.07775757575757591,,0.0,0.0,1.0
v1.0,v1.0,v1.0,S2_hp_cap_peak,D1_improved,P_heat_first,37,0.9242424242424241,1.0,0.07775757575757591,,0.0,0.0,1.0
v1.0,v1.0,v1.0,S2_hp_cap_peak,D1_improved,P_heat_first,38,0.9242424242424241,1.0,0.07575757575757591,,0.0,0.0,0.0
v1.0,v1.0,v1.0,S2_hp_cap_peak,D1_improved,P_heat_first,39,0.9242424242424241,1.0,0.07575757575757591,,0.0,0.0,0.0
v1.0,v1.0,v1.0,S2_hp_cap_peak,D1_improved,P_balanced,0,0.9242424242424241,1.0,0.08175757575757592,,0.0,0.0,3.0
v1.0,v1.0,v1.0,S2_hp_cap_peak,D1_improved,P_balanced,1,0.9242424242424241,1.0,0.07775757575757591,,0.0,0.0,1.0
v1.0,v1.0,v1.0,S2_hp_cap_peak,D1_improved,P_balanced,2,0.9242424242424241,1.0,0.07575757575757591,,0.0,0.0,0.0
v1.0,v1.0,v1.0,S2_hp_cap_peak,D1_improved,P_balanced,3,0.9242424242424241,1.0,0.07575757575757591,,0.0,0.0,0.0
v1.0,v1.0,v1.0,S2_hp_cap_peak,D1_improved,P_balanced,4,0.9242424242424241,1.0,0.07575757575757591,,0.0,0.0,0.0
v1.0,v1.0,v1.0,S2_hp_cap_peak,D1_improved,P_balanced,5,0.9242424242424241,1.0,0.07775757575757591,,0.0,0.0,1.0
v1.0,v1.0,v1.0,S2_hp_cap_peak,D1_improved,P_balanced,6,0.9242424242424241,1.0,0.07575757575757591,,0.0,0.0,0.0
v1.0,v1.0,v1.0,S2_hp_cap_peak,D1_improved,P_balanced,7,0.9242424242424241,1.0,0.07575757575757591,,0.0,0.0,0.0
v1.0,v1.0,v1.0,S2_hp_cap_peak,D1_improved,P_balanced,8,0.9242424242424241,1.0,0.07775757575757591,,0.0,0.0,1.0
v1.0,v1.0,v1.0,S2_hp_cap_peak,D1_improved,P_balanced,9,0.9242424242424241,1.0,0.07575757575757591,,0.0,0.0,0.0
v1.0,v1.0,v1.0,S2_hp_cap_peak,D1_improved,P_balanced,10,0.9242424242424241,1.0,0.07575757575757591,,0.0,0.0,0.0
v1.0,v1.0,v1.0,S2_hp_cap_peak,D1_improved,P_balanced,11,0.9242424242424241,1.0,0.07575757575757591,,0.0,0.0,0.0
v1.0,v1.0,v1.0,S2_hp_cap_peak,D1_improved,P_balanced,12,0.9242424242424241,1.0,0.07775757575757591,,0.0,0.0,1.0
v1.0,v1.0,v1.0,S2_hp_cap_peak,D1_improved,P_balanced,13,0.9242424242424241,1.0,0.07575757575757591,,0.0,0.0,0.0
v1.0,v1.0,v1.0,S2_hp_cap_peak,D1_improved,P_balanced,14,0.9242424242424241,1.0,0.07575757575757591,,0.0,0.0,0.0
v1.0,v1.0,v1.0,S2_hp_cap_peak,D1_improved,P_balanced,15,0.9242424242424241,1.0,0.07575757575757591,,0.0,0.0,0.0
v1.0,v1.0,v1.0,S2_hp_cap_peak,D1_improved,P_balanced,16,0.9242424242424241,1.0,0.07575757575757591,,0.0,0.0,0.0
v1.0,v1.0,v1.0,S2_hp_cap_peak,D1_improved,P_balanced,17,0.9242424242424241,1.0,0.07775757575757591,,0.0,0.0,1.0
v1.0,v1.0,v1.0,S2_hp_cap_peak,D1_improved,P_balanced,18,0.9242424242424241,1.0,0.07575757575757591,,0.0,0.0,0.0
v1.0,v1.0,v1.0,S2_hp_cap_peak,D1_improved,P_balanced,19,0.9242424242424241,1.0,0.07975757575757592,,0.0,0.0,2.0
v1.0,v1.0,v1.0,S2_hp_cap_peak,D1_improved,P_balanced,20,0.9242424242424241,1.0,0.07575757575757591,,0.0,0.0,0.0
v1.0,v1.0,v1.0,S2_hp_cap_peak,D1_improved,P_balanced,21,0.9242424242424241,1.0,0.07975757575757592,,0.0,0.0,2.0
v1.0,v1.0,v1.0,S2_hp_cap_peak,D1_improved,P_balanced,22,0.9242424242424241,1.0,0.07575757575757591,,0.0,0.0,0.0
v1.0,v1.0,v1.0,S2_hp_cap_peak,D1_improved,P_balanced,23,0.9242424242424241,1.0,0.07775757575757591,,0.0,0.0,1.0
v1.0,v1.0,v1.0,S2_hp_cap_peak,D1_improved,P_balanced,24,0.9242424242424241,1.0,0.07775757575757591,,0.0,0.0,1.0
v1.0,v1.0,v1.0,S2_hp_cap_peak,D1_improved,P_balanced,25,0.9242424242424241,1.0,0.07775757575757591,,0.0,0.0,1.0
v1.0,v1.0,v1.0,S2_hp_cap_peak,D1_improved,P_balanced,26,0.9242424242424241,1.0,0.07575757575757591,,0.0,0.0,0.0
v1.0,v1.0,v1.0,S2_hp_cap_peak,D1_improved,P_balanced,27,0.9242424242424241,1.0,0.07575757575757591,,0.0,0.0,0.0
v1.0,v1.0,v1.0,S2_hp_cap_peak,D1_improved,P_balanced,28,0.9242424242424241,1.0,0.07575757575757591,,0.0,0.0,0.0
v1.0,v1.0,v1.0,S2_hp_cap_peak,D1_improved,P_balanced,29,0.9242424242424241,1.0,0.07775757575757591,,0.0,0.0,1.0
v1.0,v1.0,v1.0,S2_hp_cap_peak,D1_improved,P_balanced,30,0.9242424242424241,1.0,0.07575757575757591,,0.0,0.0,0.0
v1.0,v1.0,v1.0,S2_hp_cap_peak,D1_improved,P_balanced,31,0.9242424242424241,1.0,0.07775757575757591,,0.0,0.0,1.0
v1.0,v1.0,v1.0,S2_hp_cap_peak,D1_improved,P_balanced,32,0.9242424242424241,1.0,0.07775757575757591,,0.0,0.0,1.0
v1.0,v1.0,v1.0,S2_hp_cap_peak,D1_improved,P_balanced,33,0.9242424242424241,1.0,0.07775757575757591,,0.0,0.0,1.0
v1.0,v1.0,v1.0,S2_hp_cap_peak,D1_improved,P_balanced,34,0.9242424242424241,1.0,0.07575757575757591,,0.0,0.0,0.0
v1.0,v1.0,v1.0,S2_hp_cap_peak,D1_improved,P_balanced,35,0.9242424242424241,1.0,0.07775757575757591,,0.0,0.0,1.0
v1.0,v1.0,v1.0,S2_hp_cap_peak,D1_improved,P_balanced,36,0.9242424242424241,1.0,0.07775757575757591,,0.0,0.0,1.0
v1.0,v1.0,v1.0,S2_hp_cap_peak,D1_improved,P_balanced,37,0.9242424242424241,1.0,0.07775757575757591,,0.0,0.0,1.0
v1.0,v1.0,v1.0,S2_hp_cap_peak,D1_improved,P_balanced,38,0.9242424242424241,1.0,0.07575757575757591,,0.0,0.0,0.0
v1.0,v1.0,v1.0,S2_hp_cap_peak,D1_improved,P_balanced,39,0.9242424242424241,1.0,0.07575757575757591,,0.0,0.0,0.0
v1.0,v1.0,v1.0,S2_hp_cap_peak,D1_improved,P_no_containment,0,0.9242424242424241,1.0,0.08175757575757592,,0.0,0.0,3.0
v1.0,v1.0,v1.0,S2_hp_cap_peak,D1_improved,P_no_containment,1,0.9242424242424241,1.0,0.07775757575757591,,0.0,0.0,1.0
v1.0,v1.0,v1.0,S2_hp_cap_peak,D1_improved,P_no_containment,2,0.9242424242424241,1.0,0.07575757575757591,,0.0,0.0,0.0
v1.0,v1.0,v1.0,S2_hp_cap_peak,D1_improved,P_no_containment,3,0.9242424242424241,1.0,0.07575757575757591,,0.0,0.0,0.0
v1.0,v1.0,v1.0,S2_hp_cap_peak,D1_improved,P_no_containment,4,0.9242424242424241,1.0,0.07575757575757591,,0.0,0.0,0.0
v1.0,v1.0,v1.0,S2_hp_cap_peak,D1_improved,P_no_containment,5,0.9242424242424241,1.0,0.07775757575757591,,0.0,0.0,1.0
v1.0,v1.0,v1.0,S2_hp_cap_peak,D1_improved,P_no_containment,6,0.9242424242424241,1.0,0.07575757575757591,,0.0,0.0,0.0
v1.0,v1.0,v1.0,S2_hp_cap_peak,D1_improved,P_no_containment,7,0.9242424242424241,1.0,0.07575757575757591,,0.0,0.0,0.0
v1.0,v1.0,v1.0,S2_hp_cap_peak,D1_improved,P_no_containment,8,0.9242424242424241,1.0,0.07775757575757591,,0.0,0.0,1.0
v1.0,v1.0,v1.0,S2_hp_cap_peak,D1_improved,P_no_containment,9,0.9242424242424241,1.0,0.07575757575757591,,0.0,0.0,0.0
v1.0,v1.0,v1.0,S2_hp_cap_peak,D1_improved,P_no_containment,10,0.9242424242424241,1.0,0.07575757575757591,,0.0,0.0,0.0
v1.0,v1.0,v1.0,S2_hp_cap_peak,D1_improved,P_no_containment,11,0.9242424242424241,1.0,0.07575757575757591,,0.0,0.0,0.0
v1.0,v1.0,v1.0,S2_hp_cap_peak,D1_improved,P_no_containment,12,0.9242424242424241,1.0,0.07775757575757591,,0.0,0.0,1.0
v1.0,v1.0,v1.0,S2_hp_cap_peak,D1_improved,P_no_containment,13,0.9242424242424241,1.0,0.07575757575757591,,0.0,0.0,0.0
v1.0,v1.0,v1.0,S2_hp_cap_peak,D1_improved,P_no_containment,14,0.9242424242424241,1.0,0.07575757575757591,,0.0,0.0,0.0
v1.0,v1.0,v1.0,S2_hp_cap_peak,D1_improved,P_no_containment,15,0.9242424242424241,1.0,0.07575757575757591,,0.0,0.0,0.0
v1.0,v1.0,v1.0,S2_hp_cap_peak,D1_improved,P_no_containment,16,0.9242424242424241,1.0,0.07575757575757591,,0.0,0.0,0.0
v1.0,v1.0,v1.0,S2_hp_cap_peak,D1_improved,P_no_containment,17,0.9242424242424241,1.0,0.07775757575757591,,0.0,0.0,1.0
v1.0,v1.0,v1.0,S2_hp_cap_peak,D1_improved,P_no_containment,18,0.9242424242424241,1.0,0.07575757575757591,,0.0,0.0,0.0
v1.0,v1.0,v1.0,S2_hp_cap_peak,D1_improved,P_no_containment,19,0.9242424242424241,1.0,0.07975757575757592,,0.0,0.0,2.0
v1.0,v1.0,v1.0,S2_hp_cap_peak,D1_improved,P_no_containment,20,0.9242424242424241,1.0,0.07575757575757591,,0.0,0.0,0.0
v1.0,v1.0,v1.0,S2_hp_cap_peak,D1_improved,P_no_containment,21,0.9242424242424241,1.0,0.07975757575757592,,0.0,0.0,2.0
v1.0,v1.0,v1.0,S2_hp_cap_peak,D1_improved,P_no_containment,22,0.9242424242424241,1.0,0.07575757575757591,,0.0,0.0,0.0
v1.0,v1.0,v1.0,S2_hp_cap_peak,D1_improved,P_no_containment,23,0.9242424242424241,1.0,0.07775757575757591,,0.0,0.0,1.0
v1.0,v1.0,v1.0,S2_hp_cap_peak,D1_improved,P_no_containment,24,0.9242424242424241,1.0,0.07775757575757591,,0.0,0.0,1.0
v1.0,v1.0,v1.0,S2_hp_cap_peak,D1_improved,P_no_containment,25,0.9242424242424241,1.0,0.07775757575757591,,0.0,0.0,1.0
v1.0,v1.0,v1.0,S2_hp_cap_peak,D1_improved,P_no_containment,26,0.9242424242424241,1.0,0.07575757575757591,,0.0,0.0,0.0
v1.0,v1.0,v1.0,S2_hp_cap_peak,D1_improved,P_no_containment,27,0.9242424242424241,1.0,0.07575757575757591,,0.0,0.0,0.0
v1.0,v1.0,v1.0,S2_hp_cap_peak,D1_improved,P_no_containment,28,0.9242424242424241,1.0,0.07575757575757591,,0.0,0.0,0.0
v1.0,v1.0,v1.0,S2_hp_cap_peak,D1_improved,P_no_containment,29,0.9242424242424241,1.0,0.07775757575757591,,0.0,0.0,1.0
v1.0,v1.0,v1.0,S2_hp_cap_peak,D1_improved,P_no_containment,30,0.9242424242424241,1.0,0.07575757575757591,,0.0,0.0,0.0
v1.0,v1.0,v1.0,S2_hp_cap_peak,D1_improved,P_no_containment,31,0.9242424242424241,1.0,0.07775757575757591,,0.0,0.0,1.0
v1.0,v1.0,v1.0,S2_hp_cap_peak,D1_improved,P_no_containment,32,0.9242424242424241,1.0,0.07775757575757591,,0.0,0.0,1.0
v1.0,v1.0,v1.0,S2_hp_cap_peak,D1_improved,P_no_containment,33,0.9242424242424241,1.0,0.07775757575757591,,0.0,0.0,1.0
v1.0,v1.0,v1.0,S2_hp_cap_peak,D1_improved,P_no_containment,34,0.9242424242424241,1.0,0.07575757575757591,,0.0,0.0,0.0
v1.0,v1.0,v1.0,S2_hp_cap_peak,D1_improved,P_no_containment,35,0.9242424242424241,1.0,0.07775757575757591,,0.0,0.0,1.0
v1.0,v1.0,v1.0,S2_hp_cap_peak,D1_improved,P_no_containment,36,0.9242424242424241,1.0,0.07775757575757591,,0.0,0.0,1.0
v1.0,v1.0,v1.0,S2_hp_cap_peak,D1_improved,P_no_containment,37,0.9242424242424241,1.0,0.07775757575757591,,0.0,0.0,1.0
v1.0,v1.0,v1.0,S2_hp_cap_peak,D1_improved,P_no_containment,38,0.9242424242424241,1.0,0.07575757575757591,,0.0,0.0,0.0
v1.0,v1.0,v1.0,S2_hp_cap_peak,D1_improved,P_no_containment,39,0.9242424242424241,1.0,0.07575757575757591,,0.0,0.0,0.0
v1.0,v1.0,v1.0,S2_hp_cap_peak,D1_improved,P_aggressive,0,0.895246212121212,1.0,0.12130934343434353,,0.10555555555555556,0.0,3.0
v1.0,v1.0,v1.0,S2_hp_cap_peak,D1_improved,P_aggressive,1,0.9121748737373736,1.0,0.09510290404040418,,0.05277777777777778,0.0,1.0
v1.0,v1.0,v1.0,S2_hp_cap_peak,D1_improved,P_aggressive,2,0.9242424242424241,1.0,0.07575757575757591,,0.0,0.0,0.0
v1.0,v1.0,v1.0,S2_hp_cap_peak,D1_improved,P_aggressive,3,0.9242424242424241,1.0,0.07575757575757591,,0.0,0.0,0.0
v1.0,v1.0,v1.0,S2_hp_cap_peak,D1_improved,P_aggressive,4,0.9242424242424241,1.0,0.07575757575757591,,0.0,0.0,0.0
v1.0,v1.0,v1.0,S2_hp_cap_peak,D1_improved,P_aggressive,5,0.9121748737373736,1.0,0.09510290404040418,,0.05277777777777778,0.0,1.0
v1.0,v1.0,v1.0,S2_hp_cap_peak,D1_improved,P_aggressive,6,0.9242424242424241,1.0,0.07575757575757591,,0.0,0.0,0.0
v1.0,v1.0,v1.0,S2_hp_cap_peak,D1_improved,P_aggressive,7,0.9242424242424241,1.0,0.07575757575757591,,0.0,0.0,0.0
v1.0,v1.0,v1.0,S2_hp_cap_peak,D1_improved,P_aggressive,8,0.91494476010101,1.0,0.08983301767676778,,0.027777777777777776,0.0,1.0
v1.0,v1.0,v1.0,S2_hp_cap_peak,D1_improved,P_aggressive,9,0.9242424242424241,1.0,0.07575757575757591,,0.0,0.0,0.0
v1.0,v1.0,v1.0,S2_hp_cap_peak,D1_improved,P_aggressive,10,0.9242424242424241,1.0,0.07575757575757591,,0.0,0.0,0.0
v1.0,v1.0,v1.0,S2_hp_cap_peak,D1_improved,P_aggressive,11,0.9242424242424241,1.0,0.07575757575757591,,0.0,0.0,0.0
v1.0,v1.0,v1.0,S2_hp_cap_peak,D1_improved,P_aggressive,12,0.9035479797979797,0.9986725050403226,0.10532279193141096,,0.05277777777777778,0.0,1.0
v1.0,v1.0,v1.0,S2_hp_cap_peak,D1_improved,P_aggressive,13,0.9242424242424241,1.0,0.07575757575757591,,0.0,0.0,0.0
v1.0,v1.0,v1.0,S2_hp_cap_peak,D1_improved,P_aggressive,14,0.9242424242424241,1.0,0.07575757575757591,,0.0,0.0,0.0
v1.0,v1.0,v1.0,S2_hp_cap_peak,D1_improved,P_aggressive,15,0.9242424242424241,1.0,0.07575757575757591,,0.0,0.0,0.0
v1.0,v1.0,v1.0,S2_hp_cap_peak,D1_improved,P_aggressive,16,0.9242424242424241,1.0,0.07575757575757591,,0.0,0.0,0.0
v1.0,v1.0,v1.0,S2_hp_cap_peak,D1_improved,P_aggressive,17,0.9121748737373736,1.0,0.09510290404040418,,0.05277777777777778,0.0,1.0
v1.0,v1.0,v1.0,S2_hp_cap_peak,D1_improved,P_aggressive,18,0.9242424242424241,1.0,0.07575757575757591,,0.0,0.0,0.0
v1.0,v1.0,v1.0,S2_hp_cap_peak,D1_improved,P_aggressive,19,0.8959627525252524,0.9986725050403226,0.1201857969819161,,0.10555555555555556,0.0,2.0
v1.0,v1.0,v1.0,S2_hp_cap_peak,D1_improved,P_aggressive,20,0.9242424242424241,1.0,0.07575757575757591,,0.0,0.0,0.0
v1.0,v1.0,v1.0,S2_hp_cap_peak,D1_improved,P_aggressive,21,0.9001073232323231,1.0,0.11444823232323244,,0.10555555555555556,0.0,2.0
v1.0,v1.0,v1.0,S2_hp_cap_peak,D1_improved,P_aggressive,22,0.9242424242424241,1.0,0.07575757575757591,,0.0,0.0,0.0
v1.0,v1.0,v1.0,S2_hp_cap_peak,D1_improved,P_aggressive,23,0.9073137626262624,1.0,0.09996401515151539,,0.05277777777777778,0.0,1.0
v1.0,v1.0,v1.0,S2_hp_cap_peak,D1_improved,P_aggressive,24,0.9121748737373736,1.0,0.09510290404040418,,0.05277777777777778,0.0,1.0
v1.0,v1.0,v1.0,S2_hp_cap_peak,D1_improved,P_aggressive,25,0.9121748737373736,1.0,0.09510290404040418,,0.05277777777777778,0.0,1.0
v1.0,v1.0,v1.0,S2_hp_cap_peak,D1_improved,P_aggressive,26,0.9242424242424241,1.0,0.07575757575757591,,0.0,0.0,0.0
v1.0,v1.0,v1.0,S2_hp_cap_peak,D1_improved,P_aggressive,27,0.9242424242424241,1.0,0.07575757575757591,,0.0,0.0,0.0
v1.0,v1.0,v1.0,S2_hp_cap_peak,D1_improved,P_aggressive,28,0.9242424242424241,1.0,0.07575757575757591,,0.0,0.0,0.0
v1.0,v1.0,v1.0,S2_hp_cap_peak,D1_improved,P_aggressive,29,0.9121748737373736,1.0,0.09510290404040418,,0.05277777777777778,0.0,1.0
v1.0,v1.0,v1.0,S2_hp_cap_peak,D1_improved,P_aggressive,30,0.9242424242424241,1.0,0.07575757575757591,,0.0,0.0,0.0
v1.0,v1.0,v1.0,S2_hp_cap_peak,D1_improved,P_aggressive,31,0.9121748737373736,1.0,0.09510290404040418,,0.05277777777777778,0.0,1.0
v1.0,v1.0,v1.0,S2_hp_cap_peak,D1_improved,P_aggressive,32,0.9121748737373737,1.0,0.09510290404040407,,0.05277777777777778,0.0,1.0
v1.0,v1.0,v1.0,S2_hp_cap_peak,D1_improved,P_aggressive,33,0.9121748737373736,1.0,0.09510290404040418,,0.05277777777777778,0.0,1.0
v1.0,v1.0,v1.0,S2_hp_cap_peak,D1_improved,P_aggressive,34,0.9242424242424241,1.0,0.07575757575757591,,0.0,0.0,0.0
v1.0,v1.0,v1.0,S2_hp_cap_peak,D1_improved,P_aggressive,35,0.9121748737373736,1.0,0.09510290404040418,,0.05277777777777778,0.0,1.0
v1.0,v1.0,v1.0,S2_hp_cap_peak,D1_improved,P_aggressive,36,0.9121748737373736,1.0,0.09510290404040418,,0.05277777777777778,0.0,1.0
v1.0,v1.0,v1.0,S2_hp_cap_peak,D1_improved,P_aggressive,37,0.9102809343434343,0.9988916330645161,0.09832688375692418,,0.05277777777777778,0.0,1.0
v1.0,v1.0,v1.0,S2_hp_cap_peak,D1_improved,P_aggressive,38,0.9242424242424241,1.0,0.07575757575757591,,0.0,0.0,0.0
v1.0,v1.0,v1.0,S2_hp_cap_peak,D1_improved,P_aggressive,39,0.9242424242424241,1.0,0.07575757575757591,,0.0,0.0,0.0
v1.0,v1.0,v1.0,S2_hp_cap_peak,D1_improved,P_conservative,0,0.9242424242424241,1.0,0.08175757575757592,,0.0,0.0,3.0
v1.0,v1.0,v1.0,S2_hp_cap_peak,D1_improved,P_conservative,1,0.9242424242424241,1.0,0.07775757575757591,,0.0,0.0,1.0
v1.0,v1.0,v1.0,S2_hp_cap_peak,D1_improved,P_conservative,2,0.9242424242424241,1.0,0.07575757575757591,,0.0,0.0,0.0
v1.0,v1.0,v1.0,S2_hp_cap_peak,D1_improved,P_conservative,3,0.9242424242424241,1.0,0.07575757575757591,,0.0,0.0,0.0
v1.0,v1.0,v1.0,S2_hp_cap_peak,D1_improved,P_conservative,4,0.9242424242424241,1.0,0.07575757575757591,,0.0,0.0,0.0
v1.0,v1.0,v1.0,S2_hp_cap_peak,D1_improved,P_conservative,5,0.9242424242424241,1.0,0.07775757575757591,,0.0,0.0,1.0
v1.0,v1.0,v1.0,S2_hp_cap_peak,D1_improved,P_conservative,6,0.9242424242424241,1.0,0.07575757575757591,,0.0,0.0,0.0
v1.0,v1.0,v1.0,S2_hp_cap_peak,D1_improved,P_conservative,7,0.9242424242424241,1.0,0.07575757575757591,,0.0,0.0,0.0
v1.0,v1.0,v1.0,S2_hp_cap_peak,D1_improved,P_conservative,8,0.9242424242424241,1.0,0.07775757575757591,,0.0,0.0,1.0
v1.0,v1.0,v1.0,S2_hp_cap_peak,D1_improved,P_conservative,9,0.9242424242424241,1.0,0.07575757575757591,,0.0,0.0,0.0
v1.0,v1.0,v1.0,S2_hp_cap_peak,D1_improved,P_conservative,10,0.9242424242424241,1.0,0.07575757575757591,,0.0,0.0,0.0
v1.0,v1.0,v1.0,S2_hp_cap_peak,D1_improved,P_conservative,11,0.9242424242424241,1.0,0.07575757575757591,,0.0,0.0,0.0
v1.0,v1.0,v1.0,S2_hp_cap_peak,D1_improved,P_conservative,12,0.9242424242424241,1.0,0.07775757575757591,,0.0,0.0,1.0
v1.0,v1.0,v1.0,S2_hp_cap_peak,D1_improved,P_conservative,13,0.9242424242424241,1.0,0.07575757575757591,,0.0,0.0,0.0
v1.0,v1.0,v1.0,S2_hp_cap_peak,D1_improved,P_conservative,14,0.9242424242424241,1.0,0.07575757575757591,,0.0,0.0,0.0
v1.0,v1.0,v1.0,S2_hp_cap_peak,D1_improved,P_conservative,15,0.9242424242424241,1.0,0.07575757575757591,,0.0,0.0,0.0
v1.0,v1.0,v1.0,S2_hp_cap_peak,D1_improved,P_conservative,16,0.9242424242424241,1.0,0.07575757575757591,,0.0,0.0,0.0
v1.0,v1.0,v1.0,S2_hp_cap_peak,D1_improved,P_conservative,17,0.9242424242424241,1.0,0.07775757575757591,,0.0,0.0,1.0
v1.0,v1.0,v1.0,S2_hp_cap_peak,D1_improved,P_conservative,18,0.9242424242424241,1.0,0.07575757575757591,,0.0,0.0,0.0
v1.0,v1.0,v1.0,S2_hp_cap_peak,D1_improved,P_conservative,19,0.9242424242424241,1.0,0.07975757575757592,,0.0,0.0,2.0
v1.0,v1.0,v1.0,S2_hp_cap_peak,D1_improved,P_conservative,20,0.9242424242424241,1.0,0.07575757575757591,,0.0,0.0,0.0
v1.0,v1.0,v1.0,S2_hp_cap_peak,D1_improved,P_conservative,21,0.9242424242424241,1.0,0.07975757575757592,,0.0,0.0,2.0
v1.0,v1.0,v1.0,S2_hp_cap_peak,D1_improved,P_conservative,22,0.9242424242424241,1.0,0.07575757575757591,,0.0,0.0,0.0
v1.0,v1.0,v1.0,S2_hp_cap_peak,D1_improved,P_conservative,23,0.9242424242424241,1.0,0.07775757575757591,,0.0,0.0,1.0
v1.0,v1.0,v1.0,S2_hp_cap_peak,D1_improved,P_conservative,24,0.9242424242424241,1.0,0.07775757575757591,,0.0,0.0,1.0
v1.0,v1.0,v1.0,S2_hp_cap_peak,D1_improved,P_conservative,25,0.9242424242424241,1.0,0.07775757575757591,,0.0,0.0,1.0
v1.0,v1.0,v1.0,S2_hp_cap_peak,D1_improved,P_conservative,26,0.9242424242424241,1.0,0.07575757575757591,,0.0,0.0,0.0
v1.0,v1.0,v1.0,S2_hp_cap_peak,D1_improved,P_conservative,27,0.9242424242424241,1.0,0.07575757575757591,,0.0,0.0,0.0
v1.0,v1.0,v1.0,S2_hp_cap_peak,D1_improved,P_conservative,28,0.9242424242424241,1.0,0.07575757575757591,,0.0,0.0,0.0
v1.0,v1.0,v1.0,S2_hp_cap_peak,D1_improved,P_conservative,29,0.9242424242424241,1.0,0.07775757575757591,,0.0,0.0,1.0
v1.0,v1.0,v1.0,S2_hp_cap_peak,D1_improved,P_conservative,30,0.9242424242424241,1.0,0.07575757575757591,,0.0,0.0,0.0
v1.0,v1.0,v1.0,S2_hp_cap_peak,D1_improved,P_conservative,31,0.9242424242424241,1.0,0.07775757575757591,,0.0,0.0,1.0
v1.0,v1.0,v1.0,S2_hp_cap_peak,D1_improved,P_conservative,32,0.9242424242424241,1.0,0.07775757575757591,,0.0,0.0,1.0
v1.0,v1.0,v1.0,S2_hp_cap_peak,D1_improved,P_conservative,33,0.9242424242424241,1.0,0.07775757575757591,,0.0,0.0,1.0
v1.0,v1.0,v1.0,S2_hp_cap_peak,D1_improved,P_conservative,34,0.9242424242424241,1.0,0.07575757575757591,,0.0,0.0,0.0
v1.0,v1.0,v1.0,S2_hp_cap_peak,D1_improved,P_conservative,35,0.9242424242424241,1.0,0.07775757575757591,,0.0,0.0,1.0
v1.0,v1.0,v1.0,S2_hp_cap_peak,D1_improved,P_conservative,36,0.9242424242424241,1.0,0.07775757575757591,,0.0,0.0,1.0
v1.0,v1.0,v1.0,S2_hp_cap_peak,D1_improved,P_conservative,37,0.9242424242424241,1.0,0.07775757575757591,,0.0,0.0,1.0
v1.0,v1.0,v1.0,S2_hp_cap_peak,D1_improved,P_conservative,38,0.9242424242424241,1.0,0.07575757575757591,,0.0,0.0,0.0
v1.0,v1.0,v1.0,S2_hp_cap_peak,D1_improved,P_conservative,39,0.9242424242424241,1.0,0.07575757575757591,,0.0,0.0,0.0
v1.0,v1.0,v1.0,S2_hp_cap_peak,D_oracle,P_alpha0.15,0,0.9242424242424241,1.0,0.07575757575757591,,0.0,0.0,0.0
v1.0,v1.0,v1.0,S2_hp_cap_peak,D_oracle,P_alpha0.15,1,0.9242424242424241,1.0,0.07575757575757591,,0.0,0.0,0.0
v1.0,v1.0,v1.0,S2_hp_cap_peak,D_oracle,P_alpha0.15,2,0.9242424242424241,1.0,0.07575757575757591,,0.0,0.0,0.0
v1.0,v1.0,v1.0,S2_hp_cap_peak,D_oracle,P_alpha0.15,3,0.9242424242424241,1.0,0.07575757575757591,,0.0,0.0,0.0
v1.0,v1.0,v1.0,S2_hp_cap_peak,D_oracle,P_alpha0.15,4,0.9242424242424241,1.0,0.07575757575757591,,0.0,0.0,0.0
v1.0,v1.0,v1.0,S2_hp_cap_peak,D_oracle,P_alpha0.15,5,0.9242424242424241,1.0,0.07575757575757591,,0.0,0.0,0.0
v1.0,v1.0,v1.0,S2_hp_cap_peak,D_oracle,P_alpha0.15,6,0.9242424242424241,1.0,0.07575757575757591,,0.0,0.0,0.0
v1.0,v1.0,v1.0,S2_hp_cap_peak,D_oracle,P_alpha0.15,7,0.9242424242424241,1.0,0.07575757575757591,,0.0,0.0,0.0
v1.0,v1.0,v1.0,S2_hp_cap_peak,D_oracle,P_alpha0.15,8,0.9242424242424241,1.0,0.07575757575757591,,0.0,0.0,0.0
v1.0,v1.0,v1.0,S2_hp_cap_peak,D_oracle,P_alpha0.15,9,0.9242424242424241,1.0,0.07575757575757591,,0.0,0.0,0.0
v1.0,v1.0,v1.0,S2_hp_cap_peak,D_oracle,P_alpha0.15,10,0.9242424242424241,1.0,0.07575757575757591,,0.0,0.0,0.0
v1.0,v1.0,v1.0,S2_hp_cap_peak,D_oracle,P_alpha0.15,11,0.9242424242424241,1.0,0.07575757575757591,,0.0,0.0,0.0
v1.0,v1.0,v1.0,S2_hp_cap_peak,D_oracle,P_alpha0.15,12,0.9242424242424241,1.0,0.07575757575757591,,0.0,0.0,0.0
v1.0,v1.0,v1.0,S2_hp_cap_peak,D_oracle,P_alpha0.15,13,0.9242424242424241,1.0,0.07575757575757591,,0.0,0.0,0.0
v1.0,v1.0,v1.0,S2_hp_cap_peak,D_oracle,P_alpha0.15,14,0.9242424242424241,1.0,0.07575757575757591,,0.0,0.0,0.0
v1.0,v1.0,v1.0,S2_hp_cap_peak,D_oracle,P_alpha0.15,15,0.9242424242424241,1.0,0.07575757575757591,,0.0,0.0,0.0
v1.0,v1.0,v1.0,S2_hp_cap_peak,D_oracle,P_alpha0.15,16,0.9242424242424241,1.0,0.07575757575757591,,0.0,0.0,0.0
v1.0,v1.0,v1.0,S2_hp_cap_peak,D_oracle,P_alpha0.15,17,0.9242424242424241,1.0,0.07575757575757591,,0.0,0.0,0.0
v1.0,v1.0,v1.0,S2_hp_cap_peak,D_oracle,P_alpha0.15,18,0.9242424242424241,1.0,0.07575757575757591,,0.0,0.0,0.0
v1.0,v1.0,v1.0,S2_hp_cap_peak,D_oracle,P_alpha0.15,19,0.9242424242424241,1.0,0.07575757575757591,,0.0,0.0,0.0
v1.0,v1.0,v1.0,S2_hp_cap_peak,D_oracle,P_alpha0.15,20,0.9242424242424241,1.0,0.07575757575757591,,0.0,0.0,0.0
v1.0,v1.0,v1.0,S2_hp_cap_peak,D_oracle,P_alpha0.15,21,0.9242424242424241,1.0,0.07575757575757591,,0.0,0.0,0.0
v1.0,v1.0,v1.0,S2_hp_cap_peak,D_oracle,P_alpha0.15,22,0.9242424242424241,1.0,0.07575757575757591,,0.0,0.0,0.0
v1.0,v1.0,v1.0,S2_hp_cap_peak,D_oracle,P_alpha0.15,23,0.9242424242424241,1.0,0.07575757575757591,,0.0,0.0,0.0
v1.0,v1.0,v1.0,S2_hp_cap_peak,D_oracle,P_alpha0.15,24,0.9242424242424241,1.0,0.07575757575757591,,0.0,0.0,0.0
v1.0,v1.0,v1.0,S2_hp_cap_peak,D_oracle,P_alpha0.15,25,0.9242424242424241,1.0,0.07575757575757591,,0.0,0.0,0.0
v1.0,v1.0,v1.0,S2_hp_cap_peak,D_oracle,P_alpha0.15,26,0.9242424242424241,1.0,0.07575757575757591,,0.0,0.0,0.0
v1.0,v1.0,v1.0,S2_hp_cap_peak,D_oracle,P_alpha0.15,27,0.9242424242424241,1.0,0.07575757575757591,,0.0,0.0,0.0
v1.0,v1.0,v1.0,S2_hp_cap_peak,D_oracle,P_alpha0.15,28,0.9242424242424241,1.0,0.07575757575757591,,0.0,0.0,0.0
v1.0,v1.0,v1.0,S2_hp_cap_peak,D_oracle,P_alpha0.15,29,0.9242424242424241,1.0,0.07575757575757591,,0.0,0.0,0.0
v1.0,v1.0,v1.0,S2_hp_cap_peak,D_oracle,P_alpha0.15,30,0.9242424242424241,1.0,0.07575757575757591,,0.0,0.0,0.0
v1.0,v1.0,v1.0,S2_hp_cap_peak,D_oracle,P_alpha0.15,31,0.9242424242424241,1.0,0.07575757575757591,,0.0,0.0,0.0
v1.0,v1.0,v1.0,S2_hp_cap_peak,D_oracle,P_alpha0.15,32,0.9242424242424241,1.0,0.07575757575757591,,0.0,0.0,0.0
v1.0,v1.0,v1.0,S2_hp_cap_peak,D_oracle,P_alpha0.15,33,0.9242424242424241,1.0,0.07575757575757591,,0.0,0.0,0.0
v1.0,v1.0,v1.0,S2_hp_cap_peak,D_oracle,P_alpha0.15,34,0.9242424242424241,1.0,0.07575757575757591,,0.0,0.0,0.0
v1.0,v1.0,v1.0,S2_hp_cap_peak,D_oracle,P_alpha0.15,35,0.9242424242424241,1.0,0.07575757575757591,,0.0,0.0,0.0
v1.0,v1.0,v1.0,S2_hp_cap_peak,D_oracle,P_alpha0.15,36,0.9242424242424241,1.0,0.07575757575757591,,0.0,0.0,0.0
v1.0,v1.0,v1.0,S2_hp_cap_peak,D_oracle,P_alpha0.15,37,0.9242424242424241,1.0,0.07575757575757591,,0.0,0.0,0.0
v1.0,v1.0,v1.0,S2_hp_cap_peak,D_oracle,P_alpha0.15,38,0.9242424242424241,1.0,0.07575757575757591,,0.0,0.0,0.0
v1.0,v1.0,v1.0,S2_hp_cap_peak,D_oracle,P_alpha0.15,39,0.9242424242424241,1.0,0.07575757575757591,,0.0,0.0,0.0
v1.0,v1.0,v1.0,S2_hp_cap_peak,D_oracle,P_alpha0.30,0,0.9242424242424241,1.0,0.07575757575757591,,0.0,0.0,0.0
v1.0,v1.0,v1.0,S2_hp_cap_peak,D_oracle,P_alpha0.30,1,0.9242424242424241,1.0,0.07575757575757591,,0.0,0.0,0.0
v1.0,v1.0,v1.0,S2_hp_cap_peak,D_oracle,P_alpha0.30,2,0.9242424242424241,1.0,0.07575757575757591,,0.0,0.0,0.0
v1.0,v1.0,v1.0,S2_hp_cap_peak,D_oracle,P_alpha0.30,3,0.9242424242424241,1.0,0.07575757575757591,,0.0,0.0,0.0
v1.0,v1.0,v1.0,S2_hp_cap_peak,D_oracle,P_alpha0.30,4,0.9242424242424241,1.0,0.07575757575757591,,0.0,0.0,0.0
v1.0,v1.0,v1.0,S2_hp_cap_peak,D_oracle,P_alpha0.30,5,0.9242424242424241,1.0,0.07575757575757591,,0.0,0.0,0.0
v1.0,v1.0,v1.0,S2_hp_cap_peak,D_oracle,P_alpha0.30,6,0.9242424242424241,1.0,0.07575757575757591,,0.0,0.0,0.0
v1.0,v1.0,v1.0,S2_hp_cap_peak,D_oracle,P_alpha0.30,7,0.9242424242424241,1.0,0.07575757575757591,,0.0,0.0,0.0
v1.0,v1.0,v1.0,S2_hp_cap_peak,D_oracle,P_alpha0.30,8,0.9242424242424241,1.0,0.07575757575757591,,0.0,0.0,0.0
v1.0,v1.0,v1.0,S2_hp_cap_peak,D_oracle,P_alpha0.30,9,0.9242424242424241,1.0,0.07575757575757591,,0.0,0.0,0.0
v1.0,v1.0,v1.0,S2_hp_cap_peak,D_oracle,P_alpha0.30,10,0.9242424242424241,1.0,0.07575757575757591,,0.0,0.0,0.0
v1.0,v1.0,v1.0,S2_hp_cap_peak,D_oracle,P_alpha0.30,11,0.9242424242424241,1.0,0.07575757575757591,,0.0,0.0,0.0
v1.0,v1.0,v1.0,S2_hp_cap_peak,D_oracle,P_alpha0.30,12,0.9242424242424241,1.0,0.07575757575757591,,0.0,0.0,0.0
v1.0,v1.0,v1.0,S2_hp_cap_peak,D_oracle,P_alpha0.30,13,0.9242424242424241,1.0,0.07575757575757591,,0.0,0.0,0.0
v1.0,v1.0,v1.0,S2_hp_cap_peak,D_oracle,P_alpha0.30,14,0.9242424242424241,1.0,0.07575757575757591,,0.0,0.0,0.0
v1.0,v1.0,v1.0,S2_hp_cap_peak,D_oracle,P_alpha0.30,15,0.9242424242424241,1.0,0.07575757575757591,,0.0,0.0,0.0
v1.0,v1.0,v1.0,S2_hp_cap_peak,D_oracle,P_alpha0.30,16,0.9242424242424241,1.0,0.07575757575757591,,0.0,0.0,0.0
v1.0,v1.0,v1.0,S2_hp_cap_peak,D_oracle,P_alpha0.30,17,0.9242424242424241,1.0,0.07575757575757591,,0.0,0.0,0.0
v1.0,v1.0,v1.0,S2_hp_cap_peak,D_oracle,P_alpha0.30,18,0.9242424242424241,1.0,0.07575757575757591,,0.0,0.0,0.0
v1.0,v1.0,v1.0,S2_hp_cap_peak,D_oracle,P_alpha0.30,19,0.9242424242424241,1.0,0.07575757575757591,,0.0,0.0,0.0
v1.0,v1.0,v1.0,S2_hp_cap_peak,D_oracle,P_alpha0.30,20,0.9242424242424241,1.0,0.07575757575757591,,0.0,0.0,0.0
v1.0,v1.0,v1.0,S2_hp_cap_peak,D_oracle,P_alpha0.30,21,0.9242424242424241,1.0,0.07575757575757591,,0.0,0.0,0.0
v1.0,v1.0,v1.0,S2_hp_cap_peak,D_oracle,P_alpha0.30,22,0.9242424242424241,1.0,0.07575757575757591,,0.0,0.0,0.0
v1.0,v1.0,v1.0,S2_hp_cap_peak,D_oracle,P_alpha0.30,23,0.9242424242424241,1.0,0.07575757575757591,,0.0,0.0,0.0
v1.0,v1.0,v1.0,S2_hp_cap_peak,D_oracle,P_alpha0.30,24,0.9242424242424241,1.0,0.07575757575757591,,0.0,0.0,0.0
v1.0,v1.0,v1.0,S2_hp_cap_peak,D_oracle,P_alpha0.30,25,0.9242424242424241,1.0,0.07575757575757591,,0.0,0.0,0.0
v1.0,v1.0,v1.0,S2_hp_cap_peak,D_oracle,P_alpha0.30,26,0.9242424242424241,1.0,0.07575757575757591,,0.0,0.0,0.0
v1.0,v1.0,v1.0,S2_hp_cap_peak,D_oracle,P_alpha0.30,27,0.9242424242424241,1.0,0.07575757575757591,,0.0,0.0,0.0
v1.0,v1.0,v1.0,S2_hp_cap_peak,D_oracle,P_alpha0.30,28,0.9242424242424241,1.0,0.07575757575757591,,0.0,0.0,0.0
v1.0,v1.0,v1.0,S2_hp_cap_peak,D_oracle,P_alpha0.30,29,0.9242424242424241,1.0,0.07575757575757591,,0.0,0.0,0.0
v1.0,v1.0,v1.0,S2_hp_cap_peak,D_oracle,P_alpha0.30,30,0.9242424242424241,1.0,0.07575757575757591,,0.0,0.0,0.0
v1.0,v1.0,v1.0,S2_hp_cap_peak,D_oracle,P_alpha0.30,31,0.9242424242424241,1.0,0.07575757575757591,,0.0,0.0,0.0
v1.0,v1.0,v1.0,S2_hp_cap_peak,D_oracle,P_alpha0.30,32,0.9242424242424241,1.0,0.07575757575757591,,0.0,0.0,0.0
v1.0,v1.0,v1.0,S2_hp_cap_peak,D_oracle,P_alpha0.30,33,0.9242424242424241,1.0,0.07575757575757591,,0.0,0.0,0.0
v1.0,v1.0,v1.0,S2_hp_cap_peak,D_oracle,P_alpha0.30,34,0.9242424242424241,1.0,0.07575757575757591,,0.0,0.0,0.0
v1.0,v1.0,v1.0,S2_hp_cap_peak,D_oracle,P_alpha0.30,35,0.9242424242424241,1.0,0.07575757575757591,,0.0,0.0,0.0
v1.0,v1.0,v1.0,S2_hp_cap_peak,D_oracle,P_alpha0.30,36,0.9242424242424241,1.0,0.07575757575757591,,0.0,0.0,0.0
v1.0,v1.0,v1.0,S2_hp_cap_peak,D_oracle,P_alpha0.30,37,0.9242424242424241,1.0,0.07575757575757591,,0.0,0.0,0.0
v1.0,v1.0,v1.0,S2_hp_cap_peak,D_oracle,P_alpha0.30,38,0.9242424242424241,1.0,0.07575757575757591,,0.0,0.0,0.0
v1.0,v1.0,v1.0,S2_hp_cap_peak,D_oracle,P_alpha0.30,39,0.9242424242424241,1.0,0.07575757575757591,,0.0,0.0,0.0
v1.0,v1.0,v1.0,S2_hp_cap_peak,D_oracle,P_alpha0.45,0,0.9242424242424241,1.0,0.07575757575757591,,0.0,0.0,0.0
v1.0,v1.0,v1.0,S2_hp_cap_peak,D_oracle,P_alpha0.45,1,0.9242424242424241,1.0,0.07575757575757591,,0.0,0.0,0.0
v1.0,v1.0,v1.0,S2_hp_cap_peak,D_oracle,P_alpha0.45,2,0.9242424242424241,1.0,0.07575757575757591,,0.0,0.0,0.0
v1.0,v1.0,v1.0,S2_hp_cap_peak,D_oracle,P_alpha0.45,3,0.9242424242424241,1.0,0.07575757575757591,,0.0,0.0,0.0
v1.0,v1.0,v1.0,S2_hp_cap_peak,D_oracle,P_alpha0.45,4,0.9242424242424241,1.0,0.07575757575757591,,0.0,0.0,0.0
v1.0,v1.0,v1.0,S2_hp_cap_peak,D_oracle,P_alpha0.45,5,0.9242424242424241,1.0,0.07575757575757591,,0.0,0.0,0.0
v1.0,v1.0,v1.0,S2_hp_cap_peak,D_oracle,P_alpha0.45,6,0.9242424242424241,1.0,0.07575757575757591,,0.0,0.0,0.0
v1.0,v1.0,v1.0,S2_hp_cap_peak,D_oracle,P_alpha0.45,7,0.9242424242424241,1.0,0.07575757575757591,,0.0,0.0,0.0
v1.0,v1.0,v1.0,S2_hp_cap_peak,D_oracle,P_alpha0.45,8,0.9242424242424241,1.0,0.07575757575757591,,0.0,0.0,0.0
v1.0,v1.0,v1.0,S2_hp_cap_peak,D_oracle,P_alpha0.45,9,0.9242424242424241,1.0,0.07575757575757591,,0.0,0.0,0.0
v1.0,v1.0,v1.0,S2_hp_cap_peak,D_oracle,P_alpha0.45,10,0.9242424242424241,1.0,0.07575757575757591,,0.0,0.0,0.0
v1.0,v1.0,v1.0,S2_hp_cap_peak,D_oracle,P_alpha0.45,11,0.9242424242424241,1.0,0.07575757575757591,,0.0,0.0,0.0
v1.0,v1.0,v1.0,S2_hp_cap_peak,D_oracle,P_alpha0.45,12,0.9242424242424241,1.0,0.07575757575757591,,0.0,0.0,0.0
v1.0,v1.0,v1.0,S2_hp_cap_peak,D_oracle,P_alpha0.45,13,0.9242424242424241,1.0,0.07575757575757591,,0.0,0.0,0.0
v1.0,v1.0,v1.0,S2_hp_cap_peak,D_oracle,P_alpha0.45,14,0.9242424242424241,1.0,0.07575757575757591,,0.0,0.0,0.0
v1.0,v1.0,v1.0,S2_hp_cap_peak,D_oracle,P_alpha0.45,15,0.9242424242424241,1.0,0.07575757575757591,,0.0,0.0,0.0
v1.0,v1.0,v1.0,S2_hp_cap_peak,D_oracle,P_alpha0.45,16,0.9242424242424241,1.0,0.07575757575757591,,0.0,0.0,0.0
v1.0,v1.0,v1.0,S2_hp_cap_peak,D_oracle,P_alpha0.45,17,0.9242424242424241,1.0,0.07575757575757591,,0.0,0.0,0.0
v1.0,v1.0,v1.0,S2_hp_cap_peak,D_oracle,P_alpha0.45,18,0.9242424242424241,1.0,0.07575757575757591,,0.0,0.0,0.0
v1.0,v1.0,v1.0,S2_hp_cap_peak,D_oracle,P_alpha0.45,19,0.9242424242424241,1.0,0.07575757575757591,,0.0,0.0,0.0
v1.0,v1.0,v1.0,S2_hp_cap_peak,D_oracle,P_alpha0.45,20,0.9242424242424241,1.0,0.07575757575757591,,0.0,0.0,0.0
v1.0,v1.0,v1.0,S2_hp_cap_peak,D_oracle,P_alpha0.45,21,0.9242424242424241,1.0,0.07575757575757591,,0.0,0.0,0.0
v1.0,v1.0,v1.0,S2_hp_cap_peak,D_oracle,P_alpha0.45,22,0.9242424242424241,1.0,0.07575757575757591,,0.0,0.0,0.0
v1.0,v1.0,v1.0,S2_hp_cap_peak,D_oracle,P_alpha0.45,23,0.9242424242424241,1.0,0.07575757575757591,,0.0,0.0,0.0
v1.0,v1.0,v1.0,S2_hp_cap_peak,D_oracle,P_alpha0.45,24,0.9242424242424241,1.0,0.07575757575757591,,0.0,0.0,0.0
v1.0,v1.0,v1.0,S2_hp_cap_peak,D_oracle,P_alpha0.45,25,0.9242424242424241,1.0,0.07575757575757591,,0.0,0.0,0.0
v1.0,v1.0,v1.0,S2_hp_cap_peak,D_oracle,P_alpha0.45,26,0.9242424242424241,1.0,0.07575757575757591,,0.0,0.0,0.0
v1.0,v1.0,v1.0,S2_hp_cap_peak,D_oracle,P_alpha0.45,27,0.9242424242424241,1.0,0.07575757575757591,,0.0,0.0,0.0
v1.0,v1.0,v1.0,S2_hp_cap_peak,D_oracle,P_alpha0.45,28,0.9242424242424241,1.0,0.07575757575757591,,0.0,0.0,0.0
v1.0,v1.0,v1.0,S2_hp_cap_peak,D_oracle,P_alpha0.45,29,0.9242424242424241,1.0,0.07575757575757591,,0.0,0.0,0.0
v1.0,v1.0,v1.0,S2_hp_cap_peak,D_oracle,P_alpha0.45,30,0.9242424242424241,1.0,0.07575757575757591,,0.0,0.0,0.0
v1.0,v1.0,v1.0,S2_hp_cap_peak,D_oracle,P_alpha0.45,31,0.9242424242424241,1.0,0.07575757575757591,,0.0,0.0,0.0
v1.0,v1.0,v1.0,S2_hp_cap_peak,D_oracle,P_alpha0.45,32,0.9242424242424241,1.0,0.07575757575757591,,0.0,0.0,0.0
v1.0,v1.0,v1.0,S2_hp_cap_peak,D_oracle,P_alpha0.45,33,0.9242424242424241,1.0,0.07575757575757591,,0.0,0.0,0.0
v1.0,v1.0,v1.0,S2_hp_cap_peak,D_oracle,P_alpha0.45,34,0.9242424242424241,1.0,0.07575757575757591,,0.0,0.0,0.0
v1.0,v1.0,v1.0,S2_hp_cap_peak,D_oracle,P_alpha0.45,35,0.9242424242424241,1.0,0.07575757575757591,,0.0,0.0,0.0
v1.0,v1.0,v1.0,S2_hp_cap_peak,D_oracle,P_alpha0.45,36,0.9242424242424241,1.0,0.07575757575757591,,0.0,0.0,0.0
v1.0,v1.0,v1.0,S2_hp_cap_peak,D_oracle,P_alpha0.45,37,0.9242424242424241,1.0,0.07575757575757591,,0.0,0.0,0.0
v1.0,v1.0,v1.0,S2_hp_cap_peak,D_oracle,P_alpha0.45,38,0.9242424242424241,1.0,0.07575757575757591,,0.0,0.0,0.0
v1.0,v1.0,v1.0,S2_hp_cap_peak,D_oracle,P_alpha0.45,39,0.9242424242424241,1.0,0.07575757575757591,,0.0,0.0,0.0
v1.0,v1.0,v1.0,S2_hp_cap_peak,D_oracle,P_alpha0.60,0,0.9242424242424241,1.0,0.07575757575757591,,0.0,0.0,0.0
v1.0,v1.0,v1.0,S2_hp_cap_peak,D_oracle,P_alpha0.60,1,0.9242424242424241,1.0,0.07575757575757591,,0.0,0.0,0.0
v1.0,v1.0,v1.0,S2_hp_cap_peak,D_oracle,P_alpha0.60,2,0.9242424242424241,1.0,0.07575757575757591,,0.0,0.0,0.0
v1.0,v1.0,v1.0,S2_hp_cap_peak,D_oracle,P_alpha0.60,3,0.9242424242424241,1.0,0.07575757575757591,,0.0,0.0,0.0
v1.0,v1.0,v1.0,S2_hp_cap_peak,D_oracle,P_alpha0.60,4,0.9242424242424241,1.0,0.07575757575757591,,0.0,0.0,0.0
v1.0,v1.0,v1.0,S2_hp_cap_peak,D_oracle,P_alpha0.60,5,0.9242424242424241,1.0,0.07575757575757591,,0.0,0.0,0.0
v1.0,v1.0,v1.0,S2_hp_cap_peak,D_oracle,P_alpha0.60,6,0.9242424242424241,1.0,0.07575757575757591,,0.0,0.0,0.0
v1.0,v1.0,v1.0,S2_hp_cap_peak,D_oracle,P_alpha0.60,7,0.9242424242424241,1.0,0.07575757575757591,,0.0,0.0,0.0
v1.0,v1.0,v1.0,S2_hp_cap_peak,D_oracle,P_alpha0.60,8,0.9242424242424241,1.0,0.07575757575757591,,0.0,0.0,0.0
v1.0,v1.0,v1.0,S2_hp_cap_peak,D_oracle,P_alpha0.60,9,0.9242424242424241,1.0,0.07575757575757591,,0.0,0.0,0.0
v1.0,v1.0,v1.0,S2_hp_cap_peak,D_oracle,P_alpha0.60,10,0.9242424242424241,1.0,0.07575757575757591,,0.0,0.0,0.0
v1.0,v1.0,v1.0,S2_hp_cap_peak,D_oracle,P_alpha0.60,11,0.9242424242424241,1.0,0.07575757575757591,,0.0,0.0,0.0
v1.0,v1.0,v1.0,S2_hp_cap_peak,D_oracle,P_alpha0.60,12,0.9242424242424241,1.0,0.07575757575757591,,0.0,0.0,0.0
v1.0,v1.0,v1.0,S2_hp_cap_peak,D_oracle,P_alpha0.60,13,0.9242424242424241,1.0,0.07575757575757591,,0.0,0.0,0.0
v1.0,v1.0,v1.0,S2_hp_cap_peak,D_oracle,P_alpha0.60,14,0.9242424242424241,1.0,0.07575757575757591,,0.0,0.0,0.0
v1.0,v1.0,v1.0,S2_hp_cap_peak,D_oracle,P_alpha0.60,15,0.9242424242424241,1.0,0.07575757575757591,,0.0,0.0,0.0
v1.0,v1.0,v1.0,S2_hp_cap_peak,D_oracle,P_alpha0.60,16,0.9242424242424241,1.0,0.07575757575757591,,0.0,0.0,0.0
v1.0,v1.0,v1.0,S2_hp_cap_peak,D_oracle,P_alpha0.60,17,0.9242424242424241,1.0,0.07575757575757591,,0.0,0.0,0.0
v1.0,v1.0,v1.0,S2_hp_cap_peak,D_oracle,P_alpha0.60,18,0.9242424242424241,1.0,0.07575757575757591,,0.0,0.0,0.0
v1.0,v1.0,v1.0,S2_hp_cap_peak,D_oracle,P_alpha0.60,19,0.9242424242424241,1.0,0.07575757575757591,,0.0,0.0,0.0
v1.0,v1.0,v1.0,S2_hp_cap_peak,D_oracle,P_alpha0.60,20,0.9242424242424241,1.0,0.07575757575757591,,0.0,0.0,0.0
v1.0,v1.0,v1.0,S2_hp_cap_peak,D_oracle,P_alpha0.60,21,0.9242424242424241,1.0,0.07575757575757591,,0.0,0.0,0.0
v1.0,v1.0,v1.0,S2_hp_cap_peak,D_oracle,P_alpha0.60,22,0.9242424242424241,1.0,0.07575757575757591,,0.0,0.0,0.0
v1.0,v1.0,v1.0,S2_hp_cap_peak,D_oracle,P_alpha0.60,23,0.9242424242424241,1.0,0.07575757575757591,,0.0,0.0,0.0
v1.0,v1.0,v1.0,S2_hp_cap_peak,D_oracle,P_alpha0.60,24,0.9242424242424241,1.0,0.07575757575757591,,0.0,0.0,0.0
v1.0,v1.0,v1.0,S2_hp_cap_peak,D_oracle,P_alpha0.60,25,0.9242424242424241,1.0,0.07575757575757591,,0.0,0.0,0.0
v1.0,v1.0,v1.0,S2_hp_cap_peak,D_oracle,P_alpha0.60,26,0.9242424242424241,1.0,0.07575757575757591,,0.0,0.0,0.0
v1.0,v1.0,v1.0,S2_hp_cap_peak,D_oracle,P_alpha0.60,27,0.9242424242424241,1.0,0.07575757575757591,,0.0,0.0,0.0
v1.0,v1.0,v1.0,S2_hp_cap_peak,D_oracle,P_alpha0.60,28,0.9242424242424241,1.0,0.07575757575757591,,0.0,0.0,0.0
v1.0,v1.0,v1.0,S2_hp_cap_peak,D_oracle,P_alpha0.60,29,0.9242424242424241,1.0,0.07575757575757591,,0.0,0.0,0.0
v1.0,v1.0,v1.0,S2_hp_cap_peak,D_oracle,P_alpha0.60,30,0.9242424242424241,1.0,0.07575757575757591,,0.0,0.0,0.0
v1.0,v1.0,v1.0,S2_hp_cap_peak,D_oracle,P_alpha0.60,31,0.9242424242424241,1.0,0.07575757575757591,,0.0,0.0,0.0
v1.0,v1.0,v1.0,S2_hp_cap_peak,D_oracle,P_alpha0.60,32,0.9242424242424241,1.0,0.07575757575757591,,0.0,0.0,0.0
v1.0,v1.0,v1.0,S2_hp_cap_peak,D_oracle,P_alpha0.60,33,0.9242424242424241,1.0,0.07575757575757591,,0.0,0.0,0.0
v1.0,v1.0,v1.0,S2_hp_cap_peak,D_oracle,P_alpha0.60,34,0.9242424242424241,1.0,0.07575757575757591,,0.0,0.0,0.0
v1.0,v1.0,v1.0,S2_hp_cap_peak,D_oracle,P_alpha0.60,35,0.9242424242424241,1.0,0.07575757575757591,,0.0,0.0,0.0
v1.0,v1.0,v1.0,S2_hp_cap_peak,D_oracle,P_alpha0.60,36,0.9242424242424241,1.0,0.07575757575757591,,0.0,0.0,0.0
v1.0,v1.0,v1.0,S2_hp_cap_peak,D_oracle,P_alpha0.60,37,0.9242424242424241,1.0,0.07575757575757591,,0.0,0.0,0.0
v1.0,v1.0,v1.0,S2_hp_cap_peak,D_oracle,P_alpha0.60,38,0.9242424242424241,1.0,0.07575757575757591,,0.0,0.0,0.0
v1.0,v1.0,v1.0,S2_hp_cap_peak,D_oracle,P_alpha0.60,39,0.9242424242424241,1.0,0.07575757575757591,,0.0,0.0,0.0
v1.0,v1.0,v1.0,S2_hp_cap_peak,D_oracle,P_alpha0.75,0,0.9242424242424241,1.0,0.07575757575757591,,0.0,0.0,0.0
v1.0,v1.0,v1.0,S2_hp_cap_peak,D_oracle,P_alpha0.75,1,0.9242424242424241,1.0,0.07575757575757591,,0.0,0.0,0.0
v1.0,v1.0,v1.0,S2_hp_cap_peak,D_oracle,P_alpha0.75,2,0.9242424242424241,1.0,0.07575757575757591,,0.0,0.0,0.0
v1.0,v1.0,v1.0,S2_hp_cap_peak,D_oracle,P_alpha0.75,3,0.9242424242424241,1.0,0.07575757575757591,,0.0,0.0,0.0
v1.0,v1.0,v1.0,S2_hp_cap_peak,D_oracle,P_alpha0.75,4,0.9242424242424241,1.0,0.07575757575757591,,0.0,0.0,0.0
v1.0,v1.0,v1.0,S2_hp_cap_peak,D_oracle,P_alpha0.75,5,0.9242424242424241,1.0,0.07575757575757591,,0.0,0.0,0.0
v1.0,v1.0,v1.0,S2_hp_cap_peak,D_oracle,P_alpha0.75,6,0.9242424242424241,1.0,0.07575757575757591,,0.0,0.0,0.0
v1.0,v1.0,v1.0,S2_hp_cap_peak,D_oracle,P_alpha0.75,7,0.9242424242424241,1.0,0.07575757575757591,,0.0,0.0,0.0
v1.0,v1.0,v1.0,S2_hp_cap_peak,D_oracle,P_alpha0.75,8,0.9242424242424241,1.0,0.07575757575757591,,0.0,0.0,0.0
v1.0,v1.0,v1.0,S2_hp_cap_peak,D_oracle,P_alpha0.75,9,0.9242424242424241,1.0,0.07575757575757591,,0.0,0.0,0.0
v1.0,v1.0,v1.0,S2_hp_cap_peak,D_oracle,P_alpha0.75,10,0.9242424242424241,1.0,0.07575757575757591,,0.0,0.0,0.0
v1.0,v1.0,v1.0,S2_hp_cap_peak,D_oracle,P_alpha0.75,11,0.9242424242424241,1.0,0.07575757575757591,,0.0,0.0,0.0
v1.0,v1.0,v1.0,S2_hp_cap_peak,D_oracle,P_alpha0.75,12,0.9242424242424241,1.0,0.07575757575757591,,0.0,0.0,0.0
v1.0,v1.0,v1.0,S2_hp_cap_peak,D_oracle,P_alpha0.75,13,0.9242424242424241,1.0,0.07575757575757591,,0.0,0.0,0.0
v1.0,v1.0,v1.0,S2_hp_cap_peak,D_oracle,P_alpha0.75,14,0.9242424242424241,1.0,0.07575757575757591,,0.0,0.0,0.0
v1.0,v1.0,v1.0,S2_hp_cap_peak,D_oracle,P_alpha0.75,15,0.9242424242424241,1.0,0.07575757575757591,,0.0,0.0,0.0
v1.0,v1.0,v1.0,S2_hp_cap_peak,D_oracle,P_alpha0.75,16,0.9242424242424241,1.0,0.07575757575757591,,0.0,0.0,0.0
v1.0,v1.0,v1.0,S2_hp_cap_peak,D_oracle,P_alpha0.75,17,0.9242424242424241,1.0,0.07575757575757591,,0.0,0.0,0.0
v1.0,v1.0,v1.0,S2_hp_cap_peak,D_oracle,P_alpha0.75,18,0.9242424242424241,1.0,0.07575757575757591,,0.0,0.0,0.0
v1.0,v1.0,v1.0,S2_hp_cap_peak,D_oracle,P_alpha0.75,19,0.9242424242424241,1.0,0.07575757575757591,,0.0,0.0,0.0
v1.0,v1.0,v1.0,S2_hp_cap_peak,D_oracle,P_alpha0.75,20,0.9242424242424241,1.0,0.07575757575757591,,0.0,0.0,0.0
v1.0,v1.0,v1.0,S2_hp_cap_peak,D_oracle,P_alpha0.75,21,0.9242424242424241,1.0,0.07575757575757591,,0.0,0.0,0.0
v1.0,v1.0,v1.0,S2_hp_cap_peak,D_oracle,P_alpha0.75,22,0.9242424242424241,1.0,0.07575757575757591,,0.0,0.0,0.0
v1.0,v1.0,v1.0,S2_hp_cap_peak,D_oracle,P_alpha0.75,23,0.9242424242424241,1.0,0.07575757575757591,,0.0,0.0,0.0
v1.0,v1.0,v1.0,S2_hp_cap_peak,D_oracle,P_alpha0.75,24,0.9242424242424241,1.0,0.07575757575757591,,0.0,0.0,0.0
v1.0,v1.0,v1.0,S2_hp_cap_peak,D_oracle,P_alpha0.75,25,0.9242424242424241,1.0,0.07575757575757591,,0.0,0.0,0.0
v1.0,v1.0,v1.0,S2_hp_cap_peak,D_oracle,P_alpha0.75,26,0.9242424242424241,1.0,0.07575757575757591,,0.0,0.0,0.0
v1.0,v1.0,v1.0,S2_hp_cap_peak,D_oracle,P_alpha0.75,27,0.9242424242424241,1.0,0.07575757575757591,,0.0,0.0,0.0
v1.0,v1.0,v1.0,S2_hp_cap_peak,D_oracle,P_alpha0.75,28,0.9242424242424241,1.0,0.07575757575757591,,0.0,0.0,0.0
v1.0,v1.0,v1.0,S2_hp_cap_peak,D_oracle,P_alpha0.75,29,0.9242424242424241,1.0,0.07575757575757591,,0.0,0.0,0.0
v1.0,v1.0,v1.0,S2_hp_cap_peak,D_oracle,P_alpha0.75,30,0.9242424242424241,1.0,0.07575757575757591,,0.0,0.0,0.0
v1.0,v1.0,v1.0,S2_hp_cap_peak,D_oracle,P_alpha0.75,31,0.9242424242424241,1.0,0.07575757575757591,,0.0,0.0,0.0
v1.0,v1.0,v1.0,S2_hp_cap_peak,D_oracle,P_alpha0.75,32,0.9242424242424241,1.0,0.07575757575757591,,0.0,0.0,0.0
v1.0,v1.0,v1.0,S2_hp_cap_peak,D_oracle,P_alpha0.75,33,0.9242424242424241,1.0,0.07575757575757591,,0.0,0.0,0.0
v1.0,v1.0,v1.0,S2_hp_cap_peak,D_oracle,P_alpha0.75,34,0.9242424242424241,1.0,0.07575757575757591,,0.0,0.0,0.0
v1.0,v1.0,v1.0,S2_hp_cap_peak,D_oracle,P_alpha0.75,35,0.9242424242424241,1.0,0.07575757575757591,,0.0,0.0,0.0
v1.0,v1.0,v1.0,S2_hp_cap_peak,D_oracle,P_alpha0.75,36,0.9242424242424241,1.0,0.07575757575757591,,0.0,0.0,0.0
v1.0,v1.0,v1.0,S2_hp_cap_peak,D_oracle,P_alpha0.75,37,0.9242424242424241,1.0,0.07575757575757591,,0.0,0.0,0.0
v1.0,v1.0,v1.0,S2_hp_cap_peak,D_oracle,P_alpha0.75,38,0.9242424242424241,1.0,0.07575757575757591,,0.0,0.0,0.0
v1.0,v1.0,v1.0,S2_hp_cap_peak,D_oracle,P_alpha0.75,39,0.9242424242424241,1.0,0.07575757575757591,,0.0,0.0,0.0
v1.0,v1.0,v1.0,S2_hp_cap_peak,D_oracle,P_alpha0.90,0,1.0,1.0,0.0,,0.0,0.0,0.0
v1.0,v1.0,v1.0,S2_hp_cap_peak,D_oracle,P_alpha0.90,1,1.0,1.0,0.0,,0.0,0.0,0.0
v1.0,v1.0,v1.0,S2_hp_cap_peak,D_oracle,P_alpha0.90,2,1.0,1.0,0.0,,0.0,0.0,0.0
v1.0,v1.0,v1.0,S2_hp_cap_peak,D_oracle,P_alpha0.90,3,1.0,1.0,0.0,,0.0,0.0,0.0
v1.0,v1.0,v1.0,S2_hp_cap_peak,D_oracle,P_alpha0.90,4,1.0,1.0,0.0,,0.0,0.0,0.0
v1.0,v1.0,v1.0,S2_hp_cap_peak,D_oracle,P_alpha0.90,5,1.0,1.0,0.0,,0.0,0.0,0.0
v1.0,v1.0,v1.0,S2_hp_cap_peak,D_oracle,P_alpha0.90,6,1.0,1.0,0.0,,0.0,0.0,0.0
v1.0,v1.0,v1.0,S2_hp_cap_peak,D_oracle,P_alpha0.90,7,1.0,1.0,0.0,,0.0,0.0,0.0
v1.0,v1.0,v1.0,S2_hp_cap_peak,D_oracle,P_alpha0.90,8,1.0,1.0,0.0,,0.0,0.0,0.0
v1.0,v1.0,v1.0,S2_hp_cap_peak,D_oracle,P_alpha0.90,9,1.0,1.0,0.0,,0.0,0.0,0.0
v1.0,v1.0,v1.0,S2_hp_cap_peak,D_oracle,P_alpha0.90,10,1.0,1.0,0.0,,0.0,0.0,0.0
v1.0,v1.0,v1.0,S2_hp_cap_peak,D_oracle,P_alpha0.90,11,1.0,1.0,0.0,,0.0,0.0,0.0
v1.0,v1.0,v1.0,S2_hp_cap_peak,D_oracle,P_alpha0.90,12,1.0,1.0,0.0,,0.0,0.0,0.0
v1.0,v1.0,v1.0,S2_hp_cap_peak,D_oracle,P_alpha0.90,13,1.0,1.0,0.0,,0.0,0.0,0.0
v1.0,v1.0,v1.0,S2_hp_cap_peak,D_oracle,P_alpha0.90,14,1.0,1.0,0.0,,0.0,0.0,0.0
v1.0,v1.0,v1.0,S2_hp_cap_peak,D_oracle,P_alpha0.90,15,1.0,1.0,0.0,,0.0,0.0,0.0
v1.0,v1.0,v1.0,S2_hp_cap_peak,D_oracle,P_alpha0.90,16,1.0,1.0,0.0,,0.0,0.0,0.0
v1.0,v1.0,v1.0,S2_hp_cap_peak,D_oracle,P_alpha0.90,17,1.0,1.0,0.0,,0.0,0.0,0.0
v1.0,v1.0,v1.0,S2_hp_cap_peak,D_oracle,P_alpha0.90,18,1.0,1.0,0.0,,0.0,0.0,0.0
v1.0,v1.0,v1.0,S2_hp_cap_peak,D_oracle,P_alpha0.90,19,1.0,1.0,0.0,,0.0,0.0,0.0
v1.0,v1.0,v1.0,S2_hp_cap_peak,D_oracle,P_alpha0.90,20,1.0,1.0,0.0,,0.0,0.0,0.0
v1.0,v1.0,v1.0,S2_hp_cap_peak,D_oracle,P_alpha0.90,21,1.0,1.0,0.0,,0.0,0.0,0.0
v1.0,v1.0,v1.0,S2_hp_cap_peak,D_oracle,P_alpha0.90,22,1.0,1.0,0.0,,0.0,0.0,0.0
v1.0,v1.0,v1.0,S2_hp_cap_peak,D_oracle,P_alpha0.90,23,1.0,1.0,0.0,,0.0,0.0,0.0
v1.0,v1.0,v1.0,S2_hp_cap_peak,D_oracle,P_alpha0.90,24,1.0,1.0,0.0,,0.0,0.0,0.0
v1.0,v1.0,v1.0,S2_hp_cap_peak,D_oracle,P_alpha0.90,25,1.0,1.0,0.0,,0.0,0.0,0.0
v1.0,v1.0,v1.0,S2_hp_cap_peak,D_oracle,P_alpha0.90,26,1.0,1.0,0.0,,0.0,0.0,0.0
v1.0,v1.0,v1.0,S2_hp_cap_peak,D_oracle,P_alpha0.90,27,1.0,1.0,0.0,,0.0,0.0,0.0
v1.0,v1.0,v1.0,S2_hp_cap_peak,D_oracle,P_alpha0.90,28,1.0,1.0,0.0,,0.0,0.0,0.0
v1.0,v1.0,v1.0,S2_hp_cap_peak,D_oracle,P_alpha0.90,29,1.0,1.0,0.0,,0.0,0.0,0.0
v1.0,v1.0,v1.0,S2_hp_cap_peak,D_oracle,P_alpha0.90,30,1.0,1.0,0.0,,0.0,0.0,0.0
v1.0,v1.0,v1.0,S2_hp_cap_peak,D_oracle,P_alpha0.90,31,1.0,1.0,0.0,,0.0,0.0,0.0
v1.0,v1.0,v1.0,S2_hp_cap_peak,D_oracle,P_alpha0.90,32,1.0,1.0,0.0,,0.0,0.0,0.0
v1.0,v1.0,v1.0,S2_hp_cap_peak,D_oracle,P_alpha0.90,33,1.0,1.0,0.0,,0.0,0.0,0.0
v1.0,v1.0,v1.0,S2_hp_cap_peak,D_oracle,P_alpha0.90,34,1.0,1.0,0.0,,0.0,0.0,0.0
v1.0,v1.0,v1.0,S2_hp_cap_peak,D_oracle,P_alpha0.90,35,1.0,1.0,0.0,,0.0,0.0,0.0
v1.0,v1.0,v1.0,S2_hp_cap_peak,D_oracle,P_alpha0.90,36,1.0,1.0,0.0,,0.0,0.0,0.0
v1.0,v1.0,v1.0,S2_hp_cap_peak,D_oracle,P_alpha0.90,37,1.0,1.0,0.0,,0.0,0.0,0.0
v1.0,v1.0,v1.0,S2_hp_cap_peak,D_oracle,P_alpha0.90,38,1.0,1.0,0.0,,0.0,0.0,0.0
v1.0,v1.0,v1.0,S2_hp_cap_peak,D_oracle,P_alpha0.90,39,1.0,1.0,0.0,,0.0,0.0,0.0
v1.0,v1.0,v1.0,S2_hp_cap_peak,D_oracle,P_alpha1.00,0,1.0,0.9453124999999993,0.0656250000000008,,0.0,0.0,0.0
v1.0,v1.0,v1.0,S2_hp_cap_peak,D_oracle,P_alpha1.00,1,1.0,0.9453124999999993,0.0656250000000008,,0.0,0.0,0.0
v1.0,v1.0,v1.0,S2_hp_cap_peak,D_oracle,P_alpha1.00,2,1.0,0.9453124999999993,0.0656250000000008,,0.0,0.0,0.0
v1.0,v1.0,v1.0,S2_hp_cap_peak,D_oracle,P_alpha1.00,3,1.0,0.9453124999999993,0.0656250000000008,,0.0,0.0,0.0
v1.0,v1.0,v1.0,S2_hp_cap_peak,D_oracle,P_alpha1.00,4,1.0,0.9453124999999993,0.0656250000000008,,0.0,0.0,0.0
v1.0,v1.0,v1.0,S2_hp_cap_peak,D_oracle,P_alpha1.00,5,1.0,0.9453124999999993,0.0656250000000008,,0.0,0.0,0.0
v1.0,v1.0,v1.0,S2_hp_cap_peak,D_oracle,P_alpha1.00,6,1.0,0.9453124999999993,0.0656250000000008,,0.0,0.0,0.0
v1.0,v1.0,v1.0,S2_hp_cap_peak,D_oracle,P_alpha1.00,7,1.0,0.9453124999999993,0.0656250000000008,,0.0,0.0,0.0
v1.0,v1.0,v1.0,S2_hp_cap_peak,D_oracle,P_alpha1.00,8,1.0,0.9453124999999993,0.0656250000000008,,0.0,0.0,0.0
v1.0,v1.0,v1.0,S2_hp_cap_peak,D_oracle,P_alpha1.00,9,1.0,0.9453124999999993,0.0656250000000008,,0.0,0.0,0.0
v1.0,v1.0,v1.0,S2_hp_cap_peak,D_oracle,P_alpha1.00,10,1.0,0.9453124999999993,0.0656250000000008,,0.0,0.0,0.0
v1.0,v1.0,v1.0,S2_hp_cap_peak,D_oracle,P_alpha1.00,11,1.0,0.9453124999999993,0.0656250000000008,,0.0,0.0,0.0
v1.0,v1.0,v1.0,S2_hp_cap_peak,D_oracle,P_alpha1.00,12,1.0,0.9453124999999993,0.0656250000000008,,0.0,0.0,0.0
v1.0,v1.0,v1.0,S2_hp_cap_peak,D_oracle,P_alpha1.00,13,1.0,0.9453124999999993,0.0656250000000008,,0.0,0.0,0.0
v1.0,v1.0,v1.0,S2_hp_cap_peak,D_oracle,P_alpha1.00,14,1.0,0.9453124999999993,0.0656250000000008,,0.0,0.0,0.0
v1.0,v1.0,v1.0,S2_hp_cap_peak,D_oracle,P_alpha1.00,15,1.0,0.9453124999999993,0.0656250000000008,,0.0,0.0,0.0
v1.0,v1.0,v1.0,S2_hp_cap_peak,D_oracle,P_alpha1.00,16,1.0,0.9453124999999993,0.0656250000000008,,0.0,0.0,0.0
v1.0,v1.0,v1.0,S2_hp_cap_peak,D_oracle,P_alpha1.00,17,1.0,0.9453124999999993,0.0656250000000008,,0.0,0.0,0.0
v1.0,v1.0,v1.0,S2_hp_cap_peak,D_oracle,P_alpha1.00,18,1.0,0.9453124999999993,0.0656250000000008,,0.0,0.0,0.0
v1.0,v1.0,v1.0,S2_hp_cap_peak,D_oracle,P_alpha1.00,19,1.0,0.9453124999999993,0.0656250000000008,,0.0,0.0,0.0
v1.0,v1.0,v1.0,S2_hp_cap_peak,D_oracle,P_alpha1.00,20,1.0,0.9453124999999993,0.0656250000000008,,0.0,0.0,0.0
v1.0,v1.0,v1.0,S2_hp_cap_peak,D_oracle,P_alpha1.00,21,1.0,0.9453124999999993,0.0656250000000008,,0.0,0.0,0.0
v1.0,v1.0,v1.0,S2_hp_cap_peak,D_oracle,P_alpha1.00,22,1.0,0.9453124999999993,0.0656250000000008,,0.0,0.0,0.0
v1.0,v1.0,v1.0,S2_hp_cap_peak,D_oracle,P_alpha1.00,23,1.0,0.9453124999999993,0.0656250000000008,,0.0,0.0,0.0
v1.0,v1.0,v1.0,S2_hp_cap_peak,D_oracle,P_alpha1.00,24,1.0,0.9453124999999993,0.0656250000000008,,0.0,0.0,0.0
v1.0,v1.0,v1.0,S2_hp_cap_peak,D_oracle,P_alpha1.00,25,1.0,0.9453124999999993,0.0656250000000008,,0.0,0.0,0.0
v1.0,v1.0,v1.0,S2_hp_cap_peak,D_oracle,P_alpha1.00,26,1.0,0.9453124999999993,0.0656250000000008,,0.0,0.0,0.0
v1.0,v1.0,v1.0,S2_hp_cap_peak,D_oracle,P_alpha1.00,27,1.0,0.9453124999999993,0.0656250000000008,,0.0,0.0,0.0
v1.0,v1.0,v1.0,S2_hp_cap_peak,D_oracle,P_alpha1.00,28,1.0,0.9453124999999993,0.0656250000000008,,0.0,0.0,0.0
v1.0,v1.0,v1.0,S2_hp_cap_peak,D_oracle,P_alpha1.00,29,1.0,0.9453124999999993,0.0656250000000008,,0.0,0.0,0.0
v1.0,v1.0,v1.0,S2_hp_cap_peak,D_oracle,P_alpha1.00,30,1.0,0.9453124999999993,0.0656250000000008,,0.0,0.0,0.0
v1.0,v1.0,v1.0,S2_hp_cap_peak,D_oracle,P_alpha1.00,31,1.0,0.9453124999999993,0.0656250000000008,,0.0,0.0,0.0
v1.0,v1.0,v1.0,S2_hp_cap_peak,D_oracle,P_alpha1.00,32,1.0,0.9453124999999993,0.0656250000000008,,0.0,0.0,0.0
v1.0,v1.0,v1.0,S2_hp_cap_peak,D_oracle,P_alpha1.00,33,1.0,0.9453124999999993,0.0656250000000008,,0.0,0.0,0.0
v1.0,v1.0,v1.0,S2_hp_cap_peak,D_oracle,P_alpha1.00,34,1.0,0.9453124999999993,0.0656250000000008,,0.0,0.0,0.0
v1.0,v1.0,v1.0,S2_hp_cap_peak,D_oracle,P_alpha1.00,35,1.0,0.9453124999999993,0.0656250000000008,,0.0,0.0,0.0
v1.0,v1.0,v1.0,S2_hp_cap_peak,D_oracle,P_alpha1.00,36,1.0,0.9453124999999993,0.0656250000000008,,0.0,0.0,0.0
v1.0,v1.0,v1.0,S2_hp_cap_peak,D_oracle,P_alpha1.00,37,1.0,0.9453124999999993,0.0656250000000008,,0.0,0.0,0.0
v1.0,v1.0,v1.0,S2_hp_cap_peak,D_oracle,P_alpha1.00,38,1.0,0.9453124999999993,0.0656250000000008,,0.0,0.0,0.0
v1.0,v1.0,v1.0,S2_hp_cap_peak,D_oracle,P_alpha1.00,39,1.0,0.9453124999999993,0.0656250000000008,,0.0,0.0,0.0
v1.0,v1.0,v1.0,S2_hp_cap_peak,D_oracle,P_availability_first,0,1.0,0.9453124999999993,0.0656250000000008,,0.0,0.0,0.0
v1.0,v1.0,v1.0,S2_hp_cap_peak,D_oracle,P_availability_first,1,1.0,0.9453124999999993,0.0656250000000008,,0.0,0.0,0.0
v1.0,v1.0,v1.0,S2_hp_cap_peak,D_oracle,P_availability_first,2,1.0,0.9453124999999993,0.0656250000000008,,0.0,0.0,0.0
v1.0,v1.0,v1.0,S2_hp_cap_peak,D_oracle,P_availability_first,3,1.0,0.9453124999999993,0.0656250000000008,,0.0,0.0,0.0
v1.0,v1.0,v1.0,S2_hp_cap_peak,D_oracle,P_availability_first,4,1.0,0.9453124999999993,0.0656250000000008,,0.0,0.0,0.0
v1.0,v1.0,v1.0,S2_hp_cap_peak,D_oracle,P_availability_first,5,1.0,0.9453124999999993,0.0656250000000008,,0.0,0.0,0.0
v1.0,v1.0,v1.0,S2_hp_cap_peak,D_oracle,P_availability_first,6,1.0,0.9453124999999993,0.0656250000000008,,0.0,0.0,0.0
v1.0,v1.0,v1.0,S2_hp_cap_peak,D_oracle,P_availability_first,7,1.0,0.9453124999999993,0.0656250000000008,,0.0,0.0,0.0
v1.0,v1.0,v1.0,S2_hp_cap_peak,D_oracle,P_availability_first,8,1.0,0.9453124999999993,0.0656250000000008,,0.0,0.0,0.0
v1.0,v1.0,v1.0,S2_hp_cap_peak,D_oracle,P_availability_first,9,1.0,0.9453124999999993,0.0656250000000008,,0.0,0.0,0.0
v1.0,v1.0,v1.0,S2_hp_cap_peak,D_oracle,P_availability_first,10,1.0,0.9453124999999993,0.0656250000000008,,0.0,0.0,0.0
v1.0,v1.0,v1.0,S2_hp_cap_peak,D_oracle,P_availability_first,11,1.0,0.9453124999999993,0.0656250000000008,,0.0,0.0,0.0
v1.0,v1.0,v1.0,S2_hp_cap_peak,D_oracle,P_availability_first,12,1.0,0.9453124999999993,0.0656250000000008,,0.0,0.0,0.0
v1.0,v1.0,v1.0,S2_hp_cap_peak,D_oracle,P_availability_first,13,1.0,0.9453124999999993,0.0656250000000008,,0.0,0.0,0.0
v1.0,v1.0,v1.0,S2_hp_cap_peak,D_oracle,P_availability_first,14,1.0,0.9453124999999993,0.0656250000000008,,0.0,0.0,0.0
v1.0,v1.0,v1.0,S2_hp_cap_peak,D_oracle,P_availability_first,15,1.0,0.9453124999999993,0.0656250000000008,,0.0,0.0,0.0
v1.0,v1.0,v1.0,S2_hp_cap_peak,D_oracle,P_availability_first,16,1.0,0.9453124999999993,0.0656250000000008,,0.0,0.0,0.0
v1.0,v1.0,v1.0,S2_hp_cap_peak,D_oracle,P_availability_first,17,1.0,0.9453124999999993,0.0656250000000008,,0.0,0.0,0.0
v1.0,v1.0,v1.0,S2_hp_cap_peak,D_oracle,P_availability_first,18,1.0,0.9453124999999993,0.0656250000000008,,0.0,0.0,0.0
v1.0,v1.0,v1.0,S2_hp_cap_peak,D_oracle,P_availability_first,19,1.0,0.9453124999999993,0.0656250000000008,,0.0,0.0,0.0
v1.0,v1.0,v1.0,S2_hp_cap_peak,D_oracle,P_availability_first,20,1.0,0.9453124999999993,0.0656250000000008,,0.0,0.0,0.0
v1.0,v1.0,v1.0,S2_hp_cap_peak,D_oracle,P_availability_first,21,1.0,0.9453124999999993,0.0656250000000008,,0.0,0.0,0.0
v1.0,v1.0,v1.0,S2_hp_cap_peak,D_oracle,P_availability_first,22,1.0,0.9453124999999993,0.0656250000000008,,0.0,0.0,0.0
v1.0,v1.0,v1.0,S2_hp_cap_peak,D_oracle,P_availability_first,23,1.0,0.9453124999999993,0.0656250000000008,,0.0,0.0,0.0
v1.0,v1.0,v1.0,S2_hp_cap_peak,D_oracle,P_availability_first,24,1.0,0.9453124999999993,0.0656250000000008,,0.0,0.0,0.0
v1.0,v1.0,v1.0,S2_hp_cap_peak,D_oracle,P_availability_first,25,1.0,0.9453124999999993,0.0656250000000008,,0.0,0.0,0.0
v1.0,v1.0,v1.0,S2_hp_cap_peak,D_oracle,P_availability_first,26,1.0,0.9453124999999993,0.0656250000000008,,0.0,0.0,0.0
v1.0,v1.0,v1.0,S2_hp_cap_peak,D_oracle,P_availability_first,27,1.0,0.9453124999999993,0.0656250000000008,,0.0,0.0,0.0
v1.0,v1.0,v1.0,S2_hp_cap_peak,D_oracle,P_availability_first,28,1.0,0.9453124999999993,0.0656250000000008,,0.0,0.0,0.0
v1.0,v1.0,v1.0,S2_hp_cap_peak,D_oracle,P_availability_first,29,1.0,0.9453124999999993,0.0656250000000008,,0.0,0.0,0.0
v1.0,v1.0,v1.0,S2_hp_cap_peak,D_oracle,P_availability_first,30,1.0,0.9453124999999993,0.0656250000000008,,0.0,0.0,0.0
v1.0,v1.0,v1.0,S2_hp_cap_peak,D_oracle,P_availability_first,31,1.0,0.9453124999999993,0.0656250000000008,,0.0,0.0,0.0
v1.0,v1.0,v1.0,S2_hp_cap_peak,D_oracle,P_availability_first,32,1.0,0.9453124999999993,0.0656250000000008,,0.0,0.0,0.0
v1.0,v1.0,v1.0,S2_hp_cap_peak,D_oracle,P_availability_first,33,1.0,0.9453124999999993,0.0656250000000008,,0.0,0.0,0.0
v1.0,v1.0,v1.0,S2_hp_cap_peak,D_oracle,P_availability_first,34,1.0,0.9453124999999993,0.0656250000000008,,0.0,0.0,0.0
v1.0,v1.0,v1.0,S2_hp_cap_peak,D_oracle,P_availability_first,35,1.0,0.9453124999999993,0.0656250000000008,,0.0,0.0,0.0
v1.0,v1.0,v1.0,S2_hp_cap_peak,D_oracle,P_availability_first,36,1.0,0.9453124999999993,0.0656250000000008,,0.0,0.0,0.0
v1.0,v1.0,v1.0,S2_hp_cap_peak,D_oracle,P_availability_first,37,1.0,0.9453124999999993,0.0656250000000008,,0.0,0.0,0.0
v1.0,v1.0,v1.0,S2_hp_cap_peak,D_oracle,P_availability_first,38,1.0,0.9453124999999993,0.0656250000000008,,0.0,0.0,0.0
v1.0,v1.0,v1.0,S2_hp_cap_peak,D_oracle,P_availability_first,39,1.0,0.9453124999999993,0.0656250000000008,,0.0,0.0,0.0
v1.0,v1.0,v1.0,S2_hp_cap_peak,D_oracle,P_heat_first,0,0.9242424242424241,1.0,0.07575757575757591,,0.0,0.0,0.0
v1.0,v1.0,v1.0,S2_hp_cap_peak,D_oracle,P_heat_first,1,0.9242424242424241,1.0,0.07575757575757591,,0.0,0.0,0.0
v1.0,v1.0,v1.0,S2_hp_cap_peak,D_oracle,P_heat_first,2,0.9242424242424241,1.0,0.07575757575757591,,0.0,0.0,0.0
v1.0,v1.0,v1.0,S2_hp_cap_peak,D_oracle,P_heat_first,3,0.9242424242424241,1.0,0.07575757575757591,,0.0,0.0,0.0
v1.0,v1.0,v1.0,S2_hp_cap_peak,D_oracle,P_heat_first,4,0.9242424242424241,1.0,0.07575757575757591,,0.0,0.0,0.0
v1.0,v1.0,v1.0,S2_hp_cap_peak,D_oracle,P_heat_first,5,0.9242424242424241,1.0,0.07575757575757591,,0.0,0.0,0.0
v1.0,v1.0,v1.0,S2_hp_cap_peak,D_oracle,P_heat_first,6,0.9242424242424241,1.0,0.07575757575757591,,0.0,0.0,0.0
v1.0,v1.0,v1.0,S2_hp_cap_peak,D_oracle,P_heat_first,7,0.9242424242424241,1.0,0.07575757575757591,,0.0,0.0,0.0
v1.0,v1.0,v1.0,S2_hp_cap_peak,D_oracle,P_heat_first,8,0.9242424242424241,1.0,0.07575757575757591,,0.0,0.0,0.0
v1.0,v1.0,v1.0,S2_hp_cap_peak,D_oracle,P_heat_first,9,0.9242424242424241,1.0,0.07575757575757591,,0.0,0.0,0.0
v1.0,v1.0,v1.0,S2_hp_cap_peak,D_oracle,P_heat_first,10,0.9242424242424241,1.0,0.07575757575757591,,0.0,0.0,0.0
v1.0,v1.0,v1.0,S2_hp_cap_peak,D_oracle,P_heat_first,11,0.9242424242424241,1.0,0.07575757575757591,,0.0,0.0,0.0
v1.0,v1.0,v1.0,S2_hp_cap_peak,D_oracle,P_heat_first,12,0.9242424242424241,1.0,0.07575757575757591,,0.0,0.0,0.0
v1.0,v1.0,v1.0,S2_hp_cap_peak,D_oracle,P_heat_first,13,0.9242424242424241,1.0,0.07575757575757591,,0.0,0.0,0.0
v1.0,v1.0,v1.0,S2_hp_cap_peak,D_oracle,P_heat_first,14,0.9242424242424241,1.0,0.07575757575757591,,0.0,0.0,0.0
v1.0,v1.0,v1.0,S2_hp_cap_peak,D_oracle,P_heat_first,15,0.9242424242424241,1.0,0.07575757575757591,,0.0,0.0,0.0
v1.0,v1.0,v1.0,S2_hp_cap_peak,D_oracle,P_heat_first,16,0.9242424242424241,1.0,0.07575757575757591,,0.0,0.0,0.0
v1.0,v1.0,v1.0,S2_hp_cap_peak,D_oracle,P_heat_first,17,0.9242424242424241,1.0,0.07575757575757591,,0.0,0.0,0.0
v1.0,v1.0,v1.0,S2_hp_cap_peak,D_oracle,P_heat_first,18,0.9242424242424241,1.0,0.07575757575757591,,0.0,0.0,0.0
v1.0,v1.0,v1.0,S2_hp_cap_peak,D_oracle,P_heat_first,19,0.9242424242424241,1.0,0.07575757575757591,,0.0,0.0,0.0
v1.0,v1.0,v1.0,S2_hp_cap_peak,D_oracle,P_heat_first,20,0.9242424242424241,1.0,0.07575757575757591,,0.0,0.0,0.0
v1.0,v1.0,v1.0,S2_hp_cap_peak,D_oracle,P_heat_first,21,0.9242424242424241,1.0,0.07575757575757591,,0.0,0.0,0.0
v1.0,v1.0,v1.0,S2_hp_cap_peak,D_oracle,P_heat_first,22,0.9242424242424241,1.0,0.07575757575757591,,0.0,0.0,0.0
v1.0,v1.0,v1.0,S2_hp_cap_peak,D_oracle,P_heat_first,23,0.9242424242424241,1.0,0.07575757575757591,,0.0,0.0,0.0
v1.0,v1.0,v1.0,S2_hp_cap_peak,D_oracle,P_heat_first,24,0.9242424242424241,1.0,0.07575757575757591,,0.0,0.0,0.0
v1.0,v1.0,v1.0,S2_hp_cap_peak,D_oracle,P_heat_first,25,0.9242424242424241,1.0,0.07575757575757591,,0.0,0.0,0.0
v1.0,v1.0,v1.0,S2_hp_cap_peak,D_oracle,P_heat_first,26,0.9242424242424241,1.0,0.07575757575757591,,0.0,0.0,0.0
v1.0,v1.0,v1.0,S2_hp_cap_peak,D_oracle,P_heat_first,27,0.9242424242424241,1.0,0.07575757575757591,,0.0,0.0,0.0
v1.0,v1.0,v1.0,S2_hp_cap_peak,D_oracle,P_heat_first,28,0.9242424242424241,1.0,0.07575757575757591,,0.0,0.0,0.0
v1.0,v1.0,v1.0,S2_hp_cap_peak,D_oracle,P_heat_first,29,0.9242424242424241,1.0,0.07575757575757591,,0.0,0.0,0.0
v1.0,v1.0,v1.0,S2_hp_cap_peak,D_oracle,P_heat_first,30,0.9242424242424241,1.0,0.07575757575757591,,0.0,0.0,0.0
v1.0,v1.0,v1.0,S2_hp_cap_peak,D_oracle,P_heat_first,31,0.9242424242424241,1.0,0.07575757575757591,,0.0,0.0,0.0
v1.0,v1.0,v1.0,S2_hp_cap_peak,D_oracle,P_heat_first,32,0.9242424242424241,1.0,0.07575757575757591,,0.0,0.0,0.0
v1.0,v1.0,v1.0,S2_hp_cap_peak,D_oracle,P_heat_first,33,0.9242424242424241,1.0,0.07575757575757591,,0.0,0.0,0.0
v1.0,v1.0,v1.0,S2_hp_cap_peak,D_oracle,P_heat_first,34,0.9242424242424241,1.0,0.07575757575757591,,0.0,0.0,0.0
v1.0,v1.0,v1.0,S2_hp_cap_peak,D_oracle,P_heat_first,35,0.9242424242424241,1.0,0.07575757575757591,,0.0,0.0,0.0
v1.0,v1.0,v1.0,S2_hp_cap_peak,D_oracle,P_heat_first,36,0.9242424242424241,1.0,0.07575757575757591,,0.0,0.0,0.0
v1.0,v1.0,v1.0,S2_hp_cap_peak,D_oracle,P_heat_first,37,0.9242424242424241,1.0,0.07575757575757591,,0.0,0.0,0.0
v1.0,v1.0,v1.0,S2_hp_cap_peak,D_oracle,P_heat_first,38,0.9242424242424241,1.0,0.07575757575757591,,0.0,0.0,0.0
v1.0,v1.0,v1.0,S2_hp_cap_peak,D_oracle,P_heat_first,39,0.9242424242424241,1.0,0.07575757575757591,,0.0,0.0,0.0
v1.0,v1.0,v1.0,S2_hp_cap_peak,D_oracle,P_balanced,0,0.9242424242424241,1.0,0.07575757575757591,,0.0,0.0,0.0
v1.0,v1.0,v1.0,S2_hp_cap_peak,D_oracle,P_balanced,1,0.9242424242424241,1.0,0.07575757575757591,,0.0,0.0,0.0
v1.0,v1.0,v1.0,S2_hp_cap_peak,D_oracle,P_balanced,2,0.9242424242424241,1.0,0.07575757575757591,,0.0,0.0,0.0
v1.0,v1.0,v1.0,S2_hp_cap_peak,D_oracle,P_balanced,3,0.9242424242424241,1.0,0.07575757575757591,,0.0,0.0,0.0
v1.0,v1.0,v1.0,S2_hp_cap_peak,D_oracle,P_balanced,4,0.9242424242424241,1.0,0.07575757575757591,,0.0,0.0,0.0
v1.0,v1.0,v1.0,S2_hp_cap_peak,D_oracle,P_balanced,5,0.9242424242424241,1.0,0.07575757575757591,,0.0,0.0,0.0
v1.0,v1.0,v1.0,S2_hp_cap_peak,D_oracle,P_balanced,6,0.9242424242424241,1.0,0.07575757575757591,,0.0,0.0,0.0
v1.0,v1.0,v1.0,S2_hp_cap_peak,D_oracle,P_balanced,7,0.9242424242424241,1.0,0.07575757575757591,,0.0,0.0,0.0
v1.0,v1.0,v1.0,S2_hp_cap_peak,D_oracle,P_balanced,8,0.9242424242424241,1.0,0.07575757575757591,,0.0,0.0,0.0
v1.0,v1.0,v1.0,S2_hp_cap_peak,D_oracle,P_balanced,9,0.9242424242424241,1.0,0.07575757575757591,,0.0,0.0,0.0
v1.0,v1.0,v1.0,S2_hp_cap_peak,D_oracle,P_balanced,10,0.9242424242424241,1.0,0.07575757575757591,,0.0,0.0,0.0
v1.0,v1.0,v1.0,S2_hp_cap_peak,D_oracle,P_balanced,11,0.9242424242424241,1.0,0.07575757575757591,,0.0,0.0,0.0
v1.0,v1.0,v1.0,S2_hp_cap_peak,D_oracle,P_balanced,12,0.9242424242424241,1.0,0.07575757575757591,,0.0,0.0,0.0
v1.0,v1.0,v1.0,S2_hp_cap_peak,D_oracle,P_balanced,13,0.9242424242424241,1.0,0.07575757575757591,,0.0,0.0,0.0
v1.0,v1.0,v1.0,S2_hp_cap_peak,D_oracle,P_balanced,14,0.9242424242424241,1.0,0.07575757575757591,,0.0,0.0,0.0
v1.0,v1.0,v1.0,S2_hp_cap_peak,D_oracle,P_balanced,15,0.9242424242424241,1.0,0.07575757575757591,,0.0,0.0,0.0
v1.0,v1.0,v1.0,S2_hp_cap_peak,D_oracle,P_balanced,16,0.9242424242424241,1.0,0.07575757575757591,,0.0,0.0,0.0
v1.0,v1.0,v1.0,S2_hp_cap_peak,D_oracle,P_balanced,17,0.9242424242424241,1.0,0.07575757575757591,,0.0,0.0,0.0
v1.0,v1.0,v1.0,S2_hp_cap_peak,D_oracle,P_balanced,18,0.9242424242424241,1.0,0.07575757575757591,,0.0,0.0,0.0
v1.0,v1.0,v1.0,S2_hp_cap_peak,D_oracle,P_balanced,19,0.9242424242424241,1.0,0.07575757575757591,,0.0,0.0,0.0
v1.0,v1.0,v1.0,S2_hp_cap_peak,D_oracle,P_balanced,20,0.9242424242424241,1.0,0.07575757575757591,,0.0,0.0,0.0
v1.0,v1.0,v1.0,S2_hp_cap_peak,D_oracle,P_balanced,21,0.9242424242424241,1.0,0.07575757575757591,,0.0,0.0,0.0
v1.0,v1.0,v1.0,S2_hp_cap_peak,D_oracle,P_balanced,22,0.9242424242424241,1.0,0.07575757575757591,,0.0,0.0,0.0
v1.0,v1.0,v1.0,S2_hp_cap_peak,D_oracle,P_balanced,23,0.9242424242424241,1.0,0.07575757575757591,,0.0,0.0,0.0
v1.0,v1.0,v1.0,S2_hp_cap_peak,D_oracle,P_balanced,24,0.9242424242424241,1.0,0.07575757575757591,,0.0,0.0,0.0
v1.0,v1.0,v1.0,S2_hp_cap_peak,D_oracle,P_balanced,25,0.9242424242424241,1.0,0.07575757575757591,,0.0,0.0,0.0
v1.0,v1.0,v1.0,S2_hp_cap_peak,D_oracle,P_balanced,26,0.9242424242424241,1.0,0.07575757575757591,,0.0,0.0,0.0
v1.0,v1.0,v1.0,S2_hp_cap_peak,D_oracle,P_balanced,27,0.9242424242424241,1.0,0.07575757575757591,,0.0,0.0,0.0
v1.0,v1.0,v1.0,S2_hp_cap_peak,D_oracle,P_balanced,28,0.9242424242424241,1.0,0.07575757575757591,,0.0,0.0,0.0
v1.0,v1.0,v1.0,S2_hp_cap_peak,D_oracle,P_balanced,29,0.9242424242424241,1.0,0.07575757575757591,,0.0,0.0,0.0
v1.0,v1.0,v1.0,S2_hp_cap_peak,D_oracle,P_balanced,30,0.9242424242424241,1.0,0.07575757575757591,,0.0,0.0,0.0
v1.0,v1.0,v1.0,S2_hp_cap_peak,D_oracle,P_balanced,31,0.9242424242424241,1.0,0.07575757575757591,,0.0,0.0,0.0
v1.0,v1.0,v1.0,S2_hp_cap_peak,D_oracle,P_balanced,32,0.9242424242424241,1.0,0.07575757575757591,,0.0,0.0,0.0
v1.0,v1.0,v1.0,S2_hp_cap_peak,D_oracle,P_balanced,33,0.9242424242424241,1.0,0.07575757575757591,,0.0,0.0,0.0
v1.0,v1.0,v1.0,S2_hp_cap_peak,D_oracle,P_balanced,34,0.9242424242424241,1.0,0.07575757575757591,,0.0,0.0,0.0
v1.0,v1.0,v1.0,S2_hp_cap_peak,D_oracle,P_balanced,35,0.9242424242424241,1.0,0.07575757575757591,,0.0,0.0,0.0
v1.0,v1.0,v1.0,S2_hp_cap_peak,D_oracle,P_balanced,36,0.9242424242424241,1.0,0.07575757575757591,,0.0,0.0,0.0
v1.0,v1.0,v1.0,S2_hp_cap_peak,D_oracle,P_balanced,37,0.9242424242424241,1.0,0.07575757575757591,,0.0,0.0,0.0
v1.0,v1.0,v1.0,S2_hp_cap_peak,D_oracle,P_balanced,38,0.9242424242424241,1.0,0.07575757575757591,,0.0,0.0,0.0
v1.0,v1.0,v1.0,S2_hp_cap_peak,D_oracle,P_balanced,39,0.9242424242424241,1.0,0.07575757575757591,,0.0,0.0,0.0
v1.0,v1.0,v1.0,S2_hp_cap_peak,D_oracle,P_no_containment,0,0.9242424242424241,1.0,0.07575757575757591,,0.0,0.0,0.0
v1.0,v1.0,v1.0,S2_hp_cap_peak,D_oracle,P_no_containment,1,0.9242424242424241,1.0,0.07575757575757591,,0.0,0.0,0.0
v1.0,v1.0,v1.0,S2_hp_cap_peak,D_oracle,P_no_containment,2,0.9242424242424241,1.0,0.07575757575757591,,0.0,0.0,0.0
v1.0,v1.0,v1.0,S2_hp_cap_peak,D_oracle,P_no_containment,3,0.9242424242424241,1.0,0.07575757575757591,,0.0,0.0,0.0
v1.0,v1.0,v1.0,S2_hp_cap_peak,D_oracle,P_no_containment,4,0.9242424242424241,1.0,0.07575757575757591,,0.0,0.0,0.0
v1.0,v1.0,v1.0,S2_hp_cap_peak,D_oracle,P_no_containment,5,0.9242424242424241,1.0,0.07575757575757591,,0.0,0.0,0.0
v1.0,v1.0,v1.0,S2_hp_cap_peak,D_oracle,P_no_containment,6,0.9242424242424241,1.0,0.07575757575757591,,0.0,0.0,0.0
v1.0,v1.0,v1.0,S2_hp_cap_peak,D_oracle,P_no_containment,7,0.9242424242424241,1.0,0.07575757575757591,,0.0,0.0,0.0
v1.0,v1.0,v1.0,S2_hp_cap_peak,D_oracle,P_no_containment,8,0.9242424242424241,1.0,0.07575757575757591,,0.0,0.0,0.0
v1.0,v1.0,v1.0,S2_hp_cap_peak,D_oracle,P_no_containment,9,0.9242424242424241,1.0,0.07575757575757591,,0.0,0.0,0.0
v1.0,v1.0,v1.0,S2_hp_cap_peak,D_oracle,P_no_containment,10,0.9242424242424241,1.0,0.07575757575757591,,0.0,0.0,0.0
v1.0,v1.0,v1.0,S2_hp_cap_peak,D_oracle,P_no_containment,11,0.9242424242424241,1.0,0.07575757575757591,,0.0,0.0,0.0
v1.0,v1.0,v1.0,S2_hp_cap_peak,D_oracle,P_no_containment,12,0.9242424242424241,1.0,0.07575757575757591,,0.0,0.0,0.0
v1.0,v1.0,v1.0,S2_hp_cap_peak,D_oracle,P_no_containment,13,0.9242424242424241,1.0,0.07575757575757591,,0.0,0.0,0.0
v1.0,v1.0,v1.0,S2_hp_cap_peak,D_oracle,P_no_containment,14,0.9242424242424241,1.0,0.07575757575757591,,0.0,0.0,0.0
v1.0,v1.0,v1.0,S2_hp_cap_peak,D_oracle,P_no_containment,15,0.9242424242424241,1.0,0.07575757575757591,,0.0,0.0,0.0
v1.0,v1.0,v1.0,S2_hp_cap_peak,D_oracle,P_no_containment,16,0.9242424242424241,1.0,0.07575757575757591,,0.0,0.0,0.0
v1.0,v1.0,v1.0,S2_hp_cap_peak,D_oracle,P_no_containment,17,0.9242424242424241,1.0,0.07575757575757591,,0.0,0.0,0.0
v1.0,v1.0,v1.0,S2_hp_cap_peak,D_oracle,P_no_containment,18,0.9242424242424241,1.0,0.07575757575757591,,0.0,0.0,0.0
v1.0,v1.0,v1.0,S2_hp_cap_peak,D_oracle,P_no_containment,19,0.9242424242424241,1.0,0.07575757575757591,,0.0,0.0,0.0
v1.0,v1.0,v1.0,S2_hp_cap_peak,D_oracle,P_no_containment,20,0.9242424242424241,1.0,0.07575757575757591,,0.0,0.0,0.0
v1.0,v1.0,v1.0,S2_hp_cap_peak,D_oracle,P_no_containment,21,0.9242424242424241,1.0,0.07575757575757591,,0.0,0.0,0.0
v1.0,v1.0,v1.0,S2_hp_cap_peak,D_oracle,P_no_containment,22,0.9242424242424241,1.0,0.07575757575757591,,0.0,0.0,0.0
v1.0,v1.0,v1.0,S2_hp_cap_peak,D_oracle,P_no_containment,23,0.9242424242424241,1.0,0.07575757575757591,,0.0,0.0,0.0
v1.0,v1.0,v1.0,S2_hp_cap_peak,D_oracle,P_no_containment,24,0.9242424242424241,1.0,0.07575757575757591,,0.0,0.0,0.0
v1.0,v1.0,v1.0,S2_hp_cap_peak,D_oracle,P_no_containment,25,0.9242424242424241,1.0,0.07575757575757591,,0.0,0.0,0.0
v1.0,v1.0,v1.0,S2_hp_cap_peak,D_oracle,P_no_containment,26,0.9242424242424241,1.0,0.07575757575757591,,0.0,0.0,0.0
v1.0,v1.0,v1.0,S2_hp_cap_peak,D_oracle,P_no_containment,27,0.9242424242424241,1.0,0.07575757575757591,,0.0,0.0,0.0
v1.0,v1.0,v1.0,S2_hp_cap_peak,D_oracle,P_no_containment,28,0.9242424242424241,1.0,0.07575757575757591,,0.0,0.0,0.0
v1.0,v1.0,v1.0,S2_hp_cap_peak,D_oracle,P_no_containment,29,0.9242424242424241,1.0,0.07575757575757591,,0.0,0.0,0.0
v1.0,v1.0,v1.0,S2_hp_cap_peak,D_oracle,P_no_containment,30,0.9242424242424241,1.0,0.07575757575757591,,0.0,0.0,0.0
v1.0,v1.0,v1.0,S2_hp_cap_peak,D_oracle,P_no_containment,31,0.9242424242424241,1.0,0.07575757575757591,,0.0,0.0,0.0
v1.0,v1.0,v1.0,S2_hp_cap_peak,D_oracle,P_no_containment,32,0.9242424242424241,1.0,0.07575757575757591,,0.0,0.0,0.0
v1.0,v1.0,v1.0,S2_hp_cap_peak,D_oracle,P_no_containment,33,0.9242424242424241,1.0,0.07575757575757591,,0.0,0.0,0.0
v1.0,v1.0,v1.0,S2_hp_cap_peak,D_oracle,P_no_containment,34,0.9242424242424241,1.0,0.07575757575757591,,0.0,0.0,0.0
v1.0,v1.0,v1.0,S2_hp_cap_peak,D_oracle,P_no_containment,35,0.9242424242424241,1.0,0.07575757575757591,,0.0,0.0,0.0
v1.0,v1.0,v1.0,S2_hp_cap_peak,D_oracle,P_no_containment,36,0.9242424242424241,1.0,0.07575757575757591,,0.0,0.0,0.0
v1.0,v1.0,v1.0,S2_hp_cap_peak,D_oracle,P_no_containment,37,0.9242424242424241,1.0,0.07575757575757591,,0.0,0.0,0.0
v1.0,v1.0,v1.0,S2_hp_cap_peak,D_oracle,P_no_containment,38,0.9242424242424241,1.0,0.07575757575757591,,0.0,0.0,0.0
v1.0,v1.0,v1.0,S2_hp_cap_peak,D_oracle,P_no_containment,39,0.9242424242424241,1.0,0.07575757575757591,,0.0,0.0,0.0
v1.0,v1.0,v1.0,S2_hp_cap_peak,D_oracle,P_aggressive,0,0.9242424242424241,1.0,0.07575757575757591,,0.0,0.0,0.0
v1.0,v1.0,v1.0,S2_hp_cap_peak,D_oracle,P_aggressive,1,0.9242424242424241,1.0,0.07575757575757591,,0.0,0.0,0.0
v1.0,v1.0,v1.0,S2_hp_cap_peak,D_oracle,P_aggressive,2,0.9242424242424241,1.0,0.07575757575757591,,0.0,0.0,0.0
v1.0,v1.0,v1.0,S2_hp_cap_peak,D_oracle,P_aggressive,3,0.9242424242424241,1.0,0.07575757575757591,,0.0,0.0,0.0
v1.0,v1.0,v1.0,S2_hp_cap_peak,D_oracle,P_aggressive,4,0.9242424242424241,1.0,0.07575757575757591,,0.0,0.0,0.0
v1.0,v1.0,v1.0,S2_hp_cap_peak,D_oracle,P_aggressive,5,0.9242424242424241,1.0,0.07575757575757591,,0.0,0.0,0.0
v1.0,v1.0,v1.0,S2_hp_cap_peak,D_oracle,P_aggressive,6,0.9242424242424241,1.0,0.07575757575757591,,0.0,0.0,0.0
v1.0,v1.0,v1.0,S2_hp_cap_peak,D_oracle,P_aggressive,7,0.9242424242424241,1.0,0.07575757575757591,,0.0,0.0,0.0
v1.0,v1.0,v1.0,S2_hp_cap_peak,D_oracle,P_aggressive,8,0.9242424242424241,1.0,0.07575757575757591,,0.0,0.0,0.0
v1.0,v1.0,v1.0,S2_hp_cap_peak,D_oracle,P_aggressive,9,0.9242424242424241,1.0,0.07575757575757591,,0.0,0.0,0.0
v1.0,v1.0,v1.0,S2_hp_cap_peak,D_oracle,P_aggressive,10,0.9242424242424241,1.0,0.07575757575757591,,0.0,0.0,0.0
v1.0,v1.0,v1.0,S2_hp_cap_peak,D_oracle,P_aggressive,11,0.9242424242424241,1.0,0.07575757575757591,,0.0,0.0,0.0
v1.0,v1.0,v1.0,S2_hp_cap_peak,D_oracle,P_aggressive,12,0.9242424242424241,1.0,0.07575757575757591,,0.0,0.0,0.0
v1.0,v1.0,v1.0,S2_hp_cap_peak,D_oracle,P_aggressive,13,0.9242424242424241,1.0,0.07575757575757591,,0.0,0.0,0.0
v1.0,v1.0,v1.0,S2_hp_cap_peak,D_oracle,P_aggressive,14,0.9242424242424241,1.0,0.07575757575757591,,0.0,0.0,0.0
v1.0,v1.0,v1.0,S2_hp_cap_peak,D_oracle,P_aggressive,15,0.9242424242424241,1.0,0.07575757575757591,,0.0,0.0,0.0
v1.0,v1.0,v1.0,S2_hp_cap_peak,D_oracle,P_aggressive,16,0.9242424242424241,1.0,0.07575757575757591,,0.0,0.0,0.0
v1.0,v1.0,v1.0,S2_hp_cap_peak,D_oracle,P_aggressive,17,0.9242424242424241,1.0,0.07575757575757591,,0.0,0.0,0.0
v1.0,v1.0,v1.0,S2_hp_cap_peak,D_oracle,P_aggressive,18,0.9242424242424241,1.0,0.07575757575757591,,0.0,0.0,0.0
v1.0,v1.0,v1.0,S2_hp_cap_peak,D_oracle,P_aggressive,19,0.9242424242424241,1.0,0.07575757575757591,,0.0,0.0,0.0
v1.0,v1.0,v1.0,S2_hp_cap_peak,D_oracle,P_aggressive,20,0.9242424242424241,1.0,0.07575757575757591,,0.0,0.0,0.0
v1.0,v1.0,v1.0,S2_hp_cap_peak,D_oracle,P_aggressive,21,0.9242424242424241,1.0,0.07575757575757591,,0.0,0.0,0.0
v1.0,v1.0,v1.0,S2_hp_cap_peak,D_oracle,P_aggressive,22,0.9242424242424241,1.0,0.07575757575757591,,0.0,0.0,0.0
v1.0,v1.0,v1.0,S2_hp_cap_peak,D_oracle,P_aggressive,23,0.9242424242424241,1.0,0.07575757575757591,,0.0,0.0,0.0
v1.0,v1.0,v1.0,S2_hp_cap_peak,D_oracle,P_aggressive,24,0.9242424242424241,1.0,0.07575757575757591,,0.0,0.0,0.0
v1.0,v1.0,v1.0,S2_hp_cap_peak,D_oracle,P_aggressive,25,0.9242424242424241,1.0,0.07575757575757591,,0.0,0.0,0.0
v1.0,v1.0,v1.0,S2_hp_cap_peak,D_oracle,P_aggressive,26,0.9242424242424241,1.0,0.07575757575757591,,0.0,0.0,0.0
v1.0,v1.0,v1.0,S2_hp_cap_peak,D_oracle,P_aggressive,27,0.9242424242424241,1.0,0.07575757575757591,,0.0,0.0,0.0
v1.0,v1.0,v1.0,S2_hp_cap_peak,D_oracle,P_aggressive,28,0.9242424242424241,1.0,0.07575757575757591,,0.0,0.0,0.0
v1.0,v1.0,v1.0,S2_hp_cap_peak,D_oracle,P_aggressive,29,0.9242424242424241,1.0,0.07575757575757591,,0.0,0.0,0.0
v1.0,v1.0,v1.0,S2_hp_cap_peak,D_oracle,P_aggressive,30,0.9242424242424241,1.0,0.07575757575757591,,0.0,0.0,0.0
v1.0,v1.0,v1.0,S2_hp_cap_peak,D_oracle,P_aggressive,31,0.9242424242424241,1.0,0.07575757575757591,,0.0,0.0,0.0
v1.0,v1.0,v1.0,S2_hp_cap_peak,D_oracle,P_aggressive,32,0.9242424242424241,1.0,0.07575757575757591,,0.0,0.0,0.0
v1.0,v1.0,v1.0,S2_hp_cap_peak,D_oracle,P_aggressive,33,0.9242424242424241,1.0,0.07575757575757591,,0.0,0.0,0.0
v1.0,v1.0,v1.0,S2_hp_cap_peak,D_oracle,P_aggressive,34,0.9242424242424241,1.0,0.07575757575757591,,0.0,0.0,0.0
v1.0,v1.0,v1.0,S2_hp_cap_peak,D_oracle,P_aggressive,35,0.9242424242424241,1.0,0.07575757575757591,,0.0,0.0,0.0
v1.0,v1.0,v1.0,S2_hp_cap_peak,D_oracle,P_aggressive,36,0.9242424242424241,1.0,0.07575757575757591,,0.0,0.0,0.0
v1.0,v1.0,v1.0,S2_hp_cap_peak,D_oracle,P_aggressive,37,0.9242424242424241,1.0,0.07575757575757591,,0.0,0.0,0.0
v1.0,v1.0,v1.0,S2_hp_cap_peak,D_oracle,P_aggressive,38,0.9242424242424241,1.0,0.07575757575757591,,0.0,0.0,0.0
v1.0,v1.0,v1.0,S2_hp_cap_peak,D_oracle,P_aggressive,39,0.9242424242424241,1.0,0.07575757575757591,,0.0,0.0,0.0
v1.0,v1.0,v1.0,S2_hp_cap_peak,D_oracle,P_conservative,0,0.9242424242424241,1.0,0.07575757575757591,,0.0,0.0,0.0
v1.0,v1.0,v1.0,S2_hp_cap_peak,D_oracle,P_conservative,1,0.9242424242424241,1.0,0.07575757575757591,,0.0,0.0,0.0
v1.0,v1.0,v1.0,S2_hp_cap_peak,D_oracle,P_conservative,2,0.9242424242424241,1.0,0.07575757575757591,,0.0,0.0,0.0
v1.0,v1.0,v1.0,S2_hp_cap_peak,D_oracle,P_conservative,3,0.9242424242424241,1.0,0.07575757575757591,,0.0,0.0,0.0
v1.0,v1.0,v1.0,S2_hp_cap_peak,D_oracle,P_conservative,4,0.9242424242424241,1.0,0.07575757575757591,,0.0,0.0,0.0
v1.0,v1.0,v1.0,S2_hp_cap_peak,D_oracle,P_conservative,5,0.9242424242424241,1.0,0.07575757575757591,,0.0,0.0,0.0
v1.0,v1.0,v1.0,S2_hp_cap_peak,D_oracle,P_conservative,6,0.9242424242424241,1.0,0.07575757575757591,,0.0,0.0,0.0
v1.0,v1.0,v1.0,S2_hp_cap_peak,D_oracle,P_conservative,7,0.9242424242424241,1.0,0.07575757575757591,,0.0,0.0,0.0
v1.0,v1.0,v1.0,S2_hp_cap_peak,D_oracle,P_conservative,8,0.9242424242424241,1.0,0.07575757575757591,,0.0,0.0,0.0
v1.0,v1.0,v1.0,S2_hp_cap_peak,D_oracle,P_conservative,9,0.9242424242424241,1.0,0.07575757575757591,,0.0,0.0,0.0
v1.0,v1.0,v1.0,S2_hp_cap_peak,D_oracle,P_conservative,10,0.9242424242424241,1.0,0.07575757575757591,,0.0,0.0,0.0
v1.0,v1.0,v1.0,S2_hp_cap_peak,D_oracle,P_conservative,11,0.9242424242424241,1.0,0.07575757575757591,,0.0,0.0,0.0
v1.0,v1.0,v1.0,S2_hp_cap_peak,D_oracle,P_conservative,12,0.9242424242424241,1.0,0.07575757575757591,,0.0,0.0,0.0
v1.0,v1.0,v1.0,S2_hp_cap_peak,D_oracle,P_conservative,13,0.9242424242424241,1.0,0.07575757575757591,,0.0,0.0,0.0
v1.0,v1.0,v1.0,S2_hp_cap_peak,D_oracle,P_conservative,14,0.9242424242424241,1.0,0.07575757575757591,,0.0,0.0,0.0
v1.0,v1.0,v1.0,S2_hp_cap_peak,D_oracle,P_conservative,15,0.9242424242424241,1.0,0.07575757575757591,,0.0,0.0,0.0
v1.0,v1.0,v1.0,S2_hp_cap_peak,D_oracle,P_conservative,16,0.9242424242424241,1.0,0.07575757575757591,,0.0,0.0,0.0
v1.0,v1.0,v1.0,S2_hp_cap_peak,D_oracle,P_conservative,17,0.9242424242424241,1.0,0.07575757575757591,,0.0,0.0,0.0
v1.0,v1.0,v1.0,S2_hp_cap_peak,D_oracle,P_conservative,18,0.9242424242424241,1.0,0.07575757575757591,,0.0,0.0,0.0
v1.0,v1.0,v1.0,S2_hp_cap_peak,D_oracle,P_conservative,19,0.9242424242424241,1.0,0.07575757575757591,,0.0,0.0,0.0
v1.0,v1.0,v1.0,S2_hp_cap_peak,D_oracle,P_conservative,20,0.9242424242424241,1.0,0.07575757575757591,,0.0,0.0,0.0
v1.0,v1.0,v1.0,S2_hp_cap_peak,D_oracle,P_conservative,21,0.9242424242424241,1.0,0.07575757575757591,,0.0,0.0,0.0
v1.0,v1.0,v1.0,S2_hp_cap_peak,D_oracle,P_conservative,22,0.9242424242424241,1.0,0.07575757575757591,,0.0,0.0,0.0
v1.0,v1.0,v1.0,S2_hp_cap_peak,D_oracle,P_conservative,23,0.9242424242424241,1.0,0.07575757575757591,,0.0,0.0,0.0
v1.0,v1.0,v1.0,S2_hp_cap_peak,D_oracle,P_conservative,24,0.9242424242424241,1.0,0.07575757575757591,,0.0,0.0,0.0
v1.0,v1.0,v1.0,S2_hp_cap_peak,D_oracle,P_conservative,25,0.9242424242424241,1.0,0.07575757575757591,,0.0,0.0,0.0
v1.0,v1.0,v1.0,S2_hp_cap_peak,D_oracle,P_conservative,26,0.9242424242424241,1.0,0.07575757575757591,,0.0,0.0,0.0
v1.0,v1.0,v1.0,S2_hp_cap_peak,D_oracle,P_conservative,27,0.9242424242424241,1.0,0.07575757575757591,,0.0,0.0,0.0
v1.0,v1.0,v1.0,S2_hp_cap_peak,D_oracle,P_conservative,28,0.9242424242424241,1.0,0.07575757575757591,,0.0,0.0,0.0
v1.0,v1.0,v1.0,S2_hp_cap_peak,D_oracle,P_conservative,29,0.9242424242424241,1.0,0.07575757575757591,,0.0,0.0,0.0
v1.0,v1.0,v1.0,S2_hp_cap_peak,D_oracle,P_conservative,30,0.9242424242424241,1.0,0.07575757575757591,,0.0,0.0,0.0
v1.0,v1.0,v1.0,S2_hp_cap_peak,D_oracle,P_conservative,31,0.9242424242424241,1.0,0.07575757575757591,,0.0,0.0,0.0
v1.0,v1.0,v1.0,S2_hp_cap_peak,D_oracle,P_conservative,32,0.9242424242424241,1.0,0.07575757575757591,,0.0,0.0,0.0
v1.0,v1.0,v1.0,S2_hp_cap_peak,D_oracle,P_conservative,33,0.9242424242424241,1.0,0.07575757575757591,,0.0,0.0,0.0
v1.0,v1.0,v1.0,S2_hp_cap_peak,D_oracle,P_conservative,34,0.9242424242424241,1.0,0.07575757575757591,,0.0,0.0,0.0
v1.0,v1.0,v1.0,S2_hp_cap_peak,D_oracle,P_conservative,35,0.9242424242424241,1.0,0.07575757575757591,,0.0,0.0,0.0
v1.0,v1.0,v1.0,S2_hp_cap_peak,D_oracle,P_conservative,36,0.9242424242424241,1.0,0.07575757575757591,,0.0,0.0,0.0
v1.0,v1.0,v1.0,S2_hp_cap_peak,D_oracle,P_conservative,37,0.9242424242424241,1.0,0.07575757575757591,,0.0,0.0,0.0
v1.0,v1.0,v1.0,S2_hp_cap_peak,D_oracle,P_conservative,38,0.9242424242424241,1.0,0.07575757575757591,,0.0,0.0,0.0
v1.0,v1.0,v1.0,S2_hp_cap_peak,D_oracle,P_conservative,39,0.9242424242424241,1.0,0.07575757575757591,,0.0,0.0,0.0
v1.0,v1.0,v1.0,A0_attack_only,D0_weak,P_alpha0.15,0,0.5513825757575758,1.0,0.6511868686868687,,0.23680555555555555,0.5111111111111111,0.0
v1.0,v1.0,v1.0,A0_attack_only,D0_weak,P_alpha0.15,1,0.6020864898989899,1.0,0.5681565656565656,,0.2951388888888889,0.40208333333333335,0.0
v1.0,v1.0,v1.0,A0_attack_only,D0_weak,P_alpha0.15,2,0.4886710858585859,1.0,0.7589330808080808,,0.17430555555555555,0.6576388888888889,0.0
v1.0,v1.0,v1.0,A0_attack_only,D0_weak,P_alpha0.15,3,0.548888888888889,1.0,0.6507291666666666,,0.3458333333333333,0.47152777777777777,0.0
v1.0,v1.0,v1.0,A0_attack_only,D0_weak,P_alpha0.15,4,0.5579608585858586,1.0,0.6480113636363636,,0.11527777777777778,0.5555555555555556,0.0
v1.0,v1.0,v1.0,A0_attack_only,D0_weak,P_alpha0.15,5,0.5954987373737375,1.0,0.5720012626262625,,0.5763888888888888,0.3138888888888889,0.0
v1.0,v1.0,v1.0,A0_attack_only,D0_weak,P_alpha0.15,6,0.5520770202020202,1.0,0.6515688131313131,,0.23055555555555557,0.5159722222222223,0.0
v1.0,v1.0,v1.0,A0_attack_only,D0_weak,P_alpha0.15,7,0.5879892676767676,1.0,0.5890940656565657,,0.2881944444444444,0.4236111111111111,0.0
v1.0,v1.0,v1.0,A0_attack_only,D0_weak,P_alpha0.15,8,0.5582133838383838,1.0,0.6372727272727273,,0.3458333333333333,0.4597222222222222,0.0
v1.0,v1.0,v1.0,A0_attack_only,D0_weak,P_alpha0.15,9,0.6005176767676768,1.0,0.5708017676767677,,0.23055555555555557,0.4236111111111111,0.0
v1.0,v1.0,v1.0,A0_attack_only,D0_weak,P_alpha0.15,10,0.5333049242424243,1.0,0.6771811868686869,,0.27708333333333335,0.5222222222222223,0.0
v1.0,v1.0,v1.0,A0_attack_only,D0_weak,P_alpha0.15,11,0.6444760101010101,1.0,0.49833648989898993,,0.47291666666666665,0.27291666666666664,0.0
v1.0,v1.0,v1.0,A0_attack_only,D0_weak,P_alpha0.15,12,0.6445580808080807,1.0,0.49651830808080816,,0.3486111111111111,0.3034722222222222,0.0
v1.0,v1.0,v1.0,A0_attack_only,D0_weak,P_alpha0.15,13,0.6231313131313131,1.0,0.5332228535353536,,0.3458333333333333,0.34791666666666665,0.0
v1.0,v1.0,v1.0,A0_attack_only,D0_weak,P_alpha0.15,14,0.61646148989899,1.0,0.537114898989899,,0.3909722222222222,0.32708333333333334,0.0
v1.0,v1.0,v1.0,A0_attack_only,D0_weak,P_alpha0.15,15,0.5944207702020201,1.0,0.5842945075757577,,0.33125,0.41597222222222224,0.0
v1.0,v1.0,v1.0,A0_attack_only,D0_weak,P_alpha0.15,16,0.5680713383838384,1.0,0.627623106060606,,0.17291666666666666,0.5097222222222222,0.0
v1.0,v1.0,v1.0,A0_attack_only,D0_weak,P_alpha0.15,17,0.5157291666666667,1.0,0.7108680555555555,,0.25833333333333336,0.5736111111111111,0.0
v1.0,v1.0,v1.0,A0_attack_only,D0_weak,P_alpha0.15,18,0.563604797979798,1.0,0.6249368686868686,,0.46111111111111114,0.40694444444444444,0.0
v1.0,v1.0,v1.0,A0_attack_only,D0_weak,P_alpha0.15,19,0.5335921717171718,1.0,0.6817203282828282,,0.23055555555555557,0.5493055555555556,0.0
v1.0,v1.0,v1.0,A0_attack_only,D0_weak,P_alpha0.15,20,0.5835069444444444,1.0,0.5956250000000001,,0.40347222222222223,0.39652777777777776,0.0
v1.0,v1.0,v1.0,A0_attack_only,D0_weak,P_alpha0.15,21,0.5549968434343435,1.0,0.651308712121212,,0.2881944444444444,0.5013888888888889,1.0
v1.0,v1.0,v1.0,A0_attack_only,D0_weak,P_alpha0.15,22,0.6295864898989898,1.0,0.5178440656565657,,0.42916666666666664,0.2986111111111111,0.0
v1.0,v1.0,v1.0,A0_attack_only,D0_weak,P_alpha0.15,23,0.55478851010101,1.0,0.6414962121212122,,0.2881944444444444,0.47847222222222224,0.0
v1.0,v1.0,v1.0,A0_attack_only,D0_weak,P_alpha0.15,24,0.5960006313131313,1.0,0.5760479797979798,,0.28888888888888886,0.40902777777777777,0.0
v1.0,v1.0,v1.0,A0_attack_only,D0_weak,P_alpha0.15,25,0.6136316287878788,1.0,0.5422017045454546,,0.3236111111111111,0.3527777777777778,0.0
v1.0,v1.0,v1.0,A0_attack_only,D0_weak,P_alpha0.15,26,0.6174526515151515,1.0,0.5372348484848485,,0.44583333333333336,0.3145833333333333,0.0
v1.0,v1.0,v1.0,A0_attack_only,D0_weak,P_alpha0.15,27,0.5541650883838385,1.0,0.6417724116161615,,0.4305555555555556,0.43680555555555556,0.0
v1.0,v1.0,v1.0,A0_attack_only,D0_weak,P_alpha0.15,28,0.5396306818181817,1.0,0.6714109848484849,,0.2875,0.5208333333333334,0.0
v1.0,v1.0,v1.0,A0_attack_only,D0_weak,P_alpha0.15,29,0.6046843434343434,1.0,0.563447601010101,,0.36527777777777776,0.3645833333333333,2.0
v1.0,v1.0,v1.0,A0_attack_only,D0_weak,P_alpha0.15,30,0.5723390151515152,1.0,0.6198137626262625,,0.2881944444444444,0.4666666666666667,0.0
v1.0,v1.0,v1.0,A0_attack_only,D0_weak,P_alpha0.15,31,0.5960385101010102,1.0,0.5799892676767675,,0.40347222222222223,0.3819444444444444,1.0
v1.0,v1.0,v1.0,A0_attack_only,D0_weak,P_alpha0.15,32,0.5979434974747474,1.0,0.5755287247474749,,0.2520833333333333,0.4236111111111111,0.0
v1.0,v1.0,v1.0,A0_attack_only,D0_weak,P_alpha0.15,33,0.6113920454545455,1.0,0.5514551767676766,,0.5104166666666666,0.3194444444444444,0.0
v1.0,v1.0,v1.0,A0_attack_only,D0_weak,P_alpha0.15,34,0.5380587121212121,1.0,0.6716982323232323,,0.40347222222222223,0.4840277777777778,0.0
v1.0,v1.0,v1.0,A0_attack_only,D0_weak,P_alpha0.15,35,0.6353614267676767,1.0,0.5061663510101011,,0.38958333333333334,0.29305555555555557,0.0
v1.0,v1.0,v1.0,A0_attack_only,D0_weak,P_alpha0.15,36,0.5480129419191919,1.0,0.6548898358585858,,0.26875,0.49722222222222223,1.0
v1.0,v1.0,v1.0,A0_attack_only,D0_weak,P_alpha0.15,37,0.5651704545454544,1.0,0.63021148989899,,0.23055555555555557,0.49236111111111114,0.0
v1.0,v1.0,v1.0,A0_attack_only,D0_weak,P_alpha0.15,38,0.5238762626262627,1.0,0.7016445707070706,,0.23055555555555557,0.5784722222222223,0.0
v1.0,v1.0,v1.0,A0_attack_only,D0_weak,P_alpha0.15,39,0.5923800505050505,1.0,0.5752241161616162,,0.4583333333333333,0.34791666666666665,0.0
v1.0,v1.0,v1.0,A0_attack_only,D0_weak,P_alpha0.30,0,0.5513825757575758,1.0,0.6511868686868687,,0.23680555555555555,0.5111111111111111,0.0
v1.0,v1.0,v1.0,A0_attack_only,D0_weak,P_alpha0.30,1,0.6020864898989899,1.0,0.5681565656565656,,0.2951388888888889,0.40208333333333335,0.0
v1.0,v1.0,v1.0,A0_attack_only,D0_weak,P_alpha0.30,2,0.4886710858585859,1.0,0.7589330808080808,,0.17430555555555555,0.6576388888888889,0.0
v1.0,v1.0,v1.0,A0_attack_only,D0_weak,P_alpha0.30,3,0.548888888888889,1.0,0.6507291666666666,,0.3458333333333333,0.47152777777777777,0.0
v1.0,v1.0,v1.0,A0_attack_only,D0_weak,P_alpha0.30,4,0.5579608585858586,1.0,0.6480113636363636,,0.11527777777777778,0.5555555555555556,0.0
v1.0,v1.0,v1.0,A0_attack_only,D0_weak,P_alpha0.30,5,0.5954987373737375,1.0,0.5720012626262625,,0.5763888888888888,0.3138888888888889,0.0
v1.0,v1.0,v1.0,A0_attack_only,D0_weak,P_alpha0.30,6,0.5520770202020202,1.0,0.6515688131313131,,0.23055555555555557,0.5159722222222223,0.0
v1.0,v1.0,v1.0,A0_attack_only,D0_weak,P_alpha0.30,7,0.5879892676767676,1.0,0.5890940656565657,,0.2881944444444444,0.4236111111111111,0.0
v1.0,v1.0,v1.0,A0_attack_only,D0_weak,P_alpha0.30,8,0.5582133838383838,1.0,0.6372727272727273,,0.3458333333333333,0.4597222222222222,0.0
v1.0,v1.0,v1.0,A0_attack_only,D0_weak,P_alpha0.30,9,0.6005176767676768,1.0,0.5708017676767677,,0.23055555555555557,0.4236111111111111,0.0
v1.0,v1.0,v1.0,A0_attack_only,D0_weak,P_alpha0.30,10,0.5333049242424243,1.0,0.6771811868686869,,0.27708333333333335,0.5222222222222223,0.0
v1.0,v1.0,v1.0,A0_attack_only,D0_weak,P_alpha0.30,11,0.6444760101010101,1.0,0.49833648989898993,,0.47291666666666665,0.27291666666666664,0.0
v1.0,v1.0,v1.0,A0_attack_only,D0_weak,P_alpha0.30,12,0.6445580808080807,1.0,0.49651830808080816,,0.3486111111111111,0.3034722222222222,0.0
v1.0,v1.0,v1.0,A0_attack_only,D0_weak,P_alpha0.30,13,0.6231313131313131,1.0,0.5332228535353536,,0.3458333333333333,0.34791666666666665,0.0
v1.0,v1.0,v1.0,A0_attack_only,D0_weak,P_alpha0.30,14,0.61646148989899,1.0,0.537114898989899,,0.3909722222222222,0.32708333333333334,0.0
v1.0,v1.0,v1.0,A0_attack_only,D0_weak,P_alpha0.30,15,0.5944207702020201,1.0,0.5842945075757577,,0.33125,0.41597222222222224,0.0
v1.0,v1.0,v1.0,A0_attack_only,D0_weak,P_alpha0.30,16,0.5680713383838384,1.0,0.627623106060606,,0.17291666666666666,0.5097222222222222,0.0
v1.0,v1.0,v1.0,A0_attack_only,D0_weak,P_alpha0.30,17,0.5157291666666667,1.0,0.7108680555555555,,0.25833333333333336,0.5736111111111111,0.0
v1.0,v1.0,v1.0,A0_attack_only,D0_weak,P_alpha0.30,18,0.563604797979798,1.0,0.6249368686868686,,0.46111111111111114,0.40694444444444444,0.0
v1.0,v1.0,v1.0,A0_attack_only,D0_weak,P_alpha0.30,19,0.5335921717171718,1.0,0.6817203282828282,,0.23055555555555557,0.5493055555555556,0.0
v1.0,v1.0,v1.0,A0_attack_only,D0_weak,P_alpha0.30,20,0.5835069444444444,1.0,0.5956250000000001,,0.40347222222222223,0.39652777777777776,0.0
v1.0,v1.0,v1.0,A0_attack_only,D0_weak,P_alpha0.30,21,0.5549968434343435,1.0,0.651308712121212,,0.2881944444444444,0.5013888888888889,1.0
v1.0,v1.0,v1.0,A0_attack_only,D0_weak,P_alpha0.30,22,0.6295864898989898,1.0,0.5178440656565657,,0.42916666666666664,0.2986111111111111,0.0
v1.0,v1.0,v1.0,A0_attack_only,D0_weak,P_alpha0.30,23,0.55478851010101,1.0,0.6414962121212122,,0.2881944444444444,0.47847222222222224,0.0
v1.0,v1.0,v1.0,A0_attack_only,D0_weak,P_alpha0.30,24,0.5960006313131313,1.0,0.5760479797979798,,0.28888888888888886,0.40902777777777777,0.0
v1.0,v1.0,v1.0,A0_attack_only,D0_weak,P_alpha0.30,25,0.6136316287878788,1.0,0.5422017045454546,,0.3236111111111111,0.3527777777777778,0.0
v1.0,v1.0,v1.0,A0_attack_only,D0_weak,P_alpha0.30,26,0.6174526515151515,1.0,0.5372348484848485,,0.44583333333333336,0.3145833333333333,0.0
v1.0,v1.0,v1.0,A0_attack_only,D0_weak,P_alpha0.30,27,0.5541650883838385,1.0,0.6417724116161615,,0.4305555555555556,0.43680555555555556,0.0
v1.0,v1.0,v1.0,A0_attack_only,D0_weak,P_alpha0.30,28,0.5396306818181817,1.0,0.6714109848484849,,0.2875,0.5208333333333334,0.0
v1.0,v1.0,v1.0,A0_attack_only,D0_weak,P_alpha0.30,29,0.6046843434343434,1.0,0.563447601010101,,0.36527777777777776,0.3645833333333333,2.0
v1.0,v1.0,v1.0,A0_attack_only,D0_weak,P_alpha0.30,30,0.5723390151515152,1.0,0.6198137626262625,,0.2881944444444444,0.4666666666666667,0.0
v1.0,v1.0,v1.0,A0_attack_only,D0_weak,P_alpha0.30,31,0.5960385101010102,1.0,0.5799892676767675,,0.40347222222222223,0.3819444444444444,1.0
v1.0,v1.0,v1.0,A0_attack_only,D0_weak,P_alpha0.30,32,0.5979434974747474,1.0,0.5755287247474749,,0.2520833333333333,0.4236111111111111,0.0
v1.0,v1.0,v1.0,A0_attack_only,D0_weak,P_alpha0.30,33,0.6113920454545455,1.0,0.5514551767676766,,0.5104166666666666,0.3194444444444444,0.0
v1.0,v1.0,v1.0,A0_attack_only,D0_weak,P_alpha0.30,34,0.5380587121212121,1.0,0.6716982323232323,,0.40347222222222223,0.4840277777777778,0.0
v1.0,v1.0,v1.0,A0_attack_only,D0_weak,P_alpha0.30,35,0.6353614267676767,1.0,0.5061663510101011,,0.38958333333333334,0.29305555555555557,0.0
v1.0,v1.0,v1.0,A0_attack_only,D0_weak,P_alpha0.30,36,0.5480129419191919,1.0,0.6548898358585858,,0.26875,0.49722222222222223,1.0
v1.0,v1.0,v1.0,A0_attack_only,D0_weak,P_alpha0.30,37,0.5651704545454544,1.0,0.63021148989899,,0.23055555555555557,0.49236111111111114,0.0
v1.0,v1.0,v1.0,A0_attack_only,D0_weak,P_alpha0.30,38,0.5238762626262627,1.0,0.7016445707070706,,0.23055555555555557,0.5784722222222223,0.0
v1.0,v1.0,v1.0,A0_attack_only,D0_weak,P_alpha0.30,39,0.5923800505050505,1.0,0.5752241161616162,,0.4583333333333333,0.34791666666666665,0.0
v1.0,v1.0,v1.0,A0_attack_only,D0_weak,P_alpha0.45,0,0.5513825757575758,1.0,0.6511868686868687,,0.23680555555555555,0.5111111111111111,0.0
v1.0,v1.0,v1.0,A0_attack_only,D0_weak,P_alpha0.45,1,0.6020864898989899,1.0,0.5681565656565656,,0.2951388888888889,0.40208333333333335,0.0
v1.0,v1.0,v1.0,A0_attack_only,D0_weak,P_alpha0.45,2,0.4886710858585859,1.0,0.7589330808080808,,0.17430555555555555,0.6576388888888889,0.0
v1.0,v1.0,v1.0,A0_attack_only,D0_weak,P_alpha0.45,3,0.548888888888889,1.0,0.6507291666666666,,0.3458333333333333,0.47152777777777777,0.0
v1.0,v1.0,v1.0,A0_attack_only,D0_weak,P_alpha0.45,4,0.5579608585858586,1.0,0.6480113636363636,,0.11527777777777778,0.5555555555555556,0.0
v1.0,v1.0,v1.0,A0_attack_only,D0_weak,P_alpha0.45,5,0.5954987373737375,1.0,0.5720012626262625,,0.5763888888888888,0.3138888888888889,0.0
v1.0,v1.0,v1.0,A0_attack_only,D0_weak,P_alpha0.45,6,0.5520770202020202,1.0,0.6515688131313131,,0.23055555555555557,0.5159722222222223,0.0
v1.0,v1.0,v1.0,A0_attack_only,D0_weak,P_alpha0.45,7,0.5879892676767676,1.0,0.5890940656565657,,0.2881944444444444,0.4236111111111111,0.0
v1.0,v1.0,v1.0,A0_attack_only,D0_weak,P_alpha0.45,8,0.5582133838383838,1.0,0.6372727272727273,,0.3458333333333333,0.4597222222222222,0.0
v1.0,v1.0,v1.0,A0_attack_only,D0_weak,P_alpha0.45,9,0.6005176767676768,1.0,0.5708017676767677,,0.23055555555555557,0.4236111111111111,0.0
v1.0,v1.0,v1.0,A0_attack_only,D0_weak,P_alpha0.45,10,0.5333049242424243,1.0,0.6771811868686869,,0.27708333333333335,0.5222222222222223,0.0
v1.0,v1.0,v1.0,A0_attack_only,D0_weak,P_alpha0.45,11,0.6444760101010101,1.0,0.49833648989898993,,0.47291666666666665,0.27291666666666664,0.0
v1.0,v1.0,v1.0,A0_attack_only,D0_weak,P_alpha0.45,12,0.6445580808080807,1.0,0.49651830808080816,,0.3486111111111111,0.3034722222222222,0.0
v1.0,v1.0,v1.0,A0_attack_only,D0_weak,P_alpha0.45,13,0.6231313131313131,1.0,0.5332228535353536,,0.3458333333333333,0.34791666666666665,0.0
v1.0,v1.0,v1.0,A0_attack_only,D0_weak,P_alpha0.45,14,0.61646148989899,1.0,0.537114898989899,,0.3909722222222222,0.32708333333333334,0.0
v1.0,v1.0,v1.0,A0_attack_only,D0_weak,P_alpha0.45,15,0.5944207702020201,1.0,0.5842945075757577,,0.33125,0.41597222222222224,0.0
v1.0,v1.0,v1.0,A0_attack_only,D0_weak,P_alpha0.45,16,0.5680713383838384,1.0,0.627623106060606,,0.17291666666666666,0.5097222222222222,0.0
v1.0,v1.0,v1.0,A0_attack_only,D0_weak,P_alpha0.45,17,0.5157291666666667,1.0,0.7108680555555555,,0.25833333333333336,0.5736111111111111,0.0
v1.0,v1.0,v1.0,A0_attack_only,D0_weak,P_alpha0.45,18,0.563604797979798,1.0,0.6249368686868686,,0.46111111111111114,0.40694444444444444,0.0
v1.0,v1.0,v1.0,A0_attack_only,D0_weak,P_alpha0.45,19,0.5335921717171718,1.0,0.6817203282828282,,0.23055555555555557,0.5493055555555556,0.0
v1.0,v1.0,v1.0,A0_attack_only,D0_weak,P_alpha0.45,20,0.5835069444444444,1.0,0.5956250000000001,,0.40347222222222223,0.39652777777777776,0.0
v1.0,v1.0,v1.0,A0_attack_only,D0_weak,P_alpha0.45,21,0.5549968434343435,1.0,0.651308712121212,,0.2881944444444444,0.5013888888888889,1.0
v1.0,v1.0,v1.0,A0_attack_only,D0_weak,P_alpha0.45,22,0.6295864898989898,1.0,0.5178440656565657,,0.42916666666666664,0.2986111111111111,0.0
v1.0,v1.0,v1.0,A0_attack_only,D0_weak,P_alpha0.45,23,0.55478851010101,1.0,0.6414962121212122,,0.2881944444444444,0.47847222222222224,0.0
v1.0,v1.0,v1.0,A0_attack_only,D0_weak,P_alpha0.45,24,0.5960006313131313,1.0,0.5760479797979798,,0.28888888888888886,0.40902777777777777,0.0
v1.0,v1.0,v1.0,A0_attack_only,D0_weak,P_alpha0.45,25,0.6136316287878788,1.0,0.5422017045454546,,0.3236111111111111,0.3527777777777778,0.0
v1.0,v1.0,v1.0,A0_attack_only,D0_weak,P_alpha0.45,26,0.6174526515151515,1.0,0.5372348484848485,,0.44583333333333336,0.3145833333333333,0.0
v1.0,v1.0,v1.0,A0_attack_only,D0_weak,P_alpha0.45,27,0.5541650883838385,1.0,0.6417724116161615,,0.4305555555555556,0.43680555555555556,0.0
v1.0,v1.0,v1.0,A0_attack_only,D0_weak,P_alpha0.45,28,0.5396306818181817,1.0,0.6714109848484849,,0.2875,0.5208333333333334,0.0
v1.0,v1.0,v1.0,A0_attack_only,D0_weak,P_alpha0.45,29,0.6046843434343434,1.0,0.563447601010101,,0.36527777777777776,0.3645833333333333,2.0
v1.0,v1.0,v1.0,A0_attack_only,D0_weak,P_alpha0.45,30,0.5723390151515152,1.0,0.6198137626262625,,0.2881944444444444,0.4666666666666667,0.0
v1.0,v1.0,v1.0,A0_attack_only,D0_weak,P_alpha0.45,31,0.5960385101010102,1.0,0.5799892676767675,,0.40347222222222223,0.3819444444444444,1.0
v1.0,v1.0,v1.0,A0_attack_only,D0_weak,P_alpha0.45,32,0.5979434974747474,1.0,0.5755287247474749,,0.2520833333333333,0.4236111111111111,0.0
v1.0,v1.0,v1.0,A0_attack_only,D0_weak,P_alpha0.45,33,0.6113920454545455,1.0,0.5514551767676766,,0.5104166666666666,0.3194444444444444,0.0
v1.0,v1.0,v1.0,A0_attack_only,D0_weak,P_alpha0.45,34,0.5380587121212121,1.0,0.6716982323232323,,0.40347222222222223,0.4840277777777778,0.0
v1.0,v1.0,v1.0,A0_attack_only,D0_weak,P_alpha0.45,35,0.6353614267676767,1.0,0.5061663510101011,,0.38958333333333334,0.29305555555555557,0.0
v1.0,v1.0,v1.0,A0_attack_only,D0_weak,P_alpha0.45,36,0.5480129419191919,1.0,0.6548898358585858,,0.26875,0.49722222222222223,1.0
v1.0,v1.0,v1.0,A0_attack_only,D0_weak,P_alpha0.45,37,0.5651704545454544,1.0,0.63021148989899,,0.23055555555555557,0.49236111111111114,0.0
v1.0,v1.0,v1.0,A0_attack_only,D0_weak,P_alpha0.45,38,0.5238762626262627,1.0,0.7016445707070706,,0.23055555555555557,0.5784722222222223,0.0
v1.0,v1.0,v1.0,A0_attack_only,D0_weak,P_alpha0.45,39,0.5923800505050505,1.0,0.5752241161616162,,0.4583333333333333,0.34791666666666665,0.0
v1.0,v1.0,v1.0,A0_attack_only,D0_weak,P_alpha0.60,0,0.5569583333333333,1.0,0.6456111111111111,,0.23680555555555555,0.5111111111111111,0.0
v1.0,v1.0,v1.0,A0_attack_only,D0_weak,P_alpha0.60,1,0.6064728535353535,1.0,0.563770202020202,,0.2951388888888889,0.40208333333333335,0.0
v1.0,v1.0,v1.0,A0_attack_only,D0_weak,P_alpha0.60,2,0.49584532828282835,1.0,0.7517588383838383,,0.17430555555555555,0.6576388888888889,0.0
v1.0,v1.0,v1.0,A0_attack_only,D0_weak,P_alpha0.60,3,0.5540328282828283,1.0,0.6455852272727273,,0.3458333333333333,0.47152777777777777,0.0
v1.0,v1.0,v1.0,A0_attack_only,D0_weak,P_alpha0.60,4,0.5640214646464646,1.0,0.6419507575757576,,0.11527777777777778,0.5555555555555556,0.0
v1.0,v1.0,v1.0,A0_attack_only,D0_weak,P_alpha0.60,5,0.5989229797979798,1.0,0.5685770202020202,,0.5763888888888888,0.3138888888888889,0.0
v1.0,v1.0,v1.0,A0_attack_only,D0_weak,P_alpha0.60,6,0.5577058080808082,1.0,0.6459400252525251,,0.23055555555555557,0.5159722222222223,0.0
v1.0,v1.0,v1.0,A0_attack_only,D0_weak,P_alpha0.60,7,0.5926104797979798,1.0,0.5844728535353536,,0.2881944444444444,0.4236111111111111,0.0
v1.0,v1.0,v1.0,A0_attack_only,D0_weak,P_alpha0.60,8,0.5632285353535355,1.0,0.6322575757575757,,0.3458333333333333,0.4597222222222222,0.0
v1.0,v1.0,v1.0,A0_attack_only,D0_weak,P_alpha0.60,9,0.605138888888889,1.0,0.5661805555555555,,0.23055555555555557,0.4236111111111111,0.0
v1.0,v1.0,v1.0,A0_attack_only,D0_weak,P_alpha0.60,10,0.539001893939394,1.0,0.6714842171717171,,0.27708333333333335,0.5222222222222223,0.0
v1.0,v1.0,v1.0,A0_attack_only,D0_weak,P_alpha0.60,11,0.6474532828282827,1.0,0.49535921717171727,,0.47291666666666665,0.27291666666666664,0.0
v1.0,v1.0,v1.0,A0_attack_only,D0_weak,P_alpha0.60,12,0.6478686868686867,1.0,0.4932077020202022,,0.3486111111111111,0.3034722222222222,0.0
v1.0,v1.0,v1.0,A0_attack_only,D0_weak,P_alpha0.60,13,0.6269267676767677,1.0,0.529427398989899,,0.3458333333333333,0.34791666666666665,0.0
v1.0,v1.0,v1.0,A0_attack_only,D0_weak,P_alpha0.60,14,0.6200296717171717,1.0,0.5335467171717172,,0.3909722222222222,0.32708333333333334,0.0
v1.0,v1.0,v1.0,A0_attack_only,D0_weak,P_alpha0.60,15,0.598958648989899,1.0,0.5797566287878788,,0.33125,0.41597222222222224,0.0
v1.0,v1.0,v1.0,A0_attack_only,D0_weak,P_alpha0.60,16,0.5736319444444444,1.0,0.6220625,,0.17291666666666666,0.5097222222222222,0.0
v1.0,v1.0,v1.0,A0_attack_only,D0_weak,P_alpha0.60,17,0.5219867424242425,1.0,0.7046104797979797,,0.25833333333333336,0.5736111111111111,0.0
v1.0,v1.0,v1.0,A0_attack_only,D0_weak,P_alpha0.60,18,0.568044191919192,1.0,0.6204974747474746,,0.46111111111111114,0.40694444444444444,0.0
v1.0,v1.0,v1.0,A0_attack_only,D0_weak,P_alpha0.60,19,0.5395845959595961,1.0,0.675727904040404,,0.23055555555555557,0.5493055555555556,0.0
v1.0,v1.0,v1.0,A0_attack_only,D0_weak,P_alpha0.60,20,0.587832702020202,1.0,0.5912992424242425,,0.40347222222222223,0.39652777777777776,0.0
v1.0,v1.0,v1.0,A0_attack_only,D0_weak,P_alpha0.60,21,0.5604665404040404,1.0,0.6458390151515151,,0.2881944444444444,0.5013888888888889,1.0
v1.0,v1.0,v1.0,A0_attack_only,D0_weak,P_alpha0.60,22,0.6328440656565656,1.0,0.5145864898989899,,0.42916666666666664,0.2986111111111111,0.0
v1.0,v1.0,v1.0,A0_attack_only,D0_weak,P_alpha0.60,23,0.5600082070707071,1.0,0.6362765151515152,,0.2881944444444444,0.47847222222222224,0.0
v1.0,v1.0,v1.0,A0_attack_only,D0_weak,P_alpha0.60,24,0.6004627525252525,1.0,0.5715858585858586,,0.28888888888888886,0.40902777777777777,0.0
v1.0,v1.0,v1.0,A0_attack_only,D0_weak,P_alpha0.60,25,0.6174801136363637,1.0,0.5383532196969697,,0.3236111111111111,0.3527777777777778,0.0
v1.0,v1.0,v1.0,A0_attack_only,D0_weak,P_alpha0.60,26,0.6208844696969696,1.0,0.5338030303030303,,0.44583333333333336,0.3145833333333333,0.0
v1.0,v1.0,v1.0,A0_attack_only,D0_weak,P_alpha0.60,27,0.5589302398989899,1.0,0.63700726010101,,0.4305555555555556,0.43680555555555556,0.0
v1.0,v1.0,v1.0,A0_attack_only,D0_weak,P_alpha0.60,28,0.5453125,1.0,0.6657291666666667,,0.2875,0.5208333333333334,0.0
v1.0,v1.0,v1.0,A0_attack_only,D0_weak,P_alpha0.60,29,0.6086616161616162,1.0,0.5594703282828283,,0.36527777777777776,0.3645833333333333,2.0
v1.0,v1.0,v1.0,A0_attack_only,D0_weak,P_alpha0.60,30,0.5774299242424243,1.0,0.6147228535353535,,0.2881944444444444,0.4666666666666667,0.0
v1.0,v1.0,v1.0,A0_attack_only,D0_weak,P_alpha0.60,31,0.6002051767676768,1.0,0.5758226010101009,,0.40347222222222223,0.3819444444444444,1.0
v1.0,v1.0,v1.0,A0_attack_only,D0_weak,P_alpha0.60,32,0.6025647095959595,1.0,0.5709075126262627,,0.2520833333333333,0.4236111111111111,0.0
v1.0,v1.0,v1.0,A0_attack_only,D0_weak,P_alpha0.60,33,0.614876893939394,1.0,0.5479703282828281,,0.5104166666666666,0.3194444444444444,0.0
v1.0,v1.0,v1.0,A0_attack_only,D0_weak,P_alpha0.60,34,0.5433390151515152,1.0,0.6664179292929293,,0.40347222222222223,0.4840277777777778,0.0
v1.0,v1.0,v1.0,A0_attack_only,D0_weak,P_alpha0.60,35,0.6385583964646464,1.0,0.5029693813131314,,0.38958333333333334,0.29305555555555557,0.0
v1.0,v1.0,v1.0,A0_attack_only,D0_weak,P_alpha0.60,36,0.5534371843434345,1.0,0.6494655934343433,,0.26875,0.49722222222222223,1.0
v1.0,v1.0,v1.0,A0_attack_only,D0_weak,P_alpha0.60,37,0.5705416666666666,1.0,0.6248402777777778,,0.23055555555555557,0.49236111111111114,0.0
v1.0,v1.0,v1.0,A0_attack_only,D0_weak,P_alpha0.60,38,0.5301868686868687,1.0,0.6953339646464647,,0.23055555555555557,0.5784722222222223,0.0
v1.0,v1.0,v1.0,A0_attack_only,D0_weak,P_alpha0.60,39,0.5961755050505051,1.0,0.5714286616161616,,0.4583333333333333,0.34791666666666665,0.0
v1.0,v1.0,v1.0,A0_attack_only,D0_weak,P_alpha0.75,0,0.6056676136363636,0.994041743671595,0.6040517384021669,,0.23680555555555555,0.5111111111111111,0.0
v1.0,v1.0,v1.0,A0_attack_only,D0_weak,P_alpha0.75,1,0.6452209595959597,0.9922542667730735,0.5343169758319076,,0.2951388888888889,0.40208333333333335,0.0
v1.0,v1.0,v1.0,A0_attack_only,D0_weak,P_alpha0.75,2,0.5579419191919193,0.990466789874552,0.701102099625285,,0.17430555555555555,0.6576388888888889,0.0
v1.0,v1.0,v1.0,A0_attack_only,D0_weak,P_alpha0.75,3,0.5991256313131313,0.9927417604726703,0.6092023116752199,,0.3458333333333333,0.47152777777777777,0.0
v1.0,v1.0,v1.0,A0_attack_only,D0_weak,P_alpha0.75,4,0.6167913510101011,0.9870001680107527,0.6047806695992178,,0.11527777777777778,0.5555555555555556,0.0
v1.0,v1.0,v1.0,A0_attack_only,D0_weak,P_alpha0.75,5,0.6280571338383839,0.9974000336021506,0.5425628258390354,,0.5763888888888888,0.3138888888888889,0.0
v1.0,v1.0,v1.0,A0_attack_only,D0_weak,P_alpha0.75,6,0.6068592171717172,0.9870001680107527,0.6123864145487128,,0.23055555555555557,0.5159722222222223,0.0
v1.0,v1.0,v1.0,A0_attack_only,D0_weak,P_alpha0.75,7,0.633325441919192,0.9938792457717294,0.551102796488066,,0.2881944444444444,0.4236111111111111,0.0
v1.0,v1.0,v1.0,A0_attack_only,D0_weak,P_alpha0.75,8,0.6072427398989899,0.9914959432403674,0.5984482393236803,,0.3458333333333333,0.4597222222222222,0.0
v1.0,v1.0,v1.0,A0_attack_only,D0_weak,P_alpha0.75,9,0.645853851010101,0.9914959432403674,0.5356704615459026,,0.23055555555555557,0.4236111111111111,0.0
v1.0,v1.0,v1.0,A0_attack_only,D0_weak,P_alpha0.75,10,0.5887263257575758,0.9870001680107527,0.6373595837406321,,0.27708333333333335,0.5222222222222223,0.0
v1.0,v1.0,v1.0,A0_attack_only,D0_weak,P_alpha0.75,11,0.6737563131313131,0.9991875105006721,0.4700311742678803,,0.47291666666666665,0.27291666666666664,0.0
v1.0,v1.0,v1.0,A0_attack_only,D0_weak,P_alpha0.75,12,0.6776073232323232,0.9932834201388889,0.471528961489899,,0.3486111111111111,0.3034722222222222,0.0
v1.0,v1.0,v1.0,A0_attack_only,D0_weak,P_alpha0.75,13,0.6603503787878788,0.9926334285394265,0.5048436736314761,,0.3458333333333333,0.34791666666666665,0.0
v1.0,v1.0,v1.0,A0_attack_only,D0_weak,P_alpha0.75,14,0.6519255050505051,0.9914959432403674,0.5118557519499429,,0.3909722222222222,0.32708333333333334,0.0
v1.0,v1.0,v1.0,A0_attack_only,D0_weak,P_alpha0.75,15,0.6374463383838385,0.9870001680107527,0.556868737781036,,0.33125,0.41597222222222224,0.0
v1.0,v1.0,v1.0,A0_attack_only,D0_weak,P_alpha0.75,16,0.6222143308080809,0.9883001512096775,0.5875199321847505,,0.17291666666666666,0.5097222222222222,0.0
v1.0,v1.0,v1.0,A0_attack_only,D0_weak,P_alpha0.75,17,0.57640625,0.9914959432403674,0.6603958403337813,,0.25833333333333336,0.5736111111111111,0.0
v1.0,v1.0,v1.0,A0_attack_only,D0_weak,P_alpha0.75,18,0.6061900252525253,0.9970750378024194,0.5858615960512381,,0.46111111111111114,0.40694444444444444,0.0
v1.0,v1.0,v1.0,A0_attack_only,D0_weak,P_alpha0.75,19,0.5917834595959597,0.9928500924059139,0.6321089295169436,,0.23055555555555557,0.5493055555555556,0.0
v1.0,v1.0,v1.0,A0_attack_only,D0_weak,P_alpha0.75,20,0.6260732323232324,0.9917126071068548,0.5630035835929863,,0.40347222222222223,0.39652777777777776,0.0
v1.0,v1.0,v1.0,A0_attack_only,D0_weak,P_alpha0.75,21,0.6076972853535355,0.9870001680107527,0.6142080685891167,,0.2881944444444444,0.5013888888888889,1.0
v1.0,v1.0,v1.0,A0_attack_only,D0_weak,P_alpha0.75,22,0.6617361111111112,0.995612556703629,0.49095937640008946,,0.42916666666666664,0.2986111111111111,0.0
v1.0,v1.0,v1.0,A0_attack_only,D0_weak,P_alpha0.75,23,0.6057354797979798,0.995991718469982,0.595359180260264,,0.2881944444444444,0.47847222222222224,0.0
v1.0,v1.0,v1.0,A0_attack_only,D0_weak,P_alpha0.75,24,0.6398453282828283,0.9870001680107527,0.5478030812153796,,0.28888888888888886,0.40902777777777777,0.0
v1.0,v1.0,v1.0,A0_attack_only,D0_weak,P_alpha0.75,25,0.6517234848484849,0.9908459516409049,0.5150947065157626,,0.3236111111111111,0.3527777777777778,0.0
v1.0,v1.0,v1.0,A0_attack_only,D0_weak,P_alpha0.75,26,0.6508065025252526,0.995991718469982,0.5086909353107689,,0.44583333333333336,0.3145833333333333,0.0
v1.0,v1.0,v1.0,A0_attack_only,D0_weak,P_alpha0.75,27,0.6004482323232324,0.9966417100694445,0.5995192155934342,,0.4305555555555556,0.43680555555555556,0.0
v1.0,v1.0,v1.0,A0_attack_only,D0_weak,P_alpha0.75,28,0.594910037878788,0.995991718469982,0.6209415666239002,,0.2875,0.5208333333333334,0.0
v1.0,v1.0,v1.0,A0_attack_only,D0_weak,P_alpha0.75,29,0.6439835858585858,0.9958833865367384,0.5290882947417725,,0.36527777777777776,0.3645833333333333,2.0
v1.0,v1.0,v1.0,A0_attack_only,D0_weak,P_alpha0.75,30,0.6216493055555556,0.995991718469982,0.5753134100582438,,0.2881944444444444,0.4666666666666667,0.0
v1.0,v1.0,v1.0,A0_attack_only,D0_weak,P_alpha0.75,31,0.635825441919192,0.9872709978438621,0.5554771384459514,,0.40347222222222223,0.3819444444444444,1.0
v1.0,v1.0,v1.0,A0_attack_only,D0_weak,P_alpha0.75,32,0.6432796717171717,0.993987577704973,0.5374074572590829,,0.2520833333333333,0.4236111111111111,0.0
v1.0,v1.0,v1.0,A0_attack_only,D0_weak,P_alpha0.75,33,0.6440625,0.9892209726422492,0.5317195550515231,,0.5104166666666666,0.3194444444444444,0.0
v1.0,v1.0,v1.0,A0_attack_only,D0_weak,P_alpha0.75,34,0.5886616161616162,0.9938792457717294,0.6284402333567531,,0.40347222222222223,0.4840277777777778,0.0
v1.0,v1.0,v1.0,A0_attack_only,D0_weak,P_alpha0.75,35,0.6673453282828283,0.9914959432403674,0.48438731760650855,,0.38958333333333334,0.29305555555555557,0.0
v1.0,v1.0,v1.0,A0_attack_only,D0_weak,P_alpha0.75,36,0.6008775252525254,0.9914959432403674,0.6122301206368115,,0.26875,0.49722222222222223,1.0
v1.0,v1.0,v1.0,A0_attack_only,D0_weak,P_alpha0.75,37,0.6175378787878788,0.9937709138384856,0.5853189690503829,,0.23055555555555557,0.49236111111111114,0.0
v1.0,v1.0,v1.0,A0_attack_only,D0_weak,P_alpha0.75,38,0.58421875,0.9914959432403674,0.6515069514448925,,0.23055555555555557,0.5784722222222223,0.0
v1.0,v1.0,v1.0,A0_attack_only,D0_weak,P_alpha0.75,39,0.6299747474747476,0.995991718469982,0.5424393570279407,,0.4583333333333333,0.34791666666666665,0.0
v1.0,v1.0,v1.0,A0_attack_only,D0_weak,P_alpha0.90,0,0.6837897727272728,0.8556840449606963,0.6919588177643361,,0.23680555555555555,0.5111111111111111,0.0
v1.0,v1.0,v1.0,A0_attack_only,D0_weak,P_alpha0.90,1,0.7190227272727273,0.9123950486467506,0.5563462699067275,,0.2951388888888889,0.40208333333333335,0.0
v1.0,v1.0,v1.0,A0_attack_only,D0_weak,P_alpha0.90,2,0.6407803030303032,0.7827704613549817,0.8674993100103854,,0.17430555555555555,0.6576388888888889,0.0
v1.0,v1.0,v1.0,A0_attack_only,D0_weak,P_alpha0.90,3,0.669382575757576,0.8884360696811877,0.6641121961805543,,0.3458333333333333,0.47152777777777777,0.0
v1.0,v1.0,v1.0,A0_attack_only,D0_weak,P_alpha0.90,4,0.7039172979797981,0.8374562382901602,0.6971074382942318,,0.11527777777777778,0.5555555555555556,0.0
v1.0,v1.0,v1.0,A0_attack_only,D0_weak,P_alpha0.90,5,0.6798554292929294,0.9531754617750099,0.5438340165770588,,0.5763888888888888,0.3138888888888889,0.0
v1.0,v1.0,v1.0,A0_attack_only,D0_weak,P_alpha0.90,6,0.6855517676767678,0.8678771558197912,0.676641478672816,,0.23055555555555557,0.5159722222222223,0.0
v1.0,v1.0,v1.0,A0_attack_only,D0_weak,P_alpha0.90,7,0.7077683080808083,0.9007718143506641,0.5883888480317282,,0.2881944444444444,0.4236111111111111,0.0
v1.0,v1.0,v1.0,A0_attack_only,D0_weak,P_alpha0.90,8,0.6774943181818183,0.8991513722787352,0.6390101461948106,,0.3458333333333333,0.4597222222222222,0.0
v1.0,v1.0,v1.0,A0_attack_only,D0_weak,P_alpha0.90,9,0.7245044191919193,0.8990203862592668,0.5679905617414049,,0.23055555555555557,0.4236111111111111,0.0
v1.0,v1.0,v1.0,A0_attack_only,D0_weak,P_alpha0.90,10,0.6632313762626265,0.8661592086438993,0.7078636844758055,,0.27708333333333335,0.5222222222222223,0.0
v1.0,v1.0,v1.0,A0_attack_only,D0_weak,P_alpha0.90,11,0.7319280303030304,0.9733279977191276,0.4428908724340165,,0.47291666666666665,0.27291666666666664,0.0
v1.0,v1.0,v1.0,A0_attack_only,D0_weak,P_alpha0.90,12,0.7475353535353536,0.9560925895166392,0.44622992793356825,,0.3486111111111111,0.3034722222222222,0.0
v1.0,v1.0,v1.0,A0_attack_only,D0_weak,P_alpha0.90,13,0.7301755050505052,0.9310188760717059,0.5089560103301144,,0.3458333333333333,0.34791666666666665,0.0
v1.0,v1.0,v1.0,A0_attack_only,D0_weak,P_alpha0.90,14,0.7180132575757577,0.9449070098668143,0.501674719472954,,0.3909722222222222,0.32708333333333334,0.0
v1.0,v1.0,v1.0,A0_attack_only,D0_weak,P_alpha0.90,15,0.706442234848485,0.8998059008049248,0.592505961963383,,0.33125,0.41597222222222224,0.0
v1.0,v1.0,v1.0,A0_attack_only,D0_weak,P_alpha0.90,16,0.7051117424242427,0.8621983933335378,0.6559446300199564,,0.17291666666666666,0.5097222222222222,0.0
v1.0,v1.0,v1.0,A0_attack_only,D0_weak,P_alpha0.90,17,0.6525997474747476,0.8291786854813257,0.7789830521698838,,0.25833333333333336,0.5736111111111111,0.0
v1.0,v1.0,v1.0,A0_attack_only,D0_weak,P_alpha0.90,18,0.6655669191919193,0.9074809734186632,0.6339975793723515,,0.46111111111111114,0.40694444444444444,0.0
v1.0,v1.0,v1.0,A0_attack_only,D0_weak,P_alpha0.90,19,0.6704911616161617,0.8347117664166875,0.7431672186838132,,0.23055555555555557,0.5493055555555556,0.0
v1.0,v1.0,v1.0,A0_attack_only,D0_weak,P_alpha0.90,20,0.6920883838383839,0.9242956340114865,0.5778887997922768,,0.40347222222222223,0.39652777777777776,0.0
v1.0,v1.0,v1.0,A0_attack_only,D0_weak,P_alpha0.90,21,0.6815852272727274,0.8762965676166918,0.6731644471427979,,0.2881944444444444,0.5013888888888889,1.0
v1.0,v1.0,v1.0,A0_attack_only,D0_weak,P_alpha0.90,22,0.7249684343434344,0.9570940831576864,0.4739492214228974,,0.42916666666666664,0.2986111111111111,0.0
v1.0,v1.0,v1.0,A0_attack_only,D0_weak,P_alpha0.90,23,0.6802032828282829,0.8719075428554709,0.6697923879673742,,0.2881944444444444,0.47847222222222224,0.0
v1.0,v1.0,v1.0,A0_attack_only,D0_weak,P_alpha0.90,24,0.7142184343434343,0.9096920493366129,0.5661997175637413,,0.28888888888888886,0.40902777777777777,0.0
v1.0,v1.0,v1.0,A0_attack_only,D0_weak,P_alpha0.90,25,0.7229144570707071,0.9289849557189849,0.5181369293998443,,0.3236111111111111,0.3527777777777778,0.0
v1.0,v1.0,v1.0,A0_attack_only,D0_weak,P_alpha0.90,26,0.7121016414141415,0.9473414115321573,0.5057761647472697,,0.44583333333333336,0.3145833333333333,0.0
v1.0,v1.0,v1.0,A0_attack_only,D0_weak,P_alpha0.90,27,0.661470643939394,0.8879109641653439,0.6689736990621933,,0.4305555555555556,0.43680555555555556,0.0
v1.0,v1.0,v1.0,A0_attack_only,D0_weak,P_alpha0.90,28,0.6693970959595962,0.851236909162187,0.7201602797124461,,0.2875,0.5208333333333334,0.0
v1.0,v1.0,v1.0,A0_attack_only,D0_weak,P_alpha0.90,29,0.7124242424242425,0.9205175364405146,0.5510866582915844,,0.36527777777777776,0.3645833333333333,2.0
v1.0,v1.0,v1.0,A0_attack_only,D0_weak,P_alpha0.90,30,0.6935675505050507,0.8721224753838797,0.6520382568120715,,0.2881944444444444,0.4666666666666667,0.0
v1.0,v1.0,v1.0,A0_attack_only,D0_weak,P_alpha0.90,31,0.700546085858586,0.9239805658016673,0.5667050129571909,,0.40347222222222223,0.3819444444444444,1.0
v1.0,v1.0,v1.0,A0_attack_only,D0_weak,P_alpha0.90,32,0.7199731691919194,0.8988209326760552,0.5749139338190365,,0.2520833333333333,0.4236111111111111,0.0
v1.0,v1.0,v1.0,A0_attack_only,D0_weak,P_alpha0.90,33,0.6994886363636366,0.9505888970985066,0.5226519093403778,,0.5104166666666666,0.3194444444444444,0.0
v1.0,v1.0,v1.0,A0_attack_only,D0_weak,P_alpha0.90,34,0.6522575757575759,0.8704950277726872,0.712905335359644,,0.40347222222222223,0.4840277777777778,0.0
v1.0,v1.0,v1.0,A0_attack_only,D0_weak,P_alpha0.90,35,0.7335438762626263,0.959954232025395,0.45603882308467747,,0.38958333333333334,0.29305555555555557,0.0
v1.0,v1.0,v1.0,A0_attack_only,D0_weak,P_alpha0.90,36,0.6760893308080809,0.8652829705192046,0.6884738823466514,,0.26875,0.49722222222222223,1.0
v1.0,v1.0,v1.0,A0_attack_only,D0_weak,P_alpha0.90,37,0.6962196969696971,0.865453047358668,0.6606185906443457,,0.23055555555555557,0.49236111111111114,0.0
v1.0,v1.0,v1.0,A0_attack_only,D0_weak,P_alpha0.90,38,0.6621079545454548,0.8265119497647856,0.7715985390701359,,0.23055555555555557,0.5784722222222223,0.0
v1.0,v1.0,v1.0,A0_attack_only,D0_weak,P_alpha0.90,39,0.6917601010101012,0.9420123631094214,0.5454292299252598,,0.4583333333333333,0.34791666666666665,0.0
v1.0,v1.0,v1.0,A0_attack_only,D0_weak,P_alpha1.00,0,0.7194191919191919,0.5768884217680839,0.9908841464035519,,0.23680555555555555,0.5111111111111111,0.0
v1.0,v1.0,v1.0,A0_attack_only,D0_weak,P_alpha1.00,1,0.7480113636363637,0.6330976791605569,0.8625144769265235,,0.2951388888888889,0.40208333333333335,0.0
v1.0,v1.0,v1.0,A0_attack_only,D0_weak,P_alpha1.00,2,0.685334595959596,0.5099265812102882,1.1503576732547247,,0.17430555555555555,0.6576388888888889,0.0
v1.0,v1.0,v1.0,A0_attack_only,D0_weak,P_alpha1.00,3,0.7026010101010102,0.5711339484817937,1.0116563072763929,,0.3458333333333333,0.47152777777777777,0.0
v1.0,v1.0,v1.0,A0_attack_only,D0_weak,P_alpha1.00,4,0.7422537878787879,0.5947288535557183,0.9500438100765723,,0.11527777777777778,0.5555555555555556,0.0
v1.0,v1.0,v1.0,A0_attack_only,D0_weak,P_alpha1.00,5,0.699993686868687,0.6024979189577222,0.9445088103820463,,0.5763888888888888,0.3138888888888889,0.0
v1.0,v1.0,v1.0,A0_attack_only,D0_weak,P_alpha1.00,6,0.7214772727272728,0.5854222129307183,0.9796619050891987,,0.23055555555555557,0.5159722222222223,0.0
v1.0,v1.0,v1.0,A0_attack_only,D0_weak,P_alpha1.00,7,0.7380681818181819,0.6139866660557183,0.9022311522482894,,0.2881944444444444,0.4236111111111111,0.0
v1.0,v1.0,v1.0,A0_attack_only,D0_weak,P_alpha1.00,8,0.709993686868687,0.5832330328231914,0.9856127848545944,,0.3458333333333333,0.4597222222222222,0.0
v1.0,v1.0,v1.0,A0_attack_only,D0_weak,P_alpha1.00,9,0.754804292929293,0.6345220953231913,0.855088637127322,,0.23055555555555557,0.4236111111111111,0.0
v1.0,v1.0,v1.0,A0_attack_only,D0_weak,P_alpha1.00,10,0.6995375631313133,0.5632477337640516,1.035051267462936,,0.27708333333333335,0.5222222222222223,0.0
v1.0,v1.0,v1.0,A0_attack_only,D0_weak,P_alpha1.00,11,0.7516098484848486,0.660906914406158,0.7981143542277617,,0.47291666666666665,0.27291666666666664,0.0
v1.0,v1.0,v1.0,A0_attack_only,D0_weak,P_alpha1.00,12,0.7705176767676767,0.6766238048325999,0.7586101463220922,,0.3486111111111111,0.3034722222222222,0.0
v1.0,v1.0,v1.0,A0_attack_only,D0_weak,P_alpha1.00,13,0.7550252525252527,0.6520882877413243,0.8188229688518247,,0.3458333333333333,0.34791666666666665,0.0
v1.0,v1.0,v1.0,A0_attack_only,D0_weak,P_alpha1.00,14,0.7424337121212122,0.6477284755315247,0.8338685061298471,,0.3909722222222222,0.32708333333333334,0.0
v1.0,v1.0,v1.0,A0_attack_only,D0_weak,P_alpha1.00,15,0.7328582702020202,0.6217879207905667,0.8997115026270776,,0.33125,0.41597222222222224,0.0
v1.0,v1.0,v1.0,A0_attack_only,D0_weak,P_alpha1.00,16,0.7406565656565658,0.6022048070167396,0.932392110367791,,0.17291666666666666,0.5097222222222222,0.0
v1.0,v1.0,v1.0,A0_attack_only,D0_weak,P_alpha1.00,17,0.6920359848484849,0.5371327724065248,1.0900019104859076,,0.25833333333333336,0.5736111111111111,0.0
v1.0,v1.0,v1.0,A0_attack_only,D0_weak,P_alpha1.00,18,0.6925126262626263,0.574510095918866,1.006616925301401,,0.46111111111111114,0.40694444444444444,0.0
v1.0,v1.0,v1.0,A0_attack_only,D0_weak,P_alpha1.00,19,0.7084469696969699,0.5558811973057183,1.0398080935361682,,0.23055555555555557,0.5493055555555556,0.0
v1.0,v1.0,v1.0,A0_attack_only,D0_weak,P_alpha1.00,20,0.7207386363636364,0.6090421096041053,0.9275427765558815,,0.40347222222222223,0.39652777777777776,0.0
v1.0,v1.0,v1.0,A0_attack_only,D0_weak,P_alpha1.00,21,0.7153030303030304,0.5833811973057182,0.9909450884856632,,0.2881944444444444,0.5013888888888889,1.0
v1.0,v1.0,v1.0,A0_attack_only,D0_weak,P_alpha1.00,22,0.7467550505050506,0.6538338621853613,0.8160748704280714,,0.42916666666666664,0.2986111111111111,0.0
v1.0,v1.0,v1.0,A0_attack_only,D0_weak,P_alpha1.00,23,0.713844696969697,0.5769040677694279,0.9901551439292117,,0.2881944444444444,0.47847222222222224,0.0
v1.0,v1.0,v1.0,A0_attack_only,D0_weak,P_alpha1.00,24,0.7436300505050506,0.6336709108473848,0.8680134675891986,,0.28888888888888886,0.40902777777777777,0.0
v1.0,v1.0,v1.0,A0_attack_only,D0_weak,P_alpha1.00,25,0.748899936868687,0.6486208226417396,0.8285884092945587,,0.3236111111111111,0.3527777777777778,0.0
v1.0,v1.0,v1.0,A0_attack_only,D0_weak,P_alpha1.00,26,0.7339015151515152,0.6370642125641494,0.8563089297715055,,0.44583333333333336,0.3145833333333333,0.0
v1.0,v1.0,v1.0,A0_attack_only,D0_weak,P_alpha1.00,27,0.6916745580808081,0.5645618737781035,1.0267886933854675,,0.4305555555555556,0.43680555555555556,0.0
v1.0,v1.0,v1.0,A0_attack_only,D0_weak,P_alpha1.00,28,0.705618686868687,0.5575510141739979,1.0363617627891824,,0.2875,0.5208333333333334,0.0
v1.0,v1.0,v1.0,A0_attack_only,D0_weak,P_alpha1.00,29,0.739128787878788,0.6300060712976537,0.872995871008472,,0.36527777777777776,0.3645833333333333,2.0
v1.0,v1.0,v1.0,A0_attack_only,D0_weak,P_alpha1.00,30,0.7255303030303032,0.5908928816898823,0.9575510167196157,,0.2881944444444444,0.4666666666666667,0.0
v1.0,v1.0,v1.0,A0_attack_only,D0_weak,P_alpha1.00,31,0.725429292929293,0.6229385748869743,0.9030721949841154,,0.40347222222222223,0.3819444444444444,1.0
v1.0,v1.0,v1.0,A0_attack_only,D0_weak,P_alpha1.00,32,0.7502730429292929,0.6278518584280299,0.8697769491792934,,0.2520833333333333,0.4236111111111111,0.0
v1.0,v1.0,v1.0,A0_attack_only,D0_weak,P_alpha1.00,33,0.7189457070707073,0.630053858901515,0.8878368844696969,,0.5104166666666666,0.3194444444444444,0.0
v1.0,v1.0,v1.0,A0_attack_only,D0_weak,P_alpha1.00,34,0.6841982323232325,0.5504113399621211,1.0650651041666666,,0.40347222222222223,0.4840277777777778,0.0
v1.0,v1.0,v1.0,A0_attack_only,D0_weak,P_alpha1.00,35,0.7558917297979799,0.6690891526148579,0.7827290648419684,,0.38958333333333334,0.29305555555555557,0.0
v1.0,v1.0,v1.0,A0_attack_only,D0_weak,P_alpha1.00,36,0.7108727904040405,0.574421183864858,1.0027245667359077,,0.26875,0.49722222222222223,1.0
v1.0,v1.0,v1.0,A0_attack_only,D0_weak,P_alpha1.00,37,0.7307070707070707,0.5907294625946966,0.9557995186237378,,0.23055555555555557,0.49236111111111114,0.0
v1.0,v1.0,v1.0,A0_attack_only,D0_weak,P_alpha1.00,38,0.6999810606060607,0.543332168713343,1.0735411702712612,,0.23055555555555557,0.5784722222222223,0.0
v1.0,v1.0,v1.0,A0_attack_only,D0_weak,P_alpha1.00,39,0.7174494949494951,0.6130751027156646,0.9144645484583741,,0.4583333333333333,0.34791666666666665,0.0
v1.0,v1.0,v1.0,A0_attack_only,D0_weak,P_availability_first,0,0.7194191919191919,0.5768884217680839,0.9908841464035519,,0.23680555555555555,0.5111111111111111,0.0
v1.0,v1.0,v1.0,A0_attack_only,D0_weak,P_availability_first,1,0.7480113636363637,0.6330976791605569,0.8625144769265235,,0.2951388888888889,0.40208333333333335,0.0
v1.0,v1.0,v1.0,A0_attack_only,D0_weak,P_availability_first,2,0.685334595959596,0.5099265812102882,1.1503576732547247,,0.17430555555555555,0.6576388888888889,0.0
v1.0,v1.0,v1.0,A0_attack_only,D0_weak,P_availability_first,3,0.7026010101010102,0.5711339484817937,1.0116563072763929,,0.3458333333333333,0.47152777777777777,0.0
v1.0,v1.0,v1.0,A0_attack_only,D0_weak,P_availability_first,4,0.7422537878787879,0.5947288535557183,0.9500438100765723,,0.11527777777777778,0.5555555555555556,0.0
v1.0,v1.0,v1.0,A0_attack_only,D0_weak,P_availability_first,5,0.699993686868687,0.6024979189577222,0.9445088103820463,,0.5763888888888888,0.3138888888888889,0.0
v1.0,v1.0,v1.0,A0_attack_only,D0_weak,P_availability_first,6,0.7214772727272728,0.5854222129307183,0.9796619050891987,,0.23055555555555557,0.5159722222222223,0.0
v1.0,v1.0,v1.0,A0_attack_only,D0_weak,P_availability_first,7,0.7380681818181819,0.6139866660557183,0.9022311522482894,,0.2881944444444444,0.4236111111111111,0.0
v1.0,v1.0,v1.0,A0_attack_only,D0_weak,P_availability_first,8,0.709993686868687,0.5832330328231914,0.9856127848545944,,0.3458333333333333,0.4597222222222222,0.0
v1.0,v1.0,v1.0,A0_attack_only,D0_weak,P_availability_first,9,0.754804292929293,0.6345220953231913,0.855088637127322,,0.23055555555555557,0.4236111111111111,0.0
v1.0,v1.0,v1.0,A0_attack_only,D0_weak,P_availability_first,10,0.6995375631313133,0.5632477337640516,1.035051267462936,,0.27708333333333335,0.5222222222222223,0.0
v1.0,v1.0,v1.0,A0_attack_only,D0_weak,P_availability_first,11,0.7516098484848486,0.660906914406158,0.7981143542277617,,0.47291666666666665,0.27291666666666664,0.0
v1.0,v1.0,v1.0,A0_attack_only,D0_weak,P_availability_first,12,0.7705176767676767,0.6766238048325999,0.7586101463220922,,0.3486111111111111,0.3034722222222222,0.0
v1.0,v1.0,v1.0,A0_attack_only,D0_weak,P_availability_first,13,0.7550252525252527,0.6520882877413243,0.8188229688518247,,0.3458333333333333,0.34791666666666665,0.0
v1.0,v1.0,v1.0,A0_attack_only,D0_weak,P_availability_first,14,0.7424337121212122,0.6477284755315247,0.8338685061298471,,0.3909722222222222,0.32708333333333334,0.0
v1.0,v1.0,v1.0,A0_attack_only,D0_weak,P_availability_first,15,0.7328582702020202,0.6217879207905667,0.8997115026270776,,0.33125,0.41597222222222224,0.0
v1.0,v1.0,v1.0,A0_attack_only,D0_weak,P_availability_first,16,0.7406565656565658,0.6022048070167396,0.932392110367791,,0.17291666666666666,0.5097222222222222,0.0
v1.0,v1.0,v1.0,A0_attack_only,D0_weak,P_availability_first,17,0.6920359848484849,0.5371327724065248,1.0900019104859076,,0.25833333333333336,0.5736111111111111,0.0
v1.0,v1.0,v1.0,A0_attack_only,D0_weak,P_availability_first,18,0.6925126262626263,0.574510095918866,1.006616925301401,,0.46111111111111114,0.40694444444444444,0.0
v1.0,v1.0,v1.0,A0_attack_only,D0_weak,P_availability_first,19,0.7084469696969699,0.5558811973057183,1.0398080935361682,,0.23055555555555557,0.5493055555555556,0.0
v1.0,v1.0,v1.0,A0_attack_only,D0_weak,P_availability_first,20,0.7207386363636364,0.6090421096041053,0.9275427765558815,,0.40347222222222223,0.39652777777777776,0.0
v1.0,v1.0,v1.0,A0_attack_only,D0_weak,P_availability_first,21,0.7153030303030304,0.5833811973057182,0.9909450884856632,,0.2881944444444444,0.5013888888888889,1.0
v1.0,v1.0,v1.0,A0_attack_only,D0_weak,P_availability_first,22,0.7467550505050506,0.6538338621853613,0.8160748704280714,,0.42916666666666664,0.2986111111111111,0.0
v1.0,v1.0,v1.0,A0_attack_only,D0_weak,P_availability_first,23,0.713844696969697,0.5769040677694279,0.9901551439292117,,0.2881944444444444,0.47847222222222224,0.0
v1.0,v1.0,v1.0,A0_attack_only,D0_weak,P_availability_first,24,0.7436300505050506,0.6336709108473848,0.8680134675891986,,0.28888888888888886,0.40902777777777777,0.0
v1.0,v1.0,v1.0,A0_attack_only,D0_weak,P_availability_first,25,0.748899936868687,0.6486208226417396,0.8285884092945587,,0.3236111111111111,0.3527777777777778,0.0
v1.0,v1.0,v1.0,A0_attack_only,D0_weak,P_availability_first,26,0.7339015151515152,0.6370642125641494,0.8563089297715055,,0.44583333333333336,0.3145833333333333,0.0
v1.0,v1.0,v1.0,A0_attack_only,D0_weak,P_availability_first,27,0.6916745580808081,0.5645618737781035,1.0267886933854675,,0.4305555555555556,0.43680555555555556,0.0
v1.0,v1.0,v1.0,A0_attack_only,D0_weak,P_availability_first,28,0.705618686868687,0.5575510141739979,1.0363617627891824,,0.2875,0.5208333333333334,0.0
v1.0,v1.0,v1.0,A0_attack_only,D0_weak,P_availability_first,29,0.739128787878788,0.6300060712976537,0.872995871008472,,0.36527777777777776,0.3645833333333333,2.0
v1.0,v1.0,v1.0,A0_attack_only,D0_weak,P_availability_first,30,0.7255303030303032,0.5908928816898823,0.9575510167196157,,0.2881944444444444,0.4666666666666667,0.0
v1.0,v1.0,v1.0,A0_attack_only,D0_weak,P_availability_first,31,0.725429292929293,0.6229385748869743,0.9030721949841154,,0.40347222222222223,0.3819444444444444,1.0
v1.0,v1.0,v1.0,A0_attack_only,D0_weak,P_availability_first,32,0.7502730429292929,0.6278518584280299,0.8697769491792934,,0.2520833333333333,0.4236111111111111,0.0
v1.0,v1.0,v1.0,A0_attack_only,D0_weak,P_availability_first,33,0.7189457070707073,0.630053858901515,0.8878368844696969,,0.5104166666666666,0.3194444444444444,0.0
v1.0,v1.0,v1.0,A0_attack_only,D0_weak,P_availability_first,34,0.6841982323232325,0.5504113399621211,1.0650651041666666,,0.40347222222222223,0.4840277777777778,0.0
v1.0,v1.0,v1.0,A0_attack_only,D0_weak,P_availability_first,35,0.7558917297979799,0.6690891526148579,0.7827290648419684,,0.38958333333333334,0.29305555555555557,0.0
v1.0,v1.0,v1.0,A0_attack_only,D0_weak,P_availability_first,36,0.7108727904040405,0.574421183864858,1.0027245667359077,,0.26875,0.49722222222222223,1.0
v1.0,v1.0,v1.0,A0_attack_only,D0_weak,P_availability_first,37,0.7307070707070707,0.5907294625946966,0.9557995186237378,,0.23055555555555557,0.49236111111111114,0.0
v1.0,v1.0,v1.0,A0_attack_only,D0_weak,P_availability_first,38,0.6999810606060607,0.543332168713343,1.0735411702712612,,0.23055555555555557,0.5784722222222223,0.0
v1.0,v1.0,v1.0,A0_attack_only,D0_weak,P_availability_first,39,0.7174494949494951,0.6130751027156646,0.9144645484583741,,0.4583333333333333,0.34791666666666665,0.0
v1.0,v1.0,v1.0,A0_attack_only,D0_weak,P_heat_first,0,0.5513825757575758,1.0,0.6511868686868687,,0.23680555555555555,0.5111111111111111,0.0
v1.0,v1.0,v1.0,A0_attack_only,D0_weak,P_heat_first,1,0.6020864898989899,1.0,0.5681565656565656,,0.2951388888888889,0.40208333333333335,0.0
v1.0,v1.0,v1.0,A0_attack_only,D0_weak,P_heat_first,2,0.4886710858585859,1.0,0.7589330808080808,,0.17430555555555555,0.6576388888888889,0.0
v1.0,v1.0,v1.0,A0_attack_only,D0_weak,P_heat_first,3,0.548888888888889,1.0,0.6507291666666666,,0.3458333333333333,0.47152777777777777,0.0
v1.0,v1.0,v1.0,A0_attack_only,D0_weak,P_heat_first,4,0.5579608585858586,1.0,0.6480113636363636,,0.11527777777777778,0.5555555555555556,0.0
v1.0,v1.0,v1.0,A0_attack_only,D0_weak,P_heat_first,5,0.5954987373737375,1.0,0.5720012626262625,,0.5763888888888888,0.3138888888888889,0.0
v1.0,v1.0,v1.0,A0_attack_only,D0_weak,P_heat_first,6,0.5520770202020202,1.0,0.6515688131313131,,0.23055555555555557,0.5159722222222223,0.0
v1.0,v1.0,v1.0,A0_attack_only,D0_weak,P_heat_first,7,0.5879892676767676,1.0,0.5890940656565657,,0.2881944444444444,0.4236111111111111,0.0
v1.0,v1.0,v1.0,A0_attack_only,D0_weak,P_heat_first,8,0.5582133838383838,1.0,0.6372727272727273,,0.3458333333333333,0.4597222222222222,0.0
v1.0,v1.0,v1.0,A0_attack_only,D0_weak,P_heat_first,9,0.6005176767676768,1.0,0.5708017676767677,,0.23055555555555557,0.4236111111111111,0.0
v1.0,v1.0,v1.0,A0_attack_only,D0_weak,P_heat_first,10,0.5333049242424243,1.0,0.6771811868686869,,0.27708333333333335,0.5222222222222223,0.0
v1.0,v1.0,v1.0,A0_attack_only,D0_weak,P_heat_first,11,0.6444760101010101,1.0,0.49833648989898993,,0.47291666666666665,0.27291666666666664,0.0
v1.0,v1.0,v1.0,A0_attack_only,D0_weak,P_heat_first,12,0.6445580808080807,1.0,0.49651830808080816,,0.3486111111111111,0.3034722222222222,0.0
v1.0,v1.0,v1.0,A0_attack_only,D0_weak,P_heat_first,13,0.6231313131313131,1.0,0.5332228535353536,,0.3458333333333333,0.34791666666666665,0.0
v1.0,v1.0,v1.0,A0_attack_only,D0_weak,P_heat_first,14,0.61646148989899,1.0,0.537114898989899,,0.3909722222222222,0.32708333333333334,0.0
v1.0,v1.0,v1.0,A0_attack_only,D0_weak,P_heat_first,15,0.5944207702020201,1.0,0.5842945075757577,,0.33125,0.41597222222222224,0.0
v1.0,v1.0,v1.0,A0_attack_only,D0_weak,P_heat_first,16,0.5680713383838384,1.0,0.627623106060606,,0.17291666666666666,0.5097222222222222,0.0
v1.0,v1.0,v1.0,A0_attack_only,D0_weak,P_heat_first,17,0.5157291666666667,1.0,0.7108680555555555,,0.25833333333333336,0.5736111111111111,0.0
v1.0,v1.0,v1.0,A0_attack_only,D0_weak,P_heat_first,18,0.563604797979798,1.0,0.6249368686868686,,0.46111111111111114,0.40694444444444444,0.0
v1.0,v1.0,v1.0,A0_attack_only,D0_weak,P_heat_first,19,0.5335921717171718,1.0,0.6817203282828282,,0.23055555555555557,0.5493055555555556,0.0
v1.0,v1.0,v1.0,A0_attack_only,D0_weak,P_heat_first,20,0.5835069444444444,1.0,0.5956250000000001,,0.40347222222222223,0.39652777777777776,0.0
v1.0,v1.0,v1.0,A0_attack_only,D0_weak,P_heat_first,21,0.5549968434343435,1.0,0.651308712121212,,0.2881944444444444,0.5013888888888889,1.0
v1.0,v1.0,v1.0,A0_attack_only,D0_weak,P_heat_first,22,0.6295864898989898,1.0,0.5178440656565657,,0.42916666666666664,0.2986111111111111,0.0
v1.0,v1.0,v1.0,A0_attack_only,D0_weak,P_heat_first,23,0.55478851010101,1.0,0.6414962121212122,,0.2881944444444444,0.47847222222222224,0.0
v1.0,v1.0,v1.0,A0_attack_only,D0_weak,P_heat_first,24,0.5960006313131313,1.0,0.5760479797979798,,0.28888888888888886,0.40902777777777777,0.0
v1.0,v1.0,v1.0,A0_attack_only,D0_weak,P_heat_first,25,0.6136316287878788,1.0,0.5422017045454546,,0.3236111111111111,0.3527777777777778,0.0
v1.0,v1.0,v1.0,A0_attack_only,D0_weak,P_heat_first,26,0.6174526515151515,1.0,0.5372348484848485,,0.44583333333333336,0.3145833333333333,0.0
v1.0,v1.0,v1.0,A0_attack_only,D0_weak,P_heat_first,27,0.5541650883838385,1.0,0.6417724116161615,,0.4305555555555556,0.43680555555555556,0.0
v1.0,v1.0,v1.0,A0_attack_only,D0_weak,P_heat_first,28,0.5396306818181817,1.0,0.6714109848484849,,0.2875,0.5208333333333334,0.0
v1.0,v1.0,v1.0,A0_attack_only,D0_weak,P_heat_first,29,0.6046843434343434,1.0,0.563447601010101,,0.36527777777777776,0.3645833333333333,2.0
v1.0,v1.0,v1.0,A0_attack_only,D0_weak,P_heat_first,30,0.5723390151515152,1.0,0.6198137626262625,,0.2881944444444444,0.4666666666666667,0.0
v1.0,v1.0,v1.0,A0_attack_only,D0_weak,P_heat_first,31,0.5960385101010102,1.0,0.5799892676767675,,0.40347222222222223,0.3819444444444444,1.0
v1.0,v1.0,v1.0,A0_attack_only,D0_weak,P_heat_first,32,0.5979434974747474,1.0,0.5755287247474749,,0.2520833333333333,0.4236111111111111,0.0
v1.0,v1.0,v1.0,A0_attack_only,D0_weak,P_heat_first,33,0.6113920454545455,1.0,0.5514551767676766,,0.5104166666666666,0.3194444444444444,0.0
v1.0,v1.0,v1.0,A0_attack_only,D0_weak,P_heat_first,34,0.5380587121212121,1.0,0.6716982323232323,,0.40347222222222223,0.4840277777777778,0.0
v1.0,v1.0,v1.0,A0_attack_only,D0_weak,P_heat_first,35,0.6353614267676767,1.0,0.5061663510101011,,0.38958333333333334,0.29305555555555557,0.0
v1.0,v1.0,v1.0,A0_attack_only,D0_weak,P_heat_first,36,0.5480129419191919,1.0,0.6548898358585858,,0.26875,0.49722222222222223,1.0
v1.0,v1.0,v1.0,A0_attack_only,D0_weak,P_heat_first,37,0.5651704545454544,1.0,0.63021148989899,,0.23055555555555557,0.49236111111111114,0.0
v1.0,v1.0,v1.0,A0_attack_only,D0_weak,P_heat_first,38,0.5238762626262627,1.0,0.7016445707070706,,0.23055555555555557,0.5784722222222223,0.0
v1.0,v1.0,v1.0,A0_attack_only,D0_weak,P_heat_first,39,0.5923800505050505,1.0,0.5752241161616162,,0.4583333333333333,0.34791666666666665,0.0
v1.0,v1.0,v1.0,A0_attack_only,D0_weak,P_balanced,0,0.6056676136363636,0.994041743671595,0.6040517384021669,,0.23680555555555555,0.5111111111111111,0.0
v1.0,v1.0,v1.0,A0_attack_only,D0_weak,P_balanced,1,0.6452209595959597,0.9922542667730735,0.5343169758319076,,0.2951388888888889,0.40208333333333335,0.0
v1.0,v1.0,v1.0,A0_attack_only,D0_weak,P_balanced,2,0.5579419191919193,0.990466789874552,0.701102099625285,,0.17430555555555555,0.6576388888888889,0.0
v1.0,v1.0,v1.0,A0_attack_only,D0_weak,P_balanced,3,0.5991256313131313,0.9927417604726703,0.6092023116752199,,0.3458333333333333,0.47152777777777777,0.0
v1.0,v1.0,v1.0,A0_attack_only,D0_weak,P_balanced,4,0.6167913510101011,0.9870001680107527,0.6047806695992178,,0.11527777777777778,0.5555555555555556,0.0
v1.0,v1.0,v1.0,A0_attack_only,D0_weak,P_balanced,5,0.6280571338383839,0.9974000336021506,0.5425628258390354,,0.5763888888888888,0.3138888888888889,0.0
v1.0,v1.0,v1.0,A0_attack_only,D0_weak,P_balanced,6,0.6068592171717172,0.9870001680107527,0.6123864145487128,,0.23055555555555557,0.5159722222222223,0.0
v1.0,v1.0,v1.0,A0_attack_only,D0_weak,P_balanced,7,0.633325441919192,0.9938792457717294,0.551102796488066,,0.2881944444444444,0.4236111111111111,0.0
v1.0,v1.0,v1.0,A0_attack_only,D0_weak,P_balanced,8,0.6072427398989899,0.9914959432403674,0.5984482393236803,,0.3458333333333333,0.4597222222222222,0.0
v1.0,v1.0,v1.0,A0_attack_only,D0_weak,P_balanced,9,0.645853851010101,0.9914959432403674,0.5356704615459026,,0.23055555555555557,0.4236111111111111,0.0
v1.0,v1.0,v1.0,A0_attack_only,D0_weak,P_balanced,10,0.5887263257575758,0.9870001680107527,0.6373595837406321,,0.27708333333333335,0.5222222222222223,0.0
v1.0,v1.0,v1.0,A0_attack_only,D0_weak,P_balanced,11,0.6737563131313131,0.9991875105006721,0.4700311742678803,,0.47291666666666665,0.27291666666666664,0.0
v1.0,v1.0,v1.0,A0_attack_only,D0_weak,P_balanced,12,0.6776073232323232,0.9932834201388889,0.471528961489899,,0.3486111111111111,0.3034722222222222,0.0
v1.0,v1.0,v1.0,A0_attack_only,D0_weak,P_balanced,13,0.6603503787878788,0.9926334285394265,0.5048436736314761,,0.3458333333333333,0.34791666666666665,0.0
v1.0,v1.0,v1.0,A0_attack_only,D0_weak,P_balanced,14,0.6519255050505051,0.9914959432403674,0.5118557519499429,,0.3909722222222222,0.32708333333333334,0.0
v1.0,v1.0,v1.0,A0_attack_only,D0_weak,P_balanced,15,0.6374463383838385,0.9870001680107527,0.556868737781036,,0.33125,0.41597222222222224,0.0
v1.0,v1.0,v1.0,A0_attack_only,D0_weak,P_balanced,16,0.6222143308080809,0.9883001512096775,0.5875199321847505,,0.17291666666666666,0.5097222222222222,0.0
v1.0,v1.0,v1.0,A0_attack_only,D0_weak,P_balanced,17,0.57640625,0.9914959432403674,0.6603958403337813,,0.25833333333333336,0.5736111111111111,0.0
v1.0,v1.0,v1.0,A0_attack_only,D0_weak,P_balanced,18,0.6061900252525253,0.9970750378024194,0.5858615960512381,,0.46111111111111114,0.40694444444444444,0.0
v1.0,v1.0,v1.0,A0_attack_only,D0_weak,P_balanced,19,0.5917834595959597,0.9928500924059139,0.6321089295169436,,0.23055555555555557,0.5493055555555556,0.0
v1.0,v1.0,v1.0,A0_attack_only,D0_weak,P_balanced,20,0.6260732323232324,0.9917126071068548,0.5630035835929863,,0.40347222222222223,0.39652777777777776,0.0
v1.0,v1.0,v1.0,A0_attack_only,D0_weak,P_balanced,21,0.6076972853535355,0.9870001680107527,0.6142080685891167,,0.2881944444444444,0.5013888888888889,1.0
v1.0,v1.0,v1.0,A0_attack_only,D0_weak,P_balanced,22,0.6617361111111112,0.995612556703629,0.49095937640008946,,0.42916666666666664,0.2986111111111111,0.0
v1.0,v1.0,v1.0,A0_attack_only,D0_weak,P_balanced,23,0.6057354797979798,0.995991718469982,0.595359180260264,,0.2881944444444444,0.47847222222222224,0.0
v1.0,v1.0,v1.0,A0_attack_only,D0_weak,P_balanced,24,0.6398453282828283,0.9870001680107527,0.5478030812153796,,0.28888888888888886,0.40902777777777777,0.0
v1.0,v1.0,v1.0,A0_attack_only,D0_weak,P_balanced,25,0.6517234848484849,0.9908459516409049,0.5150947065157626,,0.3236111111111111,0.3527777777777778,0.0
v1.0,v1.0,v1.0,A0_attack_only,D0_weak,P_balanced,26,0.6508065025252526,0.995991718469982,0.5086909353107689,,0.44583333333333336,0.3145833333333333,0.0
v1.0,v1.0,v1.0,A0_attack_only,D0_weak,P_balanced,27,0.6004482323232324,0.9966417100694445,0.5995192155934342,,0.4305555555555556,0.43680555555555556,0.0
v1.0,v1.0,v1.0,A0_attack_only,D0_weak,P_balanced,28,0.594910037878788,0.995991718469982,0.6209415666239002,,0.2875,0.5208333333333334,0.0
v1.0,v1.0,v1.0,A0_attack_only,D0_weak,P_balanced,29,0.6439835858585858,0.9958833865367384,0.5290882947417725,,0.36527777777777776,0.3645833333333333,2.0
v1.0,v1.0,v1.0,A0_attack_only,D0_weak,P_balanced,30,0.6216493055555556,0.995991718469982,0.5753134100582438,,0.2881944444444444,0.4666666666666667,0.0
v1.0,v1.0,v1.0,A0_attack_only,D0_weak,P_balanced,31,0.635825441919192,0.9872709978438621,0.5554771384459514,,0.40347222222222223,0.3819444444444444,1.0
v1.0,v1.0,v1.0,A0_attack_only,D0_weak,P_balanced,32,0.6432796717171717,0.993987577704973,0.5374074572590829,,0.2520833333333333,0.4236111111111111,0.0
v1.0,v1.0,v1.0,A0_attack_only,D0_weak,P_balanced,33,0.6440625,0.9892209726422492,0.5317195550515231,,0.5104166666666666,0.3194444444444444,0.0
v1.0,v1.0,v1.0,A0_attack_only,D0_weak,P_balanced,34,0.5886616161616162,0.9938792457717294,0.6284402333567531,,0.40347222222222223,0.4840277777777778,0.0
v1.0,v1.0,v1.0,A0_attack_only,D0_weak,P_balanced,35,0.6673453282828283,0.9914959432403674,0.48438731760650855,,0.38958333333333334,0.29305555555555557,0.0
v1.0,v1.0,v1.0,A0_attack_only,D0_weak,P_balanced,36,0.6008775252525254,0.9914959432403674,0.6122301206368115,,0.26875,0.49722222222222223,1.0
v1.0,v1.0,v1.0,A0_attack_only,D0_weak,P_balanced,37,0.6175378787878788,0.9937709138384856,0.5853189690503829,,0.23055555555555557,0.49236111111111114,0.0
v1.0,v1.0,v1.0,A0_attack_only,D0_weak,P_balanced,38,0.58421875,0.9914959432403674,0.6515069514448925,,0.23055555555555557,0.5784722222222223,0.0
v1.0,v1.0,v1.0,A0_attack_only,D0_weak,P_balanced,39,0.6299747474747476,0.995991718469982,0.5424393570279407,,0.4583333333333333,0.34791666666666665,0.0
v1.0,v1.0,v1.0,A0_attack_only,D0_weak,P_no_containment,0,0.5548484848484848,0.9441568294461743,0.7739341531494395,,0.0,0.7479166666666667,0.0
v1.0,v1.0,v1.0,A0_attack_only,D0_weak,P_no_containment,1,0.5777761994949496,0.9497462496690683,0.7265560786799462,,0.0,0.6972222222222222,0.0
v1.0,v1.0,v1.0,A0_attack_only,D0_weak,P_no_containment,2,0.5168450126262627,0.9348921740082264,0.8524649341194211,,0.0,0.8319444444444445,0.0
v1.0,v1.0,v1.0,A0_attack_only,D0_weak,P_no_containment,3,0.5234406565656566,0.9365000894148124,0.8388356250254573,,0.0,0.8173611111111111,0.0
v1.0,v1.0,v1.0,A0_attack_only,D0_weak,P_no_containment,4,0.5897111742424243,0.9526558108809857,0.7018935193670595,,0.0,0.6708333333333333,0.0
v1.0,v1.0,v1.0,A0_attack_only,D0_weak,P_no_containment,5,0.5086789772727274,0.9329014216000723,0.8693393168071859,,0.0,0.85,0.0
v1.0,v1.0,v1.0,A0_attack_only,D0_weak,P_no_containment,6,0.5554766414141414,0.9443099642468015,0.772636123711919,,0.0,0.7465277777777778,0.0
v1.0,v1.0,v1.0,A0_attack_only,D0_weak,P_no_containment,7,0.5711805555555556,0.9481383342624824,0.74018538777391,,0.0,0.7118055555555556,0.0
v1.0,v1.0,v1.0,A0_attack_only,D0_weak,P_no_containment,8,0.5287799873737374,0.937801735220144,0.8278023748065342,,0.0,0.8055555555555556,0.0
v1.0,v1.0,v1.0,A0_attack_only,D0_weak,P_no_containment,9,0.5972490530303031,0.9544934284885127,0.686317166116815,,0.0,0.6541666666666667,0.0
v1.0,v1.0,v1.0,A0_attack_only,D0_weak,P_no_containment,10,0.531606691919192,0.9384908418229665,0.8219612423376926,,0.0,0.7993055555555556,0.0
v1.0,v1.0,v1.0,A0_attack_only,D0_weak,P_no_containment,11,0.5818592171717173,0.9507416258731454,0.7181188873360638,,0.0,0.6881944444444444,0.0
v1.0,v1.0,v1.0,A0_attack_only,D0_weak,P_no_containment,12,0.5981912878787878,0.9547231306894535,0.6843701219605347,,0.0,0.6520833333333333,0.0
v1.0,v1.0,v1.0,A0_attack_only,D0_weak,P_no_containment,13,0.5837436868686869,0.9512010302750271,0.7142247990235028,,0.0,0.6840277777777778,0.0
v1.0,v1.0,v1.0,A0_attack_only,D0_weak,P_no_containment,14,0.568353851010101,0.9474492276596597,0.7460265202427518,,0.0,0.7180555555555556,0.0
v1.0,v1.0,v1.0,A0_attack_only,D0_weak,P_no_containment,15,0.5730650252525252,0.948597738664364,0.7362912994613491,,0.0,0.7076388888888889,0.0
v1.0,v1.0,v1.0,A0_attack_only,D0_weak,P_no_containment,16,0.5843718434343435,0.9513541650756543,0.7129267695859824,,0.0,0.6826388888888889,0.0
v1.0,v1.0,v1.0,A0_attack_only,D0_weak,P_no_containment,17,0.5168450126262627,0.9348921740082264,0.8524649341194211,,0.0,0.8319444444444445,0.0
v1.0,v1.0,v1.0,A0_attack_only,D0_weak,P_no_containment,18,0.5265814393939394,0.9372657634179486,0.8323454778378556,,0.0,0.8104166666666667,0.0
v1.0,v1.0,v1.0,A0_attack_only,D0_weak,P_no_containment,19,0.5404008838383839,0.9406347290317478,0.8037888302124077,,0.0,0.7798611111111111,0.0
v1.0,v1.0,v1.0,A0_attack_only,D0_weak,P_no_containment,20,0.5312926136363637,0.9384142744226529,0.8226102570564529,,0.0,0.8,0.0
v1.0,v1.0,v1.0,A0_attack_only,D0_weak,P_no_containment,21,0.5429135101010102,0.9412472682342568,0.8005967124623261,,0.0,0.7743055555555556,1.0
v1.0,v1.0,v1.0,A0_attack_only,D0_weak,P_no_containment,22,0.5686679292929294,0.9475257950599734,0.7453775055239915,,0.0,0.7173611111111111,0.0
v1.0,v1.0,v1.0,A0_attack_only,D0_weak,P_no_containment,23,0.5463683712121212,0.9420895096377064,0.7914575505559643,,0.0,0.7666666666666667,0.0
v1.0,v1.0,v1.0,A0_attack_only,D0_weak,P_no_containment,24,0.5774621212121211,0.9496696822687547,0.7272050933987065,,0.0,0.6979166666666666,0.0
v1.0,v1.0,v1.0,A0_attack_only,D0_weak,P_no_containment,25,0.587198547979798,0.9520432716784768,0.707085637117141,,0.0,0.6763888888888889,0.0
v1.0,v1.0,v1.0,A0_attack_only,D0_weak,P_no_containment,26,0.5589315025252526,0.9451522056502512,0.7654969618055572,,0.0,0.7388888888888889,0.0
v1.0,v1.0,v1.0,A0_attack_only,D0_weak,P_no_containment,27,0.5268955176767678,0.9373423308182623,0.8316964631190952,,0.0,0.8097222222222222,0.0
v1.0,v1.0,v1.0,A0_attack_only,D0_weak,P_no_containment,28,0.5275236742424243,0.9374954656188894,0.8303984336815751,,0.0,0.8083333333333333,0.0
v1.0,v1.0,v1.0,A0_attack_only,D0_weak,P_no_containment,29,0.5630145202020203,0.9461475818543282,0.7610597704616747,,0.0,0.7298611111111111,2.0
v1.0,v1.0,v1.0,A0_attack_only,D0_weak,P_no_containment,30,0.5777761994949496,0.9497462496690683,0.7265560786799462,,0.0,0.6972222222222222,0.0
v1.0,v1.0,v1.0,A0_attack_only,D0_weak,P_no_containment,31,0.5529640151515152,0.9436974250442925,0.7798282414620004,,0.0,0.7520833333333333,1.0
v1.0,v1.0,v1.0,A0_attack_only,D0_weak,P_no_containment,32,0.5875126262626262,0.9521198390787905,0.7064366223983807,,0.0,0.6756944444444445,0.0
v1.0,v1.0,v1.0,A0_attack_only,D0_weak,P_no_containment,33,0.5425994318181818,0.941170700833943,0.7992457271810866,,0.0,0.775,0.0
v1.0,v1.0,v1.0,A0_attack_only,D0_weak,P_no_containment,34,0.5177872474747476,0.9351218762091673,0.8505178899631405,,0.0,0.8298611111111112,0.0
v1.0,v1.0,v1.0,A0_attack_only,D0_weak,P_no_containment,35,0.5843718434343435,0.9513541650756543,0.7129267695859824,,0.0,0.6826388888888889,0.0
v1.0,v1.0,v1.0,A0_attack_only,D0_weak,P_no_containment,36,0.5466824494949495,0.9421660770380201,0.7928085358372041,,0.0,0.7659722222222223,1.0
v1.0,v1.0,v1.0,A0_attack_only,D0_weak,P_no_containment,37,0.566155303030303,0.9469132558574644,0.750569623274073,,0.0,0.7229166666666667,0.0
v1.0,v1.0,v1.0,A0_attack_only,D0_weak,P_no_containment,38,0.5369460227272729,0.9397924876282979,0.8109279921187695,,0.0,0.7875,0.0
v1.0,v1.0,v1.0,A0_attack_only,D0_weak,P_no_containment,39,0.5284659090909091,0.9377251678198304,0.8284513895252945,,0.0,0.80625,0.0
v1.0,v1.0,v1.0,A0_attack_only,D0_weak,P_aggressive,0,0.6833775252525253,0.9983208550347222,0.4278041153724747,,0.7027777777777777,0.1111111111111111,0.0
v1.0,v1.0,v1.0,A0_attack_only,D0_weak,P_aggressive,1,0.6767803030303031,0.9983208550347222,0.4230471709280302,,0.6840277777777778,0.08402777777777778,0.0
v1.0,v1.0,v1.0,A0_attack_only,D0_weak,P_aggressive,2,0.6345628156565657,0.9990250126008065,0.4856696692224665,,0.81875,0.10625,0.0
v1.0,v1.0,v1.0,A0_attack_only,D0_weak,P_aggressive,3,0.669799558080808,0.9995125063004031,0.4315493232475971,,0.8229166666666666,0.05277777777777778,0.0
v1.0,v1.0,v1.0,A0_attack_only,D0_weak,P_aggressive,4,0.6994144570707072,0.9984833529345878,0.39101663051889857,,0.7208333333333333,0.04722222222222222,0.0
v1.0,v1.0,v1.0,A0_attack_only,D0_weak,P_aggressive,5,0.6513652146464648,0.9995125063004031,0.45915033334860705,,0.8756944444444444,0.06388888888888888,0.0
v1.0,v1.0,v1.0,A0_attack_only,D0_weak,P_aggressive,6,0.66359375,0.9998375021001344,0.4409068030353942,,0.7076388888888889,0.09583333333333334,0.0
v1.0,v1.0,v1.0,A0_attack_only,D0_weak,P_aggressive,7,0.6906123737373737,0.9981041911682348,0.41551676352741124,,0.6861111111111111,0.10069444444444445,0.0
v1.0,v1.0,v1.0,A0_attack_only,D0_weak,P_aggressive,8,0.6627556818181818,0.9998375021001344,0.43483514899499015,,0.8791666666666667,0.027083333333333334,0.0
v1.0,v1.0,v1.0,A0_attack_only,D0_weak,P_aggressive,9,0.7040735479797979,0.9992416764672939,0.38930171803722713,,0.6694444444444444,0.07291666666666667,0.0
v1.0,v1.0,v1.0,A0_attack_only,D0_weak,P_aggressive,10,0.6726246843434343,0.9998375021001344,0.42927170202529324,,0.8444444444444444,0.049305555555555554,0.0
v1.0,v1.0,v1.0,A0_attack_only,D0_weak,P_aggressive,11,0.6740940656565657,0.9982666890681002,0.42611090746171404,,0.7138888888888889,0.0763888888888889,0.0
v1.0,v1.0,v1.0,A0_attack_only,D0_weak,P_aggressive,12,0.6921496212121212,0.9989708466341847,0.3947103628268572,,0.6763888888888889,0.05138888888888889,0.0
v1.0,v1.0,v1.0,A0_attack_only,D0_weak,P_aggressive,13,0.6962736742424243,0.9983750210013441,0.3965096338892961,,0.7236111111111111,0.05277777777777778,0.0
v1.0,v1.0,v1.0,A0_attack_only,D0_weak,P_aggressive,14,0.6914678030303031,0.9988083487343189,0.4066982895996254,,0.7631944444444444,0.058333333333333334,0.0
v1.0,v1.0,v1.0,A0_attack_only,D0_weak,P_aggressive,15,0.6910258838383838,0.9986458508344535,0.40764770627138314,,0.7444444444444445,0.06458333333333334,0.0
v1.0,v1.0,v1.0,A0_attack_only,D0_weak,P_aggressive,16,0.6985321969696969,0.9993500084005376,0.389435292949658,,0.7284722222222222,0.04097222222222222,0.0
v1.0,v1.0,v1.0,A0_attack_only,D0_weak,P_aggressive,17,0.6598690025252526,0.9982666890681002,0.44936374837080495,,0.8430555555555556,0.06527777777777778,0.0
v1.0,v1.0,v1.0,A0_attack_only,D0_weak,P_aggressive,18,0.6625852272727273,0.9996750042002688,0.44693671213139463,,0.8361111111111111,0.07291666666666667,0.0
v1.0,v1.0,v1.0,A0_attack_only,D0_weak,P_aggressive,19,0.6858791035353536,0.999620838233647,0.4134300572509366,,0.7965277777777777,0.05486111111111111,0.0
v1.0,v1.0,v1.0,A0_attack_only,D0_weak,P_aggressive,20,0.668582702020202,0.9988083487343189,0.42909727949861537,,0.7826388888888889,0.05138888888888889,0.0
v1.0,v1.0,v1.0,A0_attack_only,D0_weak,P_aggressive,21,0.6720833333333333,0.9998375021001344,0.42830610859094986,,0.8993055555555556,0.02361111111111111,1.0
v1.0,v1.0,v1.0,A0_attack_only,D0_weak,P_aggressive,22,0.6971843434343434,0.9996750042002688,0.39726815152533407,,0.7729166666666667,0.04791666666666667,0.0
v1.0,v1.0,v1.0,A0_attack_only,D0_weak,P_aggressive,23,0.6723690025252524,0.9990791785674283,0.44265959430494467,,0.675,0.1326388888888889,0.0
v1.0,v1.0,v1.0,A0_attack_only,D0_weak,P_aggressive,24,0.6956991792929293,0.9964792121695789,0.4078313216591315,,0.7013888888888888,0.08333333333333333,0.0
v1.0,v1.0,v1.0,A0_attack_only,D0_weak,P_aggressive,25,0.7049621212121213,0.9950708970374104,0.39793196900965294,,0.6854166666666667,0.08125,0.0
v1.0,v1.0,v1.0,A0_attack_only,D0_weak,P_aggressive,26,0.6963589015151516,0.9998375021001344,0.3981763737424649,,0.7902777777777777,0.04375,0.0
v1.0,v1.0,v1.0,A0_attack_only,D0_weak,P_aggressive,27,0.6547506313131314,0.9977791953685036,0.45947683424466434,,0.83125,0.08125,0.0
v1.0,v1.0,v1.0,A0_attack_only,D0_weak,P_aggressive,28,0.6678267045454546,0.9987541827676971,0.44509188724442006,,0.7715277777777778,0.09791666666666667,0.0
v1.0,v1.0,v1.0,A0_attack_only,D0_weak,P_aggressive,29,0.6790703914141415,0.9983750210013441,0.42868513893980115,,0.7895833333333333,0.06527777777777778,2.0
v1.0,v1.0,v1.0,A0_attack_only,D0_weak,P_aggressive,30,0.7018765782828282,0.999620838233647,0.38607841583679536,,0.7534722222222222,0.034722222222222224,0.0
v1.0,v1.0,v1.0,A0_attack_only,D0_weak,P_aggressive,31,0.6702541035353536,0.996425046202957,0.4448900076877646,,0.7652777777777777,0.09236111111111112,1.0
v1.0,v1.0,v1.0,A0_attack_only,D0_weak,P_aggressive,32,0.7153203914141415,0.9998375021001344,0.3631037727323638,,0.73125,0.014583333333333334,0.0
v1.0,v1.0,v1.0,A0_attack_only,D0_weak,P_aggressive,33,0.6884611742424244,0.9993500084005376,0.41009659345470834,,0.8173611111111111,0.04583333333333333,0.0
v1.0,v1.0,v1.0,A0_attack_only,D0_weak,P_aggressive,34,0.6706107954545455,0.9991333445340501,0.4392139133268166,,0.8472222222222222,0.06875,0.0
v1.0,v1.0,v1.0,A0_attack_only,D0_weak,P_aggressive,35,0.7162578914141414,0.999620838233647,0.3705512693721488,,0.7298611111111111,0.03819444444444445,0.0
v1.0,v1.0,v1.0,A0_attack_only,D0_weak,P_aggressive,36,0.6654450757575758,0.9997833361335126,0.44483575421554244,,0.8444444444444444,0.06736111111111111,1.0
v1.0,v1.0,v1.0,A0_attack_only,D0_weak,P_aggressive,37,0.6845928030303031,0.9998375021001344,0.40928275000509107,,0.7569444444444444,0.05138888888888889,0.0
v1.0,v1.0,v1.0,A0_attack_only,D0_weak,P_aggressive,38,0.6613525883838384,0.9996750042002688,0.45053046213139464,,0.7916666666666666,0.09236111111111112,0.0
v1.0,v1.0,v1.0,A0_attack_only,D0_weak,P_aggressive,39,0.650479797979798,0.9994041743671596,0.470478248335166,,0.7916666666666666,0.11736111111111111,0.0
v1.0,v1.0,v1.0,A0_attack_only,D0_weak,P_conservative,0,0.585501893939394,0.9917126071068548,0.6560054775323801,,0.12083333333333333,0.6270833333333333,0.0
v1.0,v1.0,v1.0,A0_attack_only,D0_weak,P_conservative,1,0.5777761994949496,0.9497462496690683,0.7265560786799462,,0.0,0.6972222222222222,0.0
v1.0,v1.0,v1.0,A0_attack_only,D0_weak,P_conservative,2,0.5314772727272729,0.9703703221097049,0.78015472962997,,0.06041666666666667,0.7715277777777778,0.0
v1.0,v1.0,v1.0,A0_attack_only,D0_weak,P_conservative,3,0.5694207702020203,0.9917126071068548,0.6812879901586427,,0.18125,0.6361111111111111,0.0
v1.0,v1.0,v1.0,A0_attack_only,D0_weak,P_conservative,4,0.5897111742424243,0.9526558108809857,0.7018935193670595,,0.0,0.6708333333333333,0.0
v1.0,v1.0,v1.0,A0_attack_only,D0_weak,P_conservative,5,0.5539646464646466,0.9954500588037634,0.7036827829708373,,0.18125,0.66875,0.0
v1.0,v1.0,v1.0,A0_attack_only,D0_weak,P_conservative,6,0.5701089015151516,0.9525792434806722,0.7329765618635973,,0.06041666666666667,0.6861111111111111,0.0
v1.0,v1.0,v1.0,A0_attack_only,D0_weak,P_conservative,7,0.5865072601010102,0.9740591859242603,0.6786494945676552,,0.06041666666666667,0.6513888888888889,0.0
v1.0,v1.0,v1.0,A0_attack_only,D0_weak,P_conservative,8,0.5690404040404041,0.9870001680107527,0.6859691165689148,,0.1701388888888889,0.6354166666666666,0.0
v1.0,v1.0,v1.0,A0_attack_only,D0_weak,P_conservative,9,0.6125757575757577,0.9661455946816944,0.6419036954728757,,0.06041666666666667,0.59375,0.0
v1.0,v1.0,v1.0,A0_attack_only,D0_weak,P_conservative,10,0.5698737373737375,0.9870001680107527,0.6841635610133592,,0.16527777777777777,0.6340277777777777,0.0
v1.0,v1.0,v1.0,A0_attack_only,D0_weak,P_conservative,11,0.5999558080808082,0.9917126071068548,0.6341904522798549,,0.06666666666666667,0.6215277777777778,0.0
v1.0,v1.0,v1.0,A0_attack_only,D0_weak,P_conservative,12,0.6135179924242423,0.9833377627077204,0.6196016923264931,,0.06041666666666667,0.5916666666666667,0.0
v1.0,v1.0,v1.0,A0_attack_only,D0_weak,P_conservative,13,0.6290293560606061,0.9917126071068548,0.5750127376333903,,0.18125,0.5027777777777778,0.0
v1.0,v1.0,v1.0,A0_attack_only,D0_weak,P_conservative,14,0.6136395202020203,0.9917126071068548,0.6023122957141983,,0.18125,0.5368055555555555,0.0
v1.0,v1.0,v1.0,A0_attack_only,D0_weak,P_conservative,15,0.5730650252525252,0.948597738664364,0.7362912994613491,,0.0,0.7076388888888889,0.0
v1.0,v1.0,v1.0,A0_attack_only,D0_weak,P_conservative,16,0.6150252525252526,0.9886251470094085,0.6073398488412349,,0.12083333333333333,0.5618055555555556,0.0
v1.0,v1.0,v1.0,A0_attack_only,D0_weak,P_conservative,17,0.5168450126262627,0.9348921740082264,0.8524649341194211,,0.0,0.8319444444444445,0.0
v1.0,v1.0,v1.0,A0_attack_only,D0_weak,P_conservative,18,0.5553503787878789,0.9726656218497971,0.7319300416590313,,0.11666666666666667,0.69375,0.0
v1.0,v1.0,v1.0,A0_attack_only,D0_weak,P_conservative,19,0.5703598484848486,0.9934459180387544,0.6802481054242018,,0.12083333333333333,0.6590277777777778,0.0
v1.0,v1.0,v1.0,A0_attack_only,D0_weak,P_conservative,20,0.5989520202020202,0.9925250966061827,0.6231775860927828,,0.2673611111111111,0.5326388888888889,0.0
v1.0,v1.0,v1.0,A0_attack_only,D0_weak,P_conservative,21,0.5867724116161617,0.9870001680107527,0.6604107201042684,,0.18125,0.6041666666666666,1.0
v1.0,v1.0,v1.0,A0_attack_only,D0_weak,P_conservative,22,0.5839946338383839,0.9700706186104988,0.6878928460512397,,0.06041666666666667,0.6569444444444444,0.0
v1.0,v1.0,v1.0,A0_attack_only,D0_weak,P_conservative,23,0.5770217803030303,0.9876501596102151,0.6759230281647116,,0.12083333333333333,0.6458333333333334,0.0
v1.0,v1.0,v1.0,A0_attack_only,D0_weak,P_conservative,24,0.6227477904040404,0.9871626659106182,0.5916153438365511,,0.18125,0.5166666666666667,0.0
v1.0,v1.0,v1.0,A0_attack_only,D0_weak,P_conservative,25,0.6251657196969698,0.9907917856742832,0.5849466374938905,,0.15069444444444444,0.5256944444444445,0.0
v1.0,v1.0,v1.0,A0_attack_only,D0_weak,P_conservative,26,0.5957228535353536,0.9917126071068548,0.6334234068253095,,0.15763888888888888,0.58125,0.0
v1.0,v1.0,v1.0,A0_attack_only,D0_weak,P_conservative,27,0.5415277777777779,0.9730365397930907,0.7591269855816243,,0.06041666666666667,0.7493055555555556,0.0
v1.0,v1.0,v1.0,A0_attack_only,D0_weak,P_conservative,28,0.5275236742424243,0.9374954656188894,0.8303984336815751,,0.0,0.8083333333333333,0.0
v1.0,v1.0,v1.0,A0_attack_only,D0_weak,P_conservative,29,0.5630145202020203,0.9461475818543282,0.7610597704616747,,0.0,0.7298611111111111,2.0
v1.0,v1.0,v1.0,A0_attack_only,D0_weak,P_conservative,30,0.5931029040404041,0.9911658307495297,0.6464217101712714,,0.06041666666666667,0.6368055555555555,0.0
v1.0,v1.0,v1.0,A0_attack_only,D0_weak,P_conservative,31,0.5675962752525253,0.9678015411168104,0.7211668754073022,,0.06041666666666667,0.6916666666666667,1.0
v1.0,v1.0,v1.0,A0_attack_only,D0_weak,P_conservative,32,0.6028393308080808,0.9765440442733779,0.6466967049527546,,0.06041666666666667,0.6152777777777778,0.0
v1.0,v1.0,v1.0,A0_attack_only,D0_weak,P_conservative,33,0.587885101010101,0.9870001680107527,0.6536521973769956,,0.18125,0.59375,0.0
v1.0,v1.0,v1.0,A0_attack_only,D0_weak,P_conservative,34,0.5623784722222223,0.9922542667730735,0.6920552965389785,,0.18125,0.6486111111111111,0.0
v1.0,v1.0,v1.0,A0_attack_only,D0_weak,P_conservative,35,0.599698547979798,0.9646003253299109,0.6666005060687533,,0.06041666666666667,0.6222222222222222,0.0
v1.0,v1.0,v1.0,A0_attack_only,D0_weak,P_conservative,36,0.5466824494949495,0.9421660770380201,0.7928085358372041,,0.0,0.7659722222222223,1.0
v1.0,v1.0,v1.0,A0_attack_only,D0_weak,P_conservative,37,0.5961142676767678,0.9917126071068548,0.6366431037950064,,0.12083333333333333,0.6020833333333333,0.0
v1.0,v1.0,v1.0,A0_attack_only,D0_weak,P_conservative,38,0.5522727272727274,0.9638322536733238,0.7516494016526174,,0.06041666666666667,0.7270833333333333,0.0
v1.0,v1.0,v1.0,A0_attack_only,D0_weak,P_conservative,39,0.5584248737373738,0.9870001680107527,0.7091540913163895,,0.12083333333333333,0.6854166666666667,0.0
v1.0,v1.0,v1.0,A0_attack_only,D1_improved,P_alpha0.15,0,0.7178030303030302,1.0,0.37181502525252536,,0.8159722222222222,0.022916666666666665,0.0
v1.0,v1.0,v1.0,A0_attack_only,D1_improved,P_alpha0.15,1,0.7298847853535354,1.0,0.3532402146464646,,0.7729166666666667,0.016666666666666666,0.0
v1.0,v1.0,v1.0,A0_attack_only,D1_improved,P_alpha0.15,2,0.6917850378787879,1.0,0.40786773989898994,,0.8993055555555556,0.027777777777777776,0.0
v1.0,v1.0,v1.0,A0_attack_only,D1_improved,P_alpha0.15,3,0.7018844696969697,1.0,0.39658775252525247,,0.8729166666666667,0.03194444444444444,0.0
v1.0,v1.0,v1.0,A0_attack_only,D1_improved,P_alpha0.15,4,0.7346243686868688,1.0,0.3473547979797979,,0.7493055555555556,0.02013888888888889,0.0
v1.0,v1.0,v1.0,A0_attack_only,D1_improved,P_alpha0.15,5,0.6944665404040404,1.0,0.4044223484848485,,0.90625,0.02361111111111111,0.0
v1.0,v1.0,v1.0,A0_attack_only,D1_improved,P_alpha0.15,6,0.7200820707070708,1.0,0.36738320707070704,,0.8090277777777778,0.01875,0.0
v1.0,v1.0,v1.0,A0_attack_only,D1_improved,P_alpha0.15,7,0.7267471590909091,1.0,0.3595375631313131,,0.7729166666666667,0.025694444444444443,0.0
v1.0,v1.0,v1.0,A0_attack_only,D1_improved,P_alpha0.15,8,0.7044791666666667,1.0,0.38979166666666665,,0.8576388888888888,0.024305555555555556,0.0
v1.0,v1.0,v1.0,A0_attack_only,D1_improved,P_alpha0.15,9,0.7359217171717172,1.0,0.3437310606060606,,0.7333333333333333,0.018055555555555554,0.0
v1.0,v1.0,v1.0,A0_attack_only,D1_improved,P_alpha0.15,10,0.702332702020202,1.0,0.3953409090909091,,0.8625,0.03263888888888889,0.0
v1.0,v1.0,v1.0,A0_attack_only,D1_improved,P_alpha0.15,11,0.7356328914141415,1.0,0.3462421085858585,,0.7701388888888889,0.013888888888888888,0.0
v1.0,v1.0,v1.0,A0_attack_only,D1_improved,P_alpha0.15,12,0.7394696969696971,1.0,0.3379261363636362,,0.7277777777777777,0.013194444444444444,0.0
v1.0,v1.0,v1.0,A0_attack_only,D1_improved,P_alpha0.15,13,0.738443813131313,1.0,0.3414172979797981,,0.7597222222222222,0.011111111111111112,0.0
v1.0,v1.0,v1.0,A0_attack_only,D1_improved,P_alpha0.15,14,0.7187863005050505,1.0,0.36975536616161614,,0.7930555555555555,0.02638888888888889,0.0
v1.0,v1.0,v1.0,A0_attack_only,D1_improved,P_alpha0.15,15,0.723626893939394,1.0,0.36297032828282827,,0.7541666666666667,0.03194444444444444,0.0
v1.0,v1.0,v1.0,A0_attack_only,D1_improved,P_alpha0.15,16,0.7353251262626261,1.0,0.34575126262626277,,0.7597222222222222,0.014583333333333334,0.0
v1.0,v1.0,v1.0,A0_attack_only,D1_improved,P_alpha0.15,17,0.6985574494949496,1.0,0.3976578282828282,,0.9013888888888889,0.017361111111111112,0.0
v1.0,v1.0,v1.0,A0_attack_only,D1_improved,P_alpha0.15,18,0.703844696969697,1.0,0.39358585858585854,,0.8868055555555555,0.025,0.0
v1.0,v1.0,v1.0,A0_attack_only,D1_improved,P_alpha0.15,19,0.706133207070707,1.0,0.3836584595959596,,0.8347222222222223,0.018055555555555554,0.0
v1.0,v1.0,v1.0,A0_attack_only,D1_improved,P_alpha0.15,20,0.7062847222222223,1.0,0.3869097222222222,,0.8736111111111111,0.016666666666666666,0.0
v1.0,v1.0,v1.0,A0_attack_only,D1_improved,P_alpha0.15,21,0.7080744949494949,1.0,0.39121717171717174,,0.8270833333333333,0.041666666666666664,1.0
v1.0,v1.0,v1.0,A0_attack_only,D1_improved,P_alpha0.15,22,0.7294712752525252,1.0,0.35229955808080815,,0.78125,0.010416666666666666,0.0
v1.0,v1.0,v1.0,A0_attack_only,D1_improved,P_alpha0.15,23,0.7093434343434344,1.0,0.3804135101010101,,0.7979166666666667,0.02847222222222222,0.0
v1.0,v1.0,v1.0,A0_attack_only,D1_improved,P_alpha0.15,24,0.7280318813131313,1.0,0.3548153409090909,,0.7847222222222222,0.0125,0.0
v1.0,v1.0,v1.0,A0_attack_only,D1_improved,P_alpha0.15,25,0.7404324494949495,1.0,0.3390814393939394,,0.7659722222222223,0.008333333333333333,0.0
v1.0,v1.0,v1.0,A0_attack_only,D1_improved,P_alpha0.15,26,0.7233901515151515,1.0,0.3631376262626263,,0.8069444444444445,0.016666666666666666,0.0
v1.0,v1.0,v1.0,A0_attack_only,D1_improved,P_alpha0.15,27,0.6824652777777778,1.0,0.42659722222222224,,0.8354166666666667,0.07291666666666667,0.0
v1.0,v1.0,v1.0,A0_attack_only,D1_improved,P_alpha0.15,28,0.7096938131313131,1.0,0.3848200757575758,,0.8819444444444444,0.018055555555555554,0.0
v1.0,v1.0,v1.0,A0_attack_only,D1_improved,P_alpha0.15,29,0.7246780303030302,1.0,0.36169696969696974,,0.7951388888888888,0.013888888888888888,1.0
v1.0,v1.0,v1.0,A0_attack_only,D1_improved,P_alpha0.15,30,0.7096654040404041,1.0,0.38717487373737364,,0.7229166666666667,0.07013888888888889,0.0
v1.0,v1.0,v1.0,A0_attack_only,D1_improved,P_alpha0.15,31,0.7171180555555556,1.0,0.3753124999999999,,0.7590277777777777,0.04722222222222222,0.0
v1.0,v1.0,v1.0,A0_attack_only,D1_improved,P_alpha0.15,32,0.7215419823232324,1.0,0.36568023989898985,,0.7263888888888889,0.041666666666666664,0.0
v1.0,v1.0,v1.0,A0_attack_only,D1_improved,P_alpha0.15,33,0.7020501893939394,1.0,0.39426925505050503,,0.8368055555555556,0.03611111111111111,0.0
v1.0,v1.0,v1.0,A0_attack_only,D1_improved,P_alpha0.15,34,0.6990498737373737,1.0,0.3967140151515152,,0.8895833333333333,0.019444444444444445,0.0
v1.0,v1.0,v1.0,A0_attack_only,D1_improved,P_alpha0.15,35,0.7299337121212122,1.0,0.34985795454545454,,0.7395833333333334,0.016666666666666666,0.0
v1.0,v1.0,v1.0,A0_attack_only,D1_improved,P_alpha0.15,36,0.72104797979798,1.0,0.36751452020202,,0.8194444444444444,0.013194444444444444,1.0
v1.0,v1.0,v1.0,A0_attack_only,D1_improved,P_alpha0.15,37,0.7156376262626263,1.0,0.3736332070707071,,0.7881944444444444,0.029861111111111113,0.0
v1.0,v1.0,v1.0,A0_attack_only,D1_improved,P_alpha0.15,38,0.7071938131313132,1.0,0.3873547979797979,,0.8604166666666667,0.024305555555555556,0.0
v1.0,v1.0,v1.0,A0_attack_only,D1_improved,P_alpha0.15,39,0.7014488636363637,1.0,0.39518308080808073,,0.8666666666666667,0.02847222222222222,0.0
v1.0,v1.0,v1.0,A0_attack_only,D1_improved,P_alpha0.30,0,0.7178030303030302,1.0,0.37181502525252536,,0.8159722222222222,0.022916666666666665,0.0
v1.0,v1.0,v1.0,A0_attack_only,D1_improved,P_alpha0.30,1,0.7298847853535354,1.0,0.3532402146464646,,0.7729166666666667,0.016666666666666666,0.0
v1.0,v1.0,v1.0,A0_attack_only,D1_improved,P_alpha0.30,2,0.6917850378787879,1.0,0.40786773989898994,,0.8993055555555556,0.027777777777777776,0.0
v1.0,v1.0,v1.0,A0_attack_only,D1_improved,P_alpha0.30,3,0.7018844696969697,1.0,0.39658775252525247,,0.8729166666666667,0.03194444444444444,0.0
v1.0,v1.0,v1.0,A0_attack_only,D1_improved,P_alpha0.30,4,0.7346243686868688,1.0,0.3473547979797979,,0.7493055555555556,0.02013888888888889,0.0
v1.0,v1.0,v1.0,A0_attack_only,D1_improved,P_alpha0.30,5,0.6944665404040404,1.0,0.4044223484848485,,0.90625,0.02361111111111111,0.0
v1.0,v1.0,v1.0,A0_attack_only,D1_improved,P_alpha0.30,6,0.7200820707070708,1.0,0.36738320707070704,,0.8090277777777778,0.01875,0.0
v1.0,v1.0,v1.0,A0_attack_only,D1_improved,P_alpha0.30,7,0.7267471590909091,1.0,0.3595375631313131,,0.7729166666666667,0.025694444444444443,0.0
v1.0,v1.0,v1.0,A0_attack_only,D1_improved,P_alpha0.30,8,0.7044791666666667,1.0,0.38979166666666665,,0.8576388888888888,0.024305555555555556,0.0
v1.0,v1.0,v1.0,A0_attack_only,D1_improved,P_alpha0.30,9,0.7359217171717172,1.0,0.3437310606060606,,0.7333333333333333,0.018055555555555554,0.0
v1.0,v1.0,v1.0,A0_attack_only,D1_improved,P_alpha0.30,10,0.702332702020202,1.0,0.3953409090909091,,0.8625,0.03263888888888889,0.0
v1.0,v1.0,v1.0,A0_attack_only,D1_improved,P_alpha0.30,11,0.7356328914141415,1.0,0.3462421085858585,,0.7701388888888889,0.013888888888888888,0.0
v1.0,v1.0,v1.0,A0_attack_only,D1_improved,P_alpha0.30,12,0.7394696969696971,1.0,0.3379261363636362,,0.7277777777777777,0.013194444444444444,0.0
v1.0,v1.0,v1.0,A0_attack_only,D1_improved,P_alpha0.30,13,0.738443813131313,1.0,0.3414172979797981,,0.7597222222222222,0.011111111111111112,0.0
v1.0,v1.0,v1.0,A0_attack_only,D1_improved,P_alpha0.30,14,0.7187863005050505,1.0,0.36975536616161614,,0.7930555555555555,0.02638888888888889,0.0
v1.0,v1.0,v1.0,A0_attack_only,D1_improved,P_alpha0.30,15,0.723626893939394,1.0,0.36297032828282827,,0.7541666666666667,0.03194444444444444,0.0
v1.0,v1.0,v1.0,A0_attack_only,D1_improved,P_alpha0.30,16,0.7353251262626261,1.0,0.34575126262626277,,0.7597222222222222,0.014583333333333334,0.0
v1.0,v1.0,v1.0,A0_attack_only,D1_improved,P_alpha0.30,17,0.6985574494949496,1.0,0.3976578282828282,,0.9013888888888889,0.017361111111111112,0.0
v1.0,v1.0,v1.0,A0_attack_only,D1_improved,P_alpha0.30,18,0.703844696969697,1.0,0.39358585858585854,,0.8868055555555555,0.025,0.0
v1.0,v1.0,v1.0,A0_attack_only,D1_improved,P_alpha0.30,19,0.706133207070707,1.0,0.3836584595959596,,0.8347222222222223,0.018055555555555554,0.0
v1.0,v1.0,v1.0,A0_attack_only,D1_improved,P_alpha0.30,20,0.7062847222222223,1.0,0.3869097222222222,,0.8736111111111111,0.016666666666666666,0.0
v1.0,v1.0,v1.0,A0_attack_only,D1_improved,P_alpha0.30,21,0.7080744949494949,1.0,0.39121717171717174,,0.8270833333333333,0.041666666666666664,1.0
v1.0,v1.0,v1.0,A0_attack_only,D1_improved,P_alpha0.30,22,0.7294712752525252,1.0,0.35229955808080815,,0.78125,0.010416666666666666,0.0
v1.0,v1.0,v1.0,A0_attack_only,D1_improved,P_alpha0.30,23,0.7093434343434344,1.0,0.3804135101010101,,0.7979166666666667,0.02847222222222222,0.0
v1.0,v1.0,v1.0,A0_attack_only,D1_improved,P_alpha0.30,24,0.7280318813131313,1.0,0.3548153409090909,,0.7847222222222222,0.0125,0.0
v1.0,v1.0,v1.0,A0_attack_only,D1_improved,P_alpha0.30,25,0.7404324494949495,1.0,0.3390814393939394,,0.7659722222222223,0.008333333333333333,0.0
v1.0,v1.0,v1.0,A0_attack_only,D1_improved,P_alpha0.30,26,0.7233901515151515,1.0,0.3631376262626263,,0.8069444444444445,0.016666666666666666,0.0
v1.0,v1.0,v1.0,A0_attack_only,D1_improved,P_alpha0.30,27,0.6824652777777778,1.0,0.42659722222222224,,0.8354166666666667,0.07291666666666667,0.0
v1.0,v1.0,v1.0,A0_attack_only,D1_improved,P_alpha0.30,28,0.7096938131313131,1.0,0.3848200757575758,,0.8819444444444444,0.018055555555555554,0.0
v1.0,v1.0,v1.0,A0_attack_only,D1_improved,P_alpha0.30,29,0.7246780303030302,1.0,0.36169696969696974,,0.7951388888888888,0.013888888888888888,1.0
v1.0,v1.0,v1.0,A0_attack_only,D1_improved,P_alpha0.30,30,0.7096654040404041,1.0,0.38717487373737364,,0.7229166666666667,0.07013888888888889,0.0
v1.0,v1.0,v1.0,A0_attack_only,D1_improved,P_alpha0.30,31,0.7171180555555556,1.0,0.3753124999999999,,0.7590277777777777,0.04722222222222222,0.0
v1.0,v1.0,v1.0,A0_attack_only,D1_improved,P_alpha0.30,32,0.7215419823232324,1.0,0.36568023989898985,,0.7263888888888889,0.041666666666666664,0.0
v1.0,v1.0,v1.0,A0_attack_only,D1_improved,P_alpha0.30,33,0.7020501893939394,1.0,0.39426925505050503,,0.8368055555555556,0.03611111111111111,0.0
v1.0,v1.0,v1.0,A0_attack_only,D1_improved,P_alpha0.30,34,0.6990498737373737,1.0,0.3967140151515152,,0.8895833333333333,0.019444444444444445,0.0
v1.0,v1.0,v1.0,A0_attack_only,D1_improved,P_alpha0.30,35,0.7299337121212122,1.0,0.34985795454545454,,0.7395833333333334,0.016666666666666666,0.0
v1.0,v1.0,v1.0,A0_attack_only,D1_improved,P_alpha0.30,36,0.72104797979798,1.0,0.36751452020202,,0.8194444444444444,0.013194444444444444,1.0
v1.0,v1.0,v1.0,A0_attack_only,D1_improved,P_alpha0.30,37,0.7156376262626263,1.0,0.3736332070707071,,0.7881944444444444,0.029861111111111113,0.0
v1.0,v1.0,v1.0,A0_attack_only,D1_improved,P_alpha0.30,38,0.7071938131313132,1.0,0.3873547979797979,,0.8604166666666667,0.024305555555555556,0.0
v1.0,v1.0,v1.0,A0_attack_only,D1_improved,P_alpha0.30,39,0.7014488636363637,1.0,0.39518308080808073,,0.8666666666666667,0.02847222222222222,0.0
v1.0,v1.0,v1.0,A0_attack_only,D1_improved,P_alpha0.45,0,0.7178030303030302,1.0,0.37181502525252536,,0.8159722222222222,0.022916666666666665,0.0
v1.0,v1.0,v1.0,A0_attack_only,D1_improved,P_alpha0.45,1,0.7298847853535354,1.0,0.3532402146464646,,0.7729166666666667,0.016666666666666666,0.0
v1.0,v1.0,v1.0,A0_attack_only,D1_improved,P_alpha0.45,2,0.6917850378787879,1.0,0.40786773989898994,,0.8993055555555556,0.027777777777777776,0.0
v1.0,v1.0,v1.0,A0_attack_only,D1_improved,P_alpha0.45,3,0.7018844696969697,1.0,0.39658775252525247,,0.8729166666666667,0.03194444444444444,0.0
v1.0,v1.0,v1.0,A0_attack_only,D1_improved,P_alpha0.45,4,0.7346243686868688,1.0,0.3473547979797979,,0.7493055555555556,0.02013888888888889,0.0
v1.0,v1.0,v1.0,A0_attack_only,D1_improved,P_alpha0.45,5,0.6944665404040404,1.0,0.4044223484848485,,0.90625,0.02361111111111111,0.0
v1.0,v1.0,v1.0,A0_attack_only,D1_improved,P_alpha0.45,6,0.7200820707070708,1.0,0.36738320707070704,,0.8090277777777778,0.01875,0.0
v1.0,v1.0,v1.0,A0_attack_only,D1_improved,P_alpha0.45,7,0.7267471590909091,1.0,0.3595375631313131,,0.7729166666666667,0.025694444444444443,0.0
v1.0,v1.0,v1.0,A0_attack_only,D1_improved,P_alpha0.45,8,0.7044791666666667,1.0,0.38979166666666665,,0.8576388888888888,0.024305555555555556,0.0
v1.0,v1.0,v1.0,A0_attack_only,D1_improved,P_alpha0.45,9,0.7359217171717172,1.0,0.3437310606060606,,0.7333333333333333,0.018055555555555554,0.0
v1.0,v1.0,v1.0,A0_attack_only,D1_improved,P_alpha0.45,10,0.702332702020202,1.0,0.3953409090909091,,0.8625,0.03263888888888889,0.0
v1.0,v1.0,v1.0,A0_attack_only,D1_improved,P_alpha0.45,11,0.7356328914141415,1.0,0.3462421085858585,,0.7701388888888889,0.013888888888888888,0.0
v1.0,v1.0,v1.0,A0_attack_only,D1_improved,P_alpha0.45,12,0.7394696969696971,1.0,0.3379261363636362,,0.7277777777777777,0.013194444444444444,0.0
v1.0,v1.0,v1.0,A0_attack_only,D1_improved,P_alpha0.45,13,0.738443813131313,1.0,0.3414172979797981,,0.7597222222222222,0.011111111111111112,0.0
v1.0,v1.0,v1.0,A0_attack_only,D1_improved,P_alpha0.45,14,0.7187863005050505,1.0,0.36975536616161614,,0.7930555555555555,0.02638888888888889,0.0
v1.0,v1.0,v1.0,A0_attack_only,D1_improved,P_alpha0.45,15,0.723626893939394,1.0,0.36297032828282827,,0.7541666666666667,0.03194444444444444,0.0
v1.0,v1.0,v1.0,A0_attack_only,D1_improved,P_alpha0.45,16,0.7353251262626261,1.0,0.34575126262626277,,0.7597222222222222,0.014583333333333334,0.0
v1.0,v1.0,v1.0,A0_attack_only,D1_improved,P_alpha0.45,17,0.6985574494949496,1.0,0.3976578282828282,,0.9013888888888889,0.017361111111111112,0.0
v1.0,v1.0,v1.0,A0_attack_only,D1_improved,P_alpha0.45,18,0.703844696969697,1.0,0.39358585858585854,,0.8868055555555555,0.025,0.0
v1.0,v1.0,v1.0,A0_attack_only,D1_improved,P_alpha0.45,19,0.706133207070707,1.0,0.3836584595959596,,0.8347222222222223,0.018055555555555554,0.0
v1.0,v1.0,v1.0,A0_attack_only,D1_improved,P_alpha0.45,20,0.7062847222222223,1.0,0.3869097222222222,,0.8736111111111111,0.016666666666666666,0.0
v1.0,v1.0,v1.0,A0_attack_only,D1_improved,P_alpha0.45,21,0.7080744949494949,1.0,0.39121717171717174,,0.8270833333333333,0.041666666666666664,1.0
v1.0,v1.0,v1.0,A0_attack_only,D1_improved,P_alpha0.45,22,0.7294712752525252,1.0,0.35229955808080815,,0.78125,0.010416666666666666,0.0
v1.0,v1.0,v1.0,A0_attack_only,D1_improved,P_alpha0.45,23,0.7093434343434344,1.0,0.3804135101010101,,0.7979166666666667,0.02847222222222222,0.0
v1.0,v1.0,v1.0,A0_attack_only,D1_improved,P_alpha0.45,24,0.7280318813131313,1.0,0.3548153409090909,,0.7847222222222222,0.0125,0.0
v1.0,v1.0,v1.0,A0_attack_only,D1_improved,P_alpha0.45,25,0.7404324494949495,1.0,0.3390814393939394,,0.7659722222222223,0.008333333333333333,0.0
v1.0,v1.0,v1.0,A0_attack_only,D1_improved,P_alpha0.45,26,0.7233901515151515,1.0,0.3631376262626263,,0.8069444444444445,0.016666666666666666,0.0
v1.0,v1.0,v1.0,A0_attack_only,D1_improved,P_alpha0.45,27,0.6824652777777778,1.0,0.42659722222222224,,0.8354166666666667,0.07291666666666667,0.0
v1.0,v1.0,v1.0,A0_attack_only,D1_improved,P_alpha0.45,28,0.7096938131313131,1.0,0.3848200757575758,,0.8819444444444444,0.018055555555555554,0.0
v1.0,v1.0,v1.0,A0_attack_only,D1_improved,P_alpha0.45,29,0.7246780303030302,1.0,0.36169696969696974,,0.7951388888888888,0.013888888888888888,1.0
v1.0,v1.0,v1.0,A0_attack_only,D1_improved,P_alpha0.45,30,0.7096654040404041,1.0,0.38717487373737364,,0.7229166666666667,0.07013888888888889,0.0
v1.0,v1.0,v1.0,A0_attack_only,D1_improved,P_alpha0.45,31,0.7171180555555556,1.0,0.3753124999999999,,0.7590277777777777,0.04722222222222222,0.0
v1.0,v1.0,v1.0,A0_attack_only,D1_improved,P_alpha0.45,32,0.7215419823232324,1.0,0.36568023989898985,,0.7263888888888889,0.041666666666666664,0.0
v1.0,v1.0,v1.0,A0_attack_only,D1_improved,P_alpha0.45,33,0.7020501893939394,1.0,0.39426925505050503,,0.8368055555555556,0.03611111111111111,0.0
v1.0,v1.0,v1.0,A0_attack_only,D1_improved,P_alpha0.45,34,0.6990498737373737,1.0,0.3967140151515152,,0.8895833333333333,0.019444444444444445,0.0
v1.0,v1.0,v1.0,A0_attack_only,D1_improved,P_alpha0.45,35,0.7299337121212122,1.0,0.34985795454545454,,0.7395833333333334,0.016666666666666666,0.0
v1.0,v1.0,v1.0,A0_attack_only,D1_improved,P_alpha0.45,36,0.72104797979798,1.0,0.36751452020202,,0.8194444444444444,0.013194444444444444,1.0
v1.0,v1.0,v1.0,A0_attack_only,D1_improved,P_alpha0.45,37,0.7156376262626263,1.0,0.3736332070707071,,0.7881944444444444,0.029861111111111113,0.0
v1.0,v1.0,v1.0,A0_attack_only,D1_improved,P_alpha0.45,38,0.7071938131313132,1.0,0.3873547979797979,,0.8604166666666667,0.024305555555555556,0.0
v1.0,v1.0,v1.0,A0_attack_only,D1_improved,P_alpha0.45,39,0.7014488636363637,1.0,0.39518308080808073,,0.8666666666666667,0.02847222222222222,0.0
v1.0,v1.0,v1.0,A0_attack_only,D1_improved,P_alpha0.60,0,0.7180530303030304,1.0,0.37156502525252516,,0.8159722222222222,0.022916666666666665,0.0
v1.0,v1.0,v1.0,A0_attack_only,D1_improved,P_alpha0.60,1,0.7300666035353535,1.0,0.35305839646464654,,0.7729166666666667,0.016666666666666666,0.0
v1.0,v1.0,v1.0,A0_attack_only,D1_improved,P_alpha0.60,2,0.6920880681818182,1.0,0.4075647095959596,,0.8993055555555556,0.027777777777777776,0.0
v1.0,v1.0,v1.0,A0_attack_only,D1_improved,P_alpha0.60,3,0.7022329545454545,1.0,0.39623926767676765,,0.8729166666666667,0.03194444444444444,0.0
v1.0,v1.0,v1.0,A0_attack_only,D1_improved,P_alpha0.60,4,0.7348440656565657,1.0,0.347135101010101,,0.7493055555555556,0.02013888888888889,0.0
v1.0,v1.0,v1.0,A0_attack_only,D1_improved,P_alpha0.60,5,0.6947241161616162,1.0,0.4041647727272727,,0.90625,0.02361111111111111,0.0
v1.0,v1.0,v1.0,A0_attack_only,D1_improved,P_alpha0.60,6,0.7202866161616162,1.0,0.36717866161616164,,0.8090277777777778,0.01875,0.0
v1.0,v1.0,v1.0,A0_attack_only,D1_improved,P_alpha0.60,7,0.727027462121212,1.0,0.35925726010101017,,0.7729166666666667,0.025694444444444443,0.0
v1.0,v1.0,v1.0,A0_attack_only,D1_improved,P_alpha0.60,8,0.7047443181818183,1.0,0.38952651515151504,,0.8576388888888888,0.024305555555555556,0.0
v1.0,v1.0,v1.0,A0_attack_only,D1_improved,P_alpha0.60,9,0.7361186868686869,1.0,0.34353409090909093,,0.7333333333333333,0.018055555555555554,0.0
v1.0,v1.0,v1.0,A0_attack_only,D1_improved,P_alpha0.60,10,0.7026887626262627,1.0,0.39498484848484844,,0.8625,0.03263888888888889,0.0
v1.0,v1.0,v1.0,A0_attack_only,D1_improved,P_alpha0.60,11,0.7357844065656565,1.0,0.3460905934343435,,0.7701388888888889,0.013888888888888888,0.0
v1.0,v1.0,v1.0,A0_attack_only,D1_improved,P_alpha0.60,12,0.7396136363636363,1.0,0.337782196969697,,0.7277777777777777,0.013194444444444444,0.0
v1.0,v1.0,v1.0,A0_attack_only,D1_improved,P_alpha0.60,13,0.7385650252525252,1.0,0.3412960858585859,,0.7597222222222222,0.011111111111111112,0.0
v1.0,v1.0,v1.0,A0_attack_only,D1_improved,P_alpha0.60,14,0.7190741792929294,1.0,0.3694674873737373,,0.7930555555555555,0.02638888888888889,0.0
v1.0,v1.0,v1.0,A0_attack_only,D1_improved,P_alpha0.60,15,0.7239753787878789,1.0,0.36262184343434334,,0.7541666666666667,0.03194444444444444,0.0
v1.0,v1.0,v1.0,A0_attack_only,D1_improved,P_alpha0.60,16,0.7354842171717173,1.0,0.3455921717171716,,0.7597222222222222,0.014583333333333334,0.0
v1.0,v1.0,v1.0,A0_attack_only,D1_improved,P_alpha0.60,17,0.6987468434343435,1.0,0.3974684343434343,,0.9013888888888889,0.017361111111111112,0.0
v1.0,v1.0,v1.0,A0_attack_only,D1_improved,P_alpha0.60,18,0.7041174242424243,1.0,0.3933131313131312,,0.8868055555555555,0.025,0.0
v1.0,v1.0,v1.0,A0_attack_only,D1_improved,P_alpha0.60,19,0.7063301767676768,1.0,0.3834614898989898,,0.8347222222222223,0.018055555555555554,0.0
v1.0,v1.0,v1.0,A0_attack_only,D1_improved,P_alpha0.60,20,0.7064665404040403,1.0,0.38672790404040414,,0.8736111111111111,0.016666666666666666,0.0
v1.0,v1.0,v1.0,A0_attack_only,D1_improved,P_alpha0.60,21,0.7085290404040404,1.0,0.39076262626262626,,0.8270833333333333,0.041666666666666664,1.0
v1.0,v1.0,v1.0,A0_attack_only,D1_improved,P_alpha0.60,22,0.7295849116161617,1.0,0.35218592171717167,,0.78125,0.010416666666666666,0.0
v1.0,v1.0,v1.0,A0_attack_only,D1_improved,P_alpha0.60,23,0.7096540404040405,1.0,0.38010290404040403,,0.7979166666666667,0.02847222222222222,0.0
v1.0,v1.0,v1.0,A0_attack_only,D1_improved,P_alpha0.60,24,0.728168244949495,1.0,0.3546789772727273,,0.7847222222222222,0.0125,0.0
v1.0,v1.0,v1.0,A0_attack_only,D1_improved,P_alpha0.60,25,0.7405233585858585,1.0,0.3389905303030304,,0.7659722222222223,0.008333333333333333,0.0
v1.0,v1.0,v1.0,A0_attack_only,D1_improved,P_alpha0.60,26,0.7235719696969697,1.0,0.36295580808080813,,0.8069444444444445,0.016666666666666666,0.0
v1.0,v1.0,v1.0,A0_attack_only,D1_improved,P_alpha0.60,27,0.6832607323232324,1.0,0.42580176767676764,,0.8354166666666667,0.07291666666666667,0.0
v1.0,v1.0,v1.0,A0_attack_only,D1_improved,P_alpha0.60,28,0.7098907828282829,1.0,0.384623106060606,,0.8819444444444444,0.018055555555555554,0.0
v1.0,v1.0,v1.0,A0_attack_only,D1_improved,P_alpha0.60,29,0.7248295454545456,1.0,0.3615454545454544,,0.7951388888888888,0.013888888888888888,1.0
v1.0,v1.0,v1.0,A0_attack_only,D1_improved,P_alpha0.60,30,0.7104305555555556,1.0,0.3864097222222222,,0.7229166666666667,0.07013888888888889,0.0
v1.0,v1.0,v1.0,A0_attack_only,D1_improved,P_alpha0.60,31,0.717633207070707,1.0,0.3747973484848485,,0.7590277777777777,0.04722222222222222,0.0
v1.0,v1.0,v1.0,A0_attack_only,D1_improved,P_alpha0.60,32,0.7219965277777778,1.0,0.36522569444444447,,0.7263888888888889,0.041666666666666664,0.0
v1.0,v1.0,v1.0,A0_attack_only,D1_improved,P_alpha0.60,33,0.7024441287878789,1.0,0.39387531565656553,,0.8368055555555556,0.03611111111111111,0.0
v1.0,v1.0,v1.0,A0_attack_only,D1_improved,P_alpha0.60,34,0.6992619949494949,1.0,0.396501893939394,,0.8895833333333333,0.019444444444444445,0.0
v1.0,v1.0,v1.0,A0_attack_only,D1_improved,P_alpha0.60,35,0.7301155303030302,1.0,0.3496761363636365,,0.7395833333333334,0.016666666666666666,0.0
v1.0,v1.0,v1.0,A0_attack_only,D1_improved,P_alpha0.60,36,0.7211919191919192,1.0,0.3673705808080808,,0.8194444444444444,0.013194444444444444,1.0
v1.0,v1.0,v1.0,A0_attack_only,D1_improved,P_alpha0.60,37,0.7159633838383839,1.0,0.3733074494949495,,0.7881944444444444,0.029861111111111113,0.0
v1.0,v1.0,v1.0,A0_attack_only,D1_improved,P_alpha0.60,38,0.7074589646464646,1.0,0.3870896464646465,,0.8604166666666667,0.024305555555555556,0.0
v1.0,v1.0,v1.0,A0_attack_only,D1_improved,P_alpha0.60,39,0.7017594696969698,1.0,0.39487247474747467,,0.8666666666666667,0.02847222222222222,0.0
v1.0,v1.0,v1.0,A0_attack_only,D1_improved,P_alpha0.75,0,0.7204419191919192,0.999620838233647,0.36963113048325985,,0.8159722222222222,0.022916666666666665,0.0
v1.0,v1.0,v1.0,A0_attack_only,D1_improved,P_alpha0.75,1,0.7319381313131313,0.9996750042002688,0.35157686364654617,,0.7729166666666667,0.016666666666666666,0.0
v1.0,v1.0,v1.0,A0_attack_only,D1_improved,P_alpha0.75,2,0.6946527777777778,0.9998375021001344,0.40519499747983867,,0.8993055555555556,0.027777777777777776,0.0
v1.0,v1.0,v1.0,A0_attack_only,D1_improved,P_alpha0.75,3,0.7051783459595959,0.9988083487343189,0.3947238577814436,,0.8729166666666667,0.03194444444444444,0.0
v1.0,v1.0,v1.0,A0_attack_only,D1_improved,P_alpha0.75,4,0.7367108585858587,0.9990250126008065,0.3464382929598402,,0.7493055555555556,0.02013888888888889,0.0
v1.0,v1.0,v1.0,A0_attack_only,D1_improved,P_alpha0.75,5,0.696908143939394,0.9998375021001344,0.4021757424293335,,0.90625,0.02361111111111111,0.0
v1.0,v1.0,v1.0,A0_attack_only,D1_improved,P_alpha0.75,6,0.7222948232323233,0.9996750042002688,0.36556044950513195,,0.8090277777777778,0.01875,0.0
v1.0,v1.0,v1.0,A0_attack_only,D1_improved,P_alpha0.75,7,0.7294018308080809,0.9998375021001344,0.35707788889398,,0.7729166666666667,0.025694444444444443,0.0
v1.0,v1.0,v1.0,A0_attack_only,D1_improved,P_alpha0.75,8,0.707260101010101,0.9996750042002688,0.38740072728290986,,0.8576388888888888,0.024305555555555556,0.0
v1.0,v1.0,v1.0,A0_attack_only,D1_improved,P_alpha0.75,9,0.7377951388888888,0.9995125063004031,0.34244263132840524,,0.7333333333333333,0.018055555555555554,0.0
v1.0,v1.0,v1.0,A0_attack_only,D1_improved,P_alpha0.75,10,0.7057244318181819,0.9998375021001344,0.39214417677276786,,0.8625,0.03263888888888889,0.0
v1.0,v1.0,v1.0,A0_attack_only,D1_improved,P_alpha0.75,11,0.7371338383838384,0.9995666722670251,0.34526115489573145,,0.7701388888888889,0.013888888888888888,0.0
v1.0,v1.0,v1.0,A0_attack_only,D1_improved,P_alpha0.75,12,0.7408459595959596,0.9997291701668906,0.3368748695371051,,0.7277777777777777,0.013194444444444444,0.0
v1.0,v1.0,v1.0,A0_attack_only,D1_improved,P_alpha0.75,13,0.7396070075757576,0.9998375021001344,0.34044910101519216,,0.7597222222222222,0.011111111111111112,0.0
v1.0,v1.0,v1.0,A0_attack_only,D1_improved,P_alpha0.75,14,0.7215119949494949,0.9998375021001344,0.3672246691970104,,0.7930555555555555,0.02638888888888889,0.0
v1.0,v1.0,v1.0,A0_attack_only,D1_improved,P_alpha0.75,15,0.727376893939394,0.9988625147009409,0.3605853106416992,,0.7541666666666667,0.03194444444444444,0.0
v1.0,v1.0,v1.0,A0_attack_only,D1_improved,P_alpha0.75,16,0.7370580808080809,0.9998375021001344,0.34421330556064667,,0.7597222222222222,0.014583333333333334,0.0
v1.0,v1.0,v1.0,A0_attack_only,D1_improved,P_alpha0.75,17,0.7004671717171718,0.9997833361335126,0.39600810270039094,,0.9013888888888889,0.017361111111111112,0.0
v1.0,v1.0,v1.0,A0_attack_only,D1_improved,P_alpha0.75,18,0.706428345959596,0.9998375021001344,0.39119720707579814,,0.8868055555555555,0.025,0.0
v1.0,v1.0,v1.0,A0_attack_only,D1_improved,P_alpha0.75,19,0.7089188762626263,0.9998375021001344,0.381067787883879,,0.8347222222222223,0.018055555555555554,0.0
v1.0,v1.0,v1.0,A0_attack_only,D1_improved,P_alpha0.75,20,0.708230744949495,0.9998375021001344,0.3851586969747881,,0.8736111111111111,0.016666666666666666,0.0
v1.0,v1.0,v1.0,A0_attack_only,D1_improved,P_alpha0.75,21,0.7124431818181819,0.9993500084005376,0.3876284747678397,,0.8270833333333333,0.041666666666666664,1.0
v1.0,v1.0,v1.0,A0_attack_only,D1_improved,P_alpha0.75,22,0.7305634469696969,0.9997291701668906,0.3515323821633678,,0.78125,0.010416666666666666,0.0
v1.0,v1.0,v1.0,A0_attack_only,D1_improved,P_alpha0.75,23,0.7132481060606062,0.9998375021001344,0.37670383586367695,,0.7979166666666667,0.02847222222222222,0.0
v1.0,v1.0,v1.0,A0_attack_only,D1_improved,P_alpha0.75,24,0.7293371212121212,0.9998375021001344,0.35370509848993964,,0.7847222222222222,0.0125,0.0
v1.0,v1.0,v1.0,A0_attack_only,D1_improved,P_alpha0.75,25,0.7413115530303029,0.9998375021001344,0.3383973333384246,,0.7659722222222223,0.008333333333333333,0.0
v1.0,v1.0,v1.0,A0_attack_only,D1_improved,P_alpha0.75,26,0.7251215277777779,0.9996750042002688,0.3617962449596773,,0.8069444444444445,0.016666666666666666,0.0
v1.0,v1.0,v1.0,A0_attack_only,D1_improved,P_alpha0.75,27,0.6899494949494951,0.9983750210013441,0.42106297984889196,,0.8354166666666667,0.07291666666666667,0.0
v1.0,v1.0,v1.0,A0_attack_only,D1_improved,P_alpha0.75,28,0.7115672348484848,0.9998375021001344,0.3831416515202427,,0.8819444444444444,0.018055555555555554,0.0
v1.0,v1.0,v1.0,A0_attack_only,D1_improved,P_alpha0.75,29,0.7261253156565657,0.9995666722670251,0.36076967762300416,,0.7951388888888888,0.013888888888888888,1.0
v1.0,v1.0,v1.0,A0_attack_only,D1_improved,P_alpha0.75,30,0.7169460227272727,0.9997833361335126,0.38015425169029,,0.7229166666666667,0.07013888888888889,0.0
v1.0,v1.0,v1.0,A0_attack_only,D1_improved,P_alpha0.75,31,0.7219476010101009,0.9977250294018818,0.37321291926319644,,0.7590277777777777,0.04722222222222222,0.0
v1.0,v1.0,v1.0,A0_attack_only,D1_improved,P_alpha0.75,32,0.7258301767676768,0.9982666890681002,0.36347201857282513,,0.7263888888888889,0.041666666666666664,0.0
v1.0,v1.0,v1.0,A0_attack_only,D1_improved,P_alpha0.75,33,0.705770202020202,0.9991333445340501,0.3915892289833822,,0.8368055555555556,0.03611111111111111,0.0
v1.0,v1.0,v1.0,A0_attack_only,D1_improved,P_alpha0.75,34,0.7013604797979798,0.9998375021001344,0.3945984065707478,,0.8895833333333333,0.019444444444444445,0.0
v1.0,v1.0,v1.0,A0_attack_only,D1_improved,P_alpha0.75,35,0.7324968434343434,0.9994041743671596,0.3480098139917318,,0.7395833333333334,0.016666666666666666,0.0
v1.0,v1.0,v1.0,A0_attack_only,D1_improved,P_alpha0.75,36,0.7224242424242424,0.9998375021001344,0.3663332550555962,,0.8194444444444444,0.013194444444444444,1.0
v1.0,v1.0,v1.0,A0_attack_only,D1_improved,P_alpha0.75,37,0.7189599116161617,0.9997291701668906,0.370635917516903,,0.7881944444444444,0.029861111111111113,0.0
v1.0,v1.0,v1.0,A0_attack_only,D1_improved,P_alpha0.75,38,0.7097064393939394,0.9998375021001344,0.38503716919701036,,0.8604166666666667,0.024305555555555556,0.0
v1.0,v1.0,v1.0,A0_attack_only,D1_improved,P_alpha0.75,39,0.7048169191919192,0.9998375021001344,0.39201002273236385,,0.8666666666666667,0.02847222222222222,0.0
v1.0,v1.0,v1.0,A0_attack_only,D1_improved,P_alpha0.90,0,0.7521805555555556,0.9888978812825838,0.3507600424608993,,0.8159722222222222,0.022916666666666665,0.0
v1.0,v1.0,v1.0,A0_attack_only,D1_improved,P_alpha0.90,1,0.7664832702020203,0.9908443552205523,0.32762850353331696,,0.7729166666666667,0.016666666666666666,0.0
v1.0,v1.0,v1.0,A0_attack_only,D1_improved,P_alpha0.90,2,0.7197080176767676,0.9895122301009082,0.3925300839799204,,0.8993055555555556,0.027777777777777776,0.0
v1.0,v1.0,v1.0,A0_attack_only,D1_improved,P_alpha0.90,3,0.7329816919191919,0.9864043687886934,0.38180528775659817,,0.8729166666666667,0.03194444444444444,0.0
v1.0,v1.0,v1.0,A0_attack_only,D1_improved,P_alpha0.90,4,0.7731767676767678,0.9869004291274643,0.32452188403694165,,0.7493055555555556,0.02013888888888889,0.0
v1.0,v1.0,v1.0,A0_attack_only,D1_improved,P_alpha0.90,5,0.7220246212121212,0.9894264408831257,0.3895525386170169,,0.90625,0.02361111111111111,0.0
v1.0,v1.0,v1.0,A0_attack_only,D1_improved,P_alpha0.90,6,0.7551047979797981,0.9891754722756803,0.34534991306716334,,0.8090277777777778,0.01875,0.0
v1.0,v1.0,v1.0,A0_attack_only,D1_improved,P_alpha0.90,7,0.7642604166666668,0.9907840616344901,0.33308343159416737,,0.7729166666666667,0.025694444444444443,0.0
v1.0,v1.0,v1.0,A0_attack_only,D1_improved,P_alpha0.90,8,0.7362752525252525,0.9889444511266902,0.37126223945605263,,0.8576388888888888,0.024305555555555556,0.0
v1.0,v1.0,v1.0,A0_attack_only,D1_improved,P_alpha0.90,9,0.7747430555555557,0.9887200963134368,0.3184456066460979,,0.7333333333333333,0.018055555555555554,0.0
v1.0,v1.0,v1.0,A0_attack_only,D1_improved,P_alpha0.90,10,0.7339021464646466,0.9893780171931004,0.3765178440147441,,0.8625,0.03263888888888889,0.0
v1.0,v1.0,v1.0,A0_attack_only,D1_improved,P_alpha0.90,11,0.77181976010101,0.9902229967263361,0.32178764382738667,,0.7701388888888889,0.013888888888888888,0.0
v1.0,v1.0,v1.0,A0_attack_only,D1_improved,P_alpha0.90,12,0.778675505050505,0.9901102914222873,0.3105879785760835,,0.7277777777777777,0.013194444444444444,0.0
v1.0,v1.0,v1.0,A0_attack_only,D1_improved,P_alpha0.90,13,0.7756584595959596,0.9900396629475194,0.3161550559781282,,0.7597222222222222,0.011111111111111112,0.0
v1.0,v1.0,v1.0,A0_attack_only,D1_improved,P_alpha0.90,14,0.7538772095959596,0.9896223452391862,0.34711764278368357,,0.7930555555555555,0.02638888888888889,0.0
v1.0,v1.0,v1.0,A0_attack_only,D1_improved,P_alpha0.90,15,0.7642411616161616,0.9864566560896262,0.33860807329850917,,0.7541666666666667,0.03194444444444444,0.0
v1.0,v1.0,v1.0,A0_attack_only,D1_improved,P_alpha0.90,16,0.7728522727272727,0.9899731284620398,0.32025636200716845,,0.7597222222222222,0.014583333333333334,0.0
v1.0,v1.0,v1.0,A0_attack_only,D1_improved,P_alpha0.90,17,0.7256881313131314,0.9897520711780099,0.3828246610510345,,0.9013888888888889,0.017361111111111112,0.0
v1.0,v1.0,v1.0,A0_attack_only,D1_improved,P_alpha0.90,18,0.732334595959596,0.990282471578181,0.37675699370214233,,0.8868055555555555,0.025,0.0
v1.0,v1.0,v1.0,A0_attack_only,D1_improved,P_alpha0.90,19,0.7396578282828282,0.9916630203878504,0.360138213918418,,0.8347222222222223,0.018055555555555554,0.0
v1.0,v1.0,v1.0,A0_attack_only,D1_improved,P_alpha0.90,20,0.7357998737373737,0.9896840758263074,0.369773679715502,,0.8736111111111111,0.016666666666666666,0.0
v1.0,v1.0,v1.0,A0_attack_only,D1_improved,P_alpha0.90,21,0.7430555555555556,0.9898964951938743,0.3683603168784619,,0.8270833333333333,0.041666666666666664,1.0
v1.0,v1.0,v1.0,A0_attack_only,D1_improved,P_alpha0.90,22,0.7652256944444445,0.9907243669049365,0.32767589860296503,,0.78125,0.010416666666666666,0.0
v1.0,v1.0,v1.0,A0_attack_only,D1_improved,P_alpha0.90,23,0.7471073232323233,0.9895824245478984,0.3551507117546431,,0.7979166666666667,0.02847222222222222,0.0
v1.0,v1.0,v1.0,A0_attack_only,D1_improved,P_alpha0.90,24,0.7625482954545455,0.9905085128630051,0.33168871133207056,,0.7847222222222222,0.0125,0.0
v1.0,v1.0,v1.0,A0_attack_only,D1_improved,P_alpha0.90,25,0.7762885101010101,0.9900928905359034,0.31511391014479473,,0.7659722222222223,0.008333333333333333,0.0
v1.0,v1.0,v1.0,A0_attack_only,D1_improved,P_alpha0.90,26,0.7580094696969698,0.9892153929669681,0.34145983652044626,,0.8069444444444445,0.016666666666666666,0.0
v1.0,v1.0,v1.0,A0_attack_only,D1_improved,P_alpha0.90,27,0.7196433080808082,0.983432608277839,0.409300061985785,,0.8354166666666667,0.07291666666666667,0.0
v1.0,v1.0,v1.0,A0_attack_only,D1_improved,P_alpha0.90,28,0.7383541666666666,0.9896574620321155,0.3685707677836837,,0.8819444444444444,0.018055555555555554,0.0
v1.0,v1.0,v1.0,A0_attack_only,D1_improved,P_alpha0.90,29,0.7593166035353537,0.9888731213343108,0.34041065086347333,,0.7951388888888888,0.013888888888888888,1.0
v1.0,v1.0,v1.0,A0_attack_only,D1_improved,P_alpha0.90,30,0.7549135101010103,0.9887108270838424,0.3554737751761567,,0.7229166666666667,0.07013888888888889,0.0
v1.0,v1.0,v1.0,A0_attack_only,D1_improved,P_alpha0.90,31,0.7595669191919192,0.9841470762310606,0.35188714488636363,,0.7590277777777777,0.04722222222222222,0.0
v1.0,v1.0,v1.0,A0_attack_only,D1_improved,P_alpha0.90,32,0.7636410984848485,0.9840321587854349,0.34274253319485176,,0.7263888888888889,0.041666666666666664,0.0
v1.0,v1.0,v1.0,A0_attack_only,D1_improved,P_alpha0.90,33,0.7353525883838383,0.988681716993524,0.3745487956683773,,0.8368055555555556,0.03611111111111111,0.0
v1.0,v1.0,v1.0,A0_attack_only,D1_improved,P_alpha0.90,34,0.7279696969696969,0.9909866110067408,0.37861025871110304,,0.8895833333333333,0.019444444444444445,0.0
v1.0,v1.0,v1.0,A0_attack_only,D1_improved,P_alpha0.90,35,0.7699507575757576,0.9883512108865877,0.32381945602700385,,0.7395833333333334,0.016666666666666666,0.0
v1.0,v1.0,v1.0,A0_attack_only,D1_improved,P_alpha0.90,36,0.7549949494949495,0.9898751762840096,0.345717338964239,,0.8194444444444444,0.013194444444444444,1.0
v1.0,v1.0,v1.0,A0_attack_only,D1_improved,P_alpha0.90,37,0.7520101010101011,0.9891603115326654,0.35026835848403376,,0.7881944444444444,0.029861111111111113,0.0
v1.0,v1.0,v1.0,A0_attack_only,D1_improved,P_alpha0.90,38,0.7378219696969697,0.9895376999582519,0.36928140146423916,,0.8604166666666667,0.024305555555555556,0.0
v1.0,v1.0,v1.0,A0_attack_only,D1_improved,P_alpha0.90,39,0.7330479797979798,0.9894578585756761,0.37623453435565335,,0.8666666666666667,0.02847222222222222,0.0
v1.0,v1.0,v1.0,A0_attack_only,D1_improved,P_alpha1.00,0,0.754236111111111,0.7267736589687193,0.6632535536819815,,0.8159722222222222,0.022916666666666665,0.0
v1.0,v1.0,v1.0,A0_attack_only,D1_improved,P_alpha1.00,1,0.7682780934343435,0.7402086483534943,0.6265965285414633,,0.7729166666666667,0.016666666666666666,0.0
v1.0,v1.0,v1.0,A0_attack_only,D1_improved,P_alpha1.00,2,0.7214599116161616,0.6936797982343597,0.7457771082803846,,0.8993055555555556,0.027777777777777776,0.0
v1.0,v1.0,v1.0,A0_attack_only,D1_improved,P_alpha1.00,3,0.7349873737373738,0.7073579736375855,0.7146552801197458,,0.8729166666666667,0.03194444444444444,0.0
v1.0,v1.0,v1.0,A0_attack_only,D1_improved,P_alpha1.00,4,0.7744633838383839,0.747814227837854,0.610138709422858,,0.7493055555555556,0.02013888888888889,0.0
v1.0,v1.0,v1.0,A0_attack_only,D1_improved,P_alpha1.00,5,0.7235227272727274,0.697601064195381,0.7382448845817042,,0.90625,0.02361111111111111,0.0
v1.0,v1.0,v1.0,A0_attack_only,D1_improved,P_alpha1.00,6,0.7569065656565657,0.7302410858840418,0.654269409060362,,0.8090277777777778,0.01875,0.0
v1.0,v1.0,v1.0,A0_attack_only,D1_improved,P_alpha1.00,7,0.7658854166666667,0.7357364598607035,0.6375155537227114,,0.7729166666666667,0.025694444444444443,0.0
v1.0,v1.0,v1.0,A0_attack_only,D1_improved,P_alpha1.00,8,0.7384154040404042,0.7118560892442569,0.7016281221998208,,0.8576388888888888,0.024305555555555556,0.0
v1.0,v1.0,v1.0,A0_attack_only,D1_improved,P_alpha1.00,9,0.7759027777777779,0.7485252283418862,0.6055197259897365,,0.7333333333333333,0.018055555555555554,0.0
v1.0,v1.0,v1.0,A0_attack_only,D1_improved,P_alpha1.00,10,0.7360101010101011,0.7067424815188169,0.7135725322784298,,0.8625,0.03263888888888889,0.0
v1.0,v1.0,v1.0,A0_attack_only,D1_improved,P_alpha1.00,11,0.772845643939394,0.7456874312683281,0.6142044385386122,,0.7701388888888889,0.013888888888888888,0.0
v1.0,v1.0,v1.0,A0_attack_only,D1_improved,P_alpha1.00,12,0.7795391414141414,0.7517545000152733,0.5957512919008638,,0.7277777777777777,0.013194444444444444,0.0
v1.0,v1.0,v1.0,A0_attack_only,D1_improved,P_alpha1.00,13,0.7763952020202021,0.7501920000152733,0.6032355090725812,,0.7597222222222222,0.011111111111111112,0.0
v1.0,v1.0,v1.0,A0_attack_only,D1_improved,P_alpha1.00,14,0.7555445075757576,0.7263879215542519,0.6613316532258067,,0.7930555555555555,0.02638888888888889,0.0
v1.0,v1.0,v1.0,A0_attack_only,D1_improved,P_alpha1.00,15,0.7672664141414143,0.7378104762341151,0.6339582365998697,,0.7541666666666667,0.03194444444444444,0.0
v1.0,v1.0,v1.0,A0_attack_only,D1_improved,P_alpha1.00,16,0.774280303030303,0.7473170592008794,0.6100156148175305,,0.7597222222222222,0.014583333333333334,0.0
v1.0,v1.0,v1.0,A0_attack_only,D1_improved,P_alpha1.00,17,0.7270454545454546,0.7014776163856304,0.7273966835695665,,0.9013888888888889,0.017361111111111112,0.0
v1.0,v1.0,v1.0,A0_attack_only,D1_improved,P_alpha1.00,18,0.7339172979797979,0.7056754509561337,0.7167027164283972,,0.8868055555555555,0.025,0.0
v1.0,v1.0,v1.0,A0_attack_only,D1_improved,P_alpha1.00,19,0.7428566919191919,0.7153302461357525,0.6885386793845717,,0.8347222222222223,0.018055555555555554,0.0
v1.0,v1.0,v1.0,A0_attack_only,D1_improved,P_alpha1.00,20,0.7373547979797981,0.7121262619898583,0.7012881320768164,,0.8736111111111111,0.016666666666666666,0.0
v1.0,v1.0,v1.0,A0_attack_only,D1_improved,P_alpha1.00,21,0.7458333333333333,0.7124950742302051,0.6984642442570871,,0.8270833333333333,0.041666666666666664,1.0
v1.0,v1.0,v1.0,A0_attack_only,D1_improved,P_alpha1.00,22,0.7659201388888889,0.7393696923875852,0.6286070635793422,,0.78125,0.010416666666666666,0.0
v1.0,v1.0,v1.0,A0_attack_only,D1_improved,P_alpha1.00,23,0.7510606060606061,0.7222868459035923,0.6719521232995277,,0.7979166666666667,0.02847222222222222,0.0
v1.0,v1.0,v1.0,A0_attack_only,D1_improved,P_alpha1.00,24,0.763369633838384,0.7366124259225314,0.6355426772768007,,0.7847222222222222,0.0125,0.0
v1.0,v1.0,v1.0,A0_attack_only,D1_improved,P_alpha1.00,25,0.7768560606060606,0.7514323393969937,0.6009390210064358,,0.7659722222222223,0.008333333333333333,0.0
v1.0,v1.0,v1.0,A0_attack_only,D1_improved,P_alpha1.00,26,0.7590845959595959,0.7329317303580153,0.6479251053885635,,0.8069444444444445,0.016666666666666666,0.0
v1.0,v1.0,v1.0,A0_attack_only,D1_improved,P_alpha1.00,27,0.7241445707070708,0.6876229055932306,0.7597704425810524,,0.8354166666666667,0.07291666666666667,0.0
v1.0,v1.0,v1.0,A0_attack_only,D1_improved,P_alpha1.00,28,0.7395138888888889,0.7139258289803274,0.6982890052236072,,0.8819444444444444,0.018055555555555554,0.0
v1.0,v1.0,v1.0,A0_attack_only,D1_improved,P_alpha1.00,29,0.760222537878788,0.7347699780058647,0.6444284885141743,,0.7951388888888888,0.013888888888888888,1.0
v1.0,v1.0,v1.0,A0_attack_only,D1_improved,P_alpha1.00,30,0.7594255050505052,0.7195574062194522,0.6739458852639298,,0.7229166666666667,0.07013888888888889,0.0
v1.0,v1.0,v1.0,A0_attack_only,D1_improved,P_alpha1.00,31,0.7624431818181818,0.7291436606488266,0.6550149809587817,,0.7590277777777777,0.04722222222222222,0.0
v1.0,v1.0,v1.0,A0_attack_only,D1_improved,P_alpha1.00,32,0.766238952020202,0.7351267908418864,0.6388311211917566,,0.7263888888888889,0.041666666666666664,0.0
v1.0,v1.0,v1.0,A0_attack_only,D1_improved,P_alpha1.00,33,0.7376120580808081,0.7064108130193059,0.7110144107404692,,0.8368055555555556,0.03611111111111111,0.0
v1.0,v1.0,v1.0,A0_attack_only,D1_improved,P_alpha1.00,34,0.7298737373737374,0.7033027191012952,0.7219268885935973,,0.8895833333333333,0.019444444444444445,0.0
v1.0,v1.0,v1.0,A0_attack_only,D1_improved,P_alpha1.00,35,0.772885101010101,0.7464887184597994,0.6111201035048064,,0.7395833333333334,0.016666666666666666,0.0
v1.0,v1.0,v1.0,A0_attack_only,D1_improved,P_alpha1.00,36,0.7558585858585859,0.7304602921859725,0.656151563518247,,0.8194444444444444,0.013194444444444444,1.0
v1.0,v1.0,v1.0,A0_attack_only,D1_improved,P_alpha1.00,37,0.7544286616161617,0.7247907597904444,0.6650932599686382,,0.7881944444444444,0.029861111111111113,0.0
v1.0,v1.0,v1.0,A0_attack_only,D1_improved,P_alpha1.00,38,0.7393623737373739,0.7123904207141982,0.7003177325166994,,0.8604166666666667,0.024305555555555556,0.0
v1.0,v1.0,v1.0,A0_attack_only,D1_improved,P_alpha1.00,39,0.7358017676767676,0.7076556390518082,0.711643409905507,,0.8666666666666667,0.02847222222222222,0.0
v1.0,v1.0,v1.0,A0_attack_only,D1_improved,P_availability_first,0,0.754236111111111,0.7267736589687193,0.6632535536819815,,0.8159722222222222,0.022916666666666665,0.0
v1.0,v1.0,v1.0,A0_attack_only,D1_improved,P_availability_first,1,0.7682780934343435,0.7402086483534943,0.6265965285414633,,0.7729166666666667,0.016666666666666666,0.0
v1.0,v1.0,v1.0,A0_attack_only,D1_improved,P_availability_first,2,0.7214599116161616,0.6936797982343597,0.7457771082803846,,0.8993055555555556,0.027777777777777776,0.0
v1.0,v1.0,v1.0,A0_attack_only,D1_improved,P_availability_first,3,0.7349873737373738,0.7073579736375855,0.7146552801197458,,0.8729166666666667,0.03194444444444444,0.0
v1.0,v1.0,v1.0,A0_attack_only,D1_improved,P_availability_first,4,0.7744633838383839,0.747814227837854,0.610138709422858,,0.7493055555555556,0.02013888888888889,0.0
v1.0,v1.0,v1.0,A0_attack_only,D1_improved,P_availability_first,5,0.7235227272727274,0.697601064195381,0.7382448845817042,,0.90625,0.02361111111111111,0.0
v1.0,v1.0,v1.0,A0_attack_only,D1_improved,P_availability_first,6,0.7569065656565657,0.7302410858840418,0.654269409060362,,0.8090277777777778,0.01875,0.0
v1.0,v1.0,v1.0,A0_attack_only,D1_improved,P_availability_first,7,0.7658854166666667,0.7357364598607035,0.6375155537227114,,0.7729166666666667,0.025694444444444443,0.0
v1.0,v1.0,v1.0,A0_attack_only,D1_improved,P_availability_first,8,0.7384154040404042,0.7118560892442569,0.7016281221998208,,0.8576388888888888,0.024305555555555556,0.0
v1.0,v1.0,v1.0,A0_attack_only,D1_improved,P_availability_first,9,0.7759027777777779,0.7485252283418862,0.6055197259897365,,0.7333333333333333,0.018055555555555554,0.0
v1.0,v1.0,v1.0,A0_attack_only,D1_improved,P_availability_first,10,0.7360101010101011,0.7067424815188169,0.7135725322784298,,0.8625,0.03263888888888889,0.0
v1.0,v1.0,v1.0,A0_attack_only,D1_improved,P_availability_first,11,0.772845643939394,0.7456874312683281,0.6142044385386122,,0.7701388888888889,0.013888888888888888,0.0
v1.0,v1.0,v1.0,A0_attack_only,D1_improved,P_availability_first,12,0.7795391414141414,0.7517545000152733,0.5957512919008638,,0.7277777777777777,0.013194444444444444,0.0
v1.0,v1.0,v1.0,A0_attack_only,D1_improved,P_availability_first,13,0.7763952020202021,0.7501920000152733,0.6032355090725812,,0.7597222222222222,0.011111111111111112,0.0
v1.0,v1.0,v1.0,A0_attack_only,D1_improved,P_availability_first,14,0.7555445075757576,0.7263879215542519,0.6613316532258067,,0.7930555555555555,0.02638888888888889,0.0
v1.0,v1.0,v1.0,A0_attack_only,D1_improved,P_availability_first,15,0.7672664141414143,0.7378104762341151,0.6339582365998697,,0.7541666666666667,0.03194444444444444,0.0
v1.0,v1.0,v1.0,A0_attack_only,D1_improved,P_availability_first,16,0.774280303030303,0.7473170592008794,0.6100156148175305,,0.7597222222222222,0.014583333333333334,0.0
v1.0,v1.0,v1.0,A0_attack_only,D1_improved,P_availability_first,17,0.7270454545454546,0.7014776163856304,0.7273966835695665,,0.9013888888888889,0.017361111111111112,0.0
v1.0,v1.0,v1.0,A0_attack_only,D1_improved,P_availability_first,18,0.7339172979797979,0.7056754509561337,0.7167027164283972,,0.8868055555555555,0.025,0.0
v1.0,v1.0,v1.0,A0_attack_only,D1_improved,P_availability_first,19,0.7428566919191919,0.7153302461357525,0.6885386793845717,,0.8347222222222223,0.018055555555555554,0.0
v1.0,v1.0,v1.0,A0_attack_only,D1_improved,P_availability_first,20,0.7373547979797981,0.7121262619898583,0.7012881320768164,,0.8736111111111111,0.016666666666666666,0.0
v1.0,v1.0,v1.0,A0_attack_only,D1_improved,P_availability_first,21,0.7458333333333333,0.7124950742302051,0.6984642442570871,,0.8270833333333333,0.041666666666666664,1.0
v1.0,v1.0,v1.0,A0_attack_only,D1_improved,P_availability_first,22,0.7659201388888889,0.7393696923875852,0.6286070635793422,,0.78125,0.010416666666666666,0.0
v1.0,v1.0,v1.0,A0_attack_only,D1_improved,P_availability_first,23,0.7510606060606061,0.7222868459035923,0.6719521232995277,,0.7979166666666667,0.02847222222222222,0.0
v1.0,v1.0,v1.0,A0_attack_only,D1_improved,P_availability_first,24,0.763369633838384,0.7366124259225314,0.6355426772768007,,0.7847222222222222,0.0125,0.0
v1.0,v1.0,v1.0,A0_attack_only,D1_improved,P_availability_first,25,0.7768560606060606,0.7514323393969937,0.6009390210064358,,0.7659722222222223,0.008333333333333333,0.0
v1.0,v1.0,v1.0,A0_attack_only,D1_improved,P_availability_first,26,0.7590845959595959,0.7329317303580153,0.6479251053885635,,0.8069444444444445,0.016666666666666666,0.0
v1.0,v1.0,v1.0,A0_attack_only,D1_improved,P_availability_first,27,0.7241445707070708,0.6876229055932306,0.7597704425810524,,0.8354166666666667,0.07291666666666667,0.0
v1.0,v1.0,v1.0,A0_attack_only,D1_improved,P_availability_first,28,0.7395138888888889,0.7139258289803274,0.6982890052236072,,0.8819444444444444,0.018055555555555554,0.0
v1.0,v1.0,v1.0,A0_attack_only,D1_improved,P_availability_first,29,0.760222537878788,0.7347699780058647,0.6444284885141743,,0.7951388888888888,0.013888888888888888,1.0
v1.0,v1.0,v1.0,A0_attack_only,D1_improved,P_availability_first,30,0.7594255050505052,0.7195574062194522,0.6739458852639298,,0.7229166666666667,0.07013888888888889,0.0
v1.0,v1.0,v1.0,A0_attack_only,D1_improved,P_availability_first,31,0.7624431818181818,0.7291436606488266,0.6550149809587817,,0.7590277777777777,0.04722222222222222,0.0
v1.0,v1.0,v1.0,A0_attack_only,D1_improved,P_availability_first,32,0.766238952020202,0.7351267908418864,0.6388311211917566,,0.7263888888888889,0.041666666666666664,0.0
v1.0,v1.0,v1.0,A0_attack_only,D1_improved,P_availability_first,33,0.7376120580808081,0.7064108130193059,0.7110144107404692,,0.8368055555555556,0.03611111111111111,0.0
v1.0,v1.0,v1.0,A0_attack_only,D1_improved,P_availability_first,34,0.7298737373737374,0.7033027191012952,0.7219268885935973,,0.8895833333333333,0.019444444444444445,0.0
v1.0,v1.0,v1.0,A0_attack_only,D1_improved,P_availability_first,35,0.772885101010101,0.7464887184597994,0.6111201035048064,,0.7395833333333334,0.016666666666666666,0.0
v1.0,v1.0,v1.0,A0_attack_only,D1_improved,P_availability_first,36,0.7558585858585859,0.7304602921859725,0.656151563518247,,0.8194444444444444,0.013194444444444444,1.0
v1.0,v1.0,v1.0,A0_attack_only,D1_improved,P_availability_first,37,0.7544286616161617,0.7247907597904444,0.6650932599686382,,0.7881944444444444,0.029861111111111113,0.0
v1.0,v1.0,v1.0,A0_attack_only,D1_improved,P_availability_first,38,0.7393623737373739,0.7123904207141982,0.7003177325166994,,0.8604166666666667,0.024305555555555556,0.0
v1.0,v1.0,v1.0,A0_attack_only,D1_improved,P_availability_first,39,0.7358017676767676,0.7076556390518082,0.711643409905507,,0.8666666666666667,0.02847222222222222,0.0
v1.0,v1.0,v1.0,A0_attack_only,D1_improved,P_heat_first,0,0.7178030303030302,1.0,0.37181502525252536,,0.8159722222222222,0.022916666666666665,0.0
v1.0,v1.0,v1.0,A0_attack_only,D1_improved,P_heat_first,1,0.7298847853535354,1.0,0.3532402146464646,,0.7729166666666667,0.016666666666666666,0.0
v1.0,v1.0,v1.0,A0_attack_only,D1_improved,P_heat_first,2,0.6917850378787879,1.0,0.40786773989898994,,0.8993055555555556,0.027777777777777776,0.0
v1.0,v1.0,v1.0,A0_attack_only,D1_improved,P_heat_first,3,0.7018844696969697,1.0,0.39658775252525247,,0.8729166666666667,0.03194444444444444,0.0
v1.0,v1.0,v1.0,A0_attack_only,D1_improved,P_heat_first,4,0.7346243686868688,1.0,0.3473547979797979,,0.7493055555555556,0.02013888888888889,0.0
v1.0,v1.0,v1.0,A0_attack_only,D1_improved,P_heat_first,5,0.6944665404040404,1.0,0.4044223484848485,,0.90625,0.02361111111111111,0.0
v1.0,v1.0,v1.0,A0_attack_only,D1_improved,P_heat_first,6,0.7200820707070708,1.0,0.36738320707070704,,0.8090277777777778,0.01875,0.0
v1.0,v1.0,v1.0,A0_attack_only,D1_improved,P_heat_first,7,0.7267471590909091,1.0,0.3595375631313131,,0.7729166666666667,0.025694444444444443,0.0
v1.0,v1.0,v1.0,A0_attack_only,D1_improved,P_heat_first,8,0.7044791666666667,1.0,0.38979166666666665,,0.8576388888888888,0.024305555555555556,0.0
v1.0,v1.0,v1.0,A0_attack_only,D1_improved,P_heat_first,9,0.7359217171717172,1.0,0.3437310606060606,,0.7333333333333333,0.018055555555555554,0.0
v1.0,v1.0,v1.0,A0_attack_only,D1_improved,P_heat_first,10,0.702332702020202,1.0,0.3953409090909091,,0.8625,0.03263888888888889,0.0
v1.0,v1.0,v1.0,A0_attack_only,D1_improved,P_heat_first,11,0.7356328914141415,1.0,0.3462421085858585,,0.7701388888888889,0.013888888888888888,0.0
v1.0,v1.0,v1.0,A0_attack_only,D1_improved,P_heat_first,12,0.7394696969696971,1.0,0.3379261363636362,,0.7277777777777777,0.013194444444444444,0.0
v1.0,v1.0,v1.0,A0_attack_only,D1_improved,P_heat_first,13,0.738443813131313,1.0,0.3414172979797981,,0.7597222222222222,0.011111111111111112,0.0
v1.0,v1.0,v1.0,A0_attack_only,D1_improved,P_heat_first,14,0.7187863005050505,1.0,0.36975536616161614,,0.7930555555555555,0.02638888888888889,0.0
v1.0,v1.0,v1.0,A0_attack_only,D1_improved,P_heat_first,15,0.723626893939394,1.0,0.36297032828282827,,0.7541666666666667,0.03194444444444444,0.0
v1.0,v1.0,v1.0,A0_attack_only,D1_improved,P_heat_first,16,0.7353251262626261,1.0,0.34575126262626277,,0.7597222222222222,0.014583333333333334,0.0
v1.0,v1.0,v1.0,A0_attack_only,D1_improved,P_heat_first,17,0.6985574494949496,1.0,0.3976578282828282,,0.9013888888888889,0.017361111111111112,0.0
v1.0,v1.0,v1.0,A0_attack_only,D1_improved,P_heat_first,18,0.703844696969697,1.0,0.39358585858585854,,0.8868055555555555,0.025,0.0
v1.0,v1.0,v1.0,A0_attack_only,D1_improved,P_heat_first,19,0.706133207070707,1.0,0.3836584595959596,,0.8347222222222223,0.018055555555555554,0.0
v1.0,v1.0,v1.0,A0_attack_only,D1_improved,P_heat_first,20,0.7062847222222223,1.0,0.3869097222222222,,0.8736111111111111,0.016666666666666666,0.0
v1.0,v1.0,v1.0,A0_attack_only,D1_improved,P_heat_first,21,0.7080744949494949,1.0,0.39121717171717174,,0.8270833333333333,0.041666666666666664,1.0
v1.0,v1.0,v1.0,A0_attack_only,D1_improved,P_heat_first,22,0.7294712752525252,1.0,0.35229955808080815,,0.78125,0.010416666666666666,0.0
v1.0,v1.0,v1.0,A0_attack_only,D1_improved,P_heat_first,23,0.7093434343434344,1.0,0.3804135101010101,,0.7979166666666667,0.02847222222222222,0.0
v1.0,v1.0,v1.0,A0_attack_only,D1_improved,P_heat_first,24,0.7280318813131313,1.0,0.3548153409090909,,0.7847222222222222,0.0125,0.0
v1.0,v1.0,v1.0,A0_attack_only,D1_improved,P_heat_first,25,0.7404324494949495,1.0,0.3390814393939394,,0.7659722222222223,0.008333333333333333,0.0
v1.0,v1.0,v1.0,A0_attack_only,D1_improved,P_heat_first,26,0.7233901515151515,1.0,0.3631376262626263,,0.8069444444444445,0.016666666666666666,0.0
v1.0,v1.0,v1.0,A0_attack_only,D1_improved,P_heat_first,27,0.6824652777777778,1.0,0.42659722222222224,,0.8354166666666667,0.07291666666666667,0.0
v1.0,v1.0,v1.0,A0_attack_only,D1_improved,P_heat_first,28,0.7096938131313131,1.0,0.3848200757575758,,0.8819444444444444,0.018055555555555554,0.0
v1.0,v1.0,v1.0,A0_attack_only,D1_improved,P_heat_first,29,0.7246780303030302,1.0,0.36169696969696974,,0.7951388888888888,0.013888888888888888,1.0
v1.0,v1.0,v1.0,A0_attack_only,D1_improved,P_heat_first,30,0.7096654040404041,1.0,0.38717487373737364,,0.7229166666666667,0.07013888888888889,0.0
v1.0,v1.0,v1.0,A0_attack_only,D1_improved,P_heat_first,31,0.7171180555555556,1.0,0.3753124999999999,,0.7590277777777777,0.04722222222222222,0.0
v1.0,v1.0,v1.0,A0_attack_only,D1_improved,P_heat_first,32,0.7215419823232324,1.0,0.36568023989898985,,0.7263888888888889,0.041666666666666664,0.0
v1.0,v1.0,v1.0,A0_attack_only,D1_improved,P_heat_first,33,0.7020501893939394,1.0,0.39426925505050503,,0.8368055555555556,0.03611111111111111,0.0
v1.0,v1.0,v1.0,A0_attack_only,D1_improved,P_heat_first,34,0.6990498737373737,1.0,0.3967140151515152,,0.8895833333333333,0.019444444444444445,0.0
v1.0,v1.0,v1.0,A0_attack_only,D1_improved,P_heat_first,35,0.7299337121212122,1.0,0.34985795454545454,,0.7395833333333334,0.016666666666666666,0.0
v1.0,v1.0,v1.0,A0_attack_only,D1_improved,P_heat_first,36,0.72104797979798,1.0,0.36751452020202,,0.8194444444444444,0.013194444444444444,1.0
v1.0,v1.0,v1.0,A0_attack_only,D1_improved,P_heat_first,37,0.7156376262626263,1.0,0.3736332070707071,,0.7881944444444444,0.029861111111111113,0.0
v1.0,v1.0,v1.0,A0_attack_only,D1_improved,P_heat_first,38,0.7071938131313132,1.0,0.3873547979797979,,0.8604166666666667,0.024305555555555556,0.0
v1.0,v1.0,v1.0,A0_attack_only,D1_improved,P_heat_first,39,0.7014488636363637,1.0,0.39518308080808073,,0.8666666666666667,0.02847222222222222,0.0
v1.0,v1.0,v1.0,A0_attack_only,D1_improved,P_balanced,0,0.7204419191919192,0.999620838233647,0.36963113048325985,,0.8159722222222222,0.022916666666666665,0.0
v1.0,v1.0,v1.0,A0_attack_only,D1_improved,P_balanced,1,0.7319381313131313,0.9996750042002688,0.35157686364654617,,0.7729166666666667,0.016666666666666666,0.0
v1.0,v1.0,v1.0,A0_attack_only,D1_improved,P_balanced,2,0.6946527777777778,0.9998375021001344,0.40519499747983867,,0.8993055555555556,0.027777777777777776,0.0
v1.0,v1.0,v1.0,A0_attack_only,D1_improved,P_balanced,3,0.7051783459595959,0.9988083487343189,0.3947238577814436,,0.8729166666666667,0.03194444444444444,0.0
v1.0,v1.0,v1.0,A0_attack_only,D1_improved,P_balanced,4,0.7367108585858587,0.9990250126008065,0.3464382929598402,,0.7493055555555556,0.02013888888888889,0.0
v1.0,v1.0,v1.0,A0_attack_only,D1_improved,P_balanced,5,0.696908143939394,0.9998375021001344,0.4021757424293335,,0.90625,0.02361111111111111,0.0
v1.0,v1.0,v1.0,A0_attack_only,D1_improved,P_balanced,6,0.7222948232323233,0.9996750042002688,0.36556044950513195,,0.8090277777777778,0.01875,0.0
v1.0,v1.0,v1.0,A0_attack_only,D1_improved,P_balanced,7,0.7294018308080809,0.9998375021001344,0.35707788889398,,0.7729166666666667,0.025694444444444443,0.0
v1.0,v1.0,v1.0,A0_attack_only,D1_improved,P_balanced,8,0.707260101010101,0.9996750042002688,0.38740072728290986,,0.8576388888888888,0.024305555555555556,0.0
v1.0,v1.0,v1.0,A0_attack_only,D1_improved,P_balanced,9,0.7377951388888888,0.9995125063004031,0.34244263132840524,,0.7333333333333333,0.018055555555555554,0.0
v1.0,v1.0,v1.0,A0_attack_only,D1_improved,P_balanced,10,0.7057244318181819,0.9998375021001344,0.39214417677276786,,0.8625,0.03263888888888889,0.0
v1.0,v1.0,v1.0,A0_attack_only,D1_improved,P_balanced,11,0.7371338383838384,0.9995666722670251,0.34526115489573145,,0.7701388888888889,0.013888888888888888,0.0
v1.0,v1.0,v1.0,A0_attack_only,D1_improved,P_balanced,12,0.7408459595959596,0.9997291701668906,0.3368748695371051,,0.7277777777777777,0.013194444444444444,0.0
v1.0,v1.0,v1.0,A0_attack_only,D1_improved,P_balanced,13,0.7396070075757576,0.9998375021001344,0.34044910101519216,,0.7597222222222222,0.011111111111111112,0.0
v1.0,v1.0,v1.0,A0_attack_only,D1_improved,P_balanced,14,0.7215119949494949,0.9998375021001344,0.3672246691970104,,0.7930555555555555,0.02638888888888889,0.0
v1.0,v1.0,v1.0,A0_attack_only,D1_improved,P_balanced,15,0.727376893939394,0.9988625147009409,0.3605853106416992,,0.7541666666666667,0.03194444444444444,0.0
v1.0,v1.0,v1.0,A0_attack_only,D1_improved,P_balanced,16,0.7370580808080809,0.9998375021001344,0.34421330556064667,,0.7597222222222222,0.014583333333333334,0.0
v1.0,v1.0,v1.0,A0_attack_only,D1_improved,P_balanced,17,0.7004671717171718,0.9997833361335126,0.39600810270039094,,0.9013888888888889,0.017361111111111112,0.0
v1.0,v1.0,v1.0,A0_attack_only,D1_improved,P_balanced,18,0.706428345959596,0.9998375021001344,0.39119720707579814,,0.8868055555555555,0.025,0.0
v1.0,v1.0,v1.0,A0_attack_only,D1_improved,P_balanced,19,0.7089188762626263,0.9998375021001344,0.381067787883879,,0.8347222222222223,0.018055555555555554,0.0
v1.0,v1.0,v1.0,A0_attack_only,D1_improved,P_balanced,20,0.708230744949495,0.9998375021001344,0.3851586969747881,,0.8736111111111111,0.016666666666666666,0.0
v1.0,v1.0,v1.0,A0_attack_only,D1_improved,P_balanced,21,0.7124431818181819,0.9993500084005376,0.3876284747678397,,0.8270833333333333,0.041666666666666664,1.0
v1.0,v1.0,v1.0,A0_attack_only,D1_improved,P_balanced,22,0.7305634469696969,0.9997291701668906,0.3515323821633678,,0.78125,0.010416666666666666,0.0
v1.0,v1.0,v1.0,A0_attack_only,D1_improved,P_balanced,23,0.7132481060606062,0.9998375021001344,0.37670383586367695,,0.7979166666666667,0.02847222222222222,0.0
v1.0,v1.0,v1.0,A0_attack_only,D1_improved,P_balanced,24,0.7293371212121212,0.9998375021001344,0.35370509848993964,,0.7847222222222222,0.0125,0.0
v1.0,v1.0,v1.0,A0_attack_only,D1_improved,P_balanced,25,0.7413115530303029,0.9998375021001344,0.3383973333384246,,0.7659722222222223,0.008333333333333333,0.0
v1.0,v1.0,v1.0,A0_attack_only,D1_improved,P_balanced,26,0.7251215277777779,0.9996750042002688,0.3617962449596773,,0.8069444444444445,0.016666666666666666,0.0
v1.0,v1.0,v1.0,A0_attack_only,D1_improved,P_balanced,27,0.6899494949494951,0.9983750210013441,0.42106297984889196,,0.8354166666666667,0.07291666666666667,0.0
v1.0,v1.0,v1.0,A0_attack_only,D1_improved,P_balanced,28,0.7115672348484848,0.9998375021001344,0.3831416515202427,,0.8819444444444444,0.018055555555555554,0.0
v1.0,v1.0,v1.0,A0_attack_only,D1_improved,P_balanced,29,0.7261253156565657,0.9995666722670251,0.36076967762300416,,0.7951388888888888,0.013888888888888888,1.0
v1.0,v1.0,v1.0,A0_attack_only,D1_improved,P_balanced,30,0.7169460227272727,0.9997833361335126,0.38015425169029,,0.7229166666666667,0.07013888888888889,0.0
v1.0,v1.0,v1.0,A0_attack_only,D1_improved,P_balanced,31,0.7219476010101009,0.9977250294018818,0.37321291926319644,,0.7590277777777777,0.04722222222222222,0.0
v1.0,v1.0,v1.0,A0_attack_only,D1_improved,P_balanced,32,0.7258301767676768,0.9982666890681002,0.36347201857282513,,0.7263888888888889,0.041666666666666664,0.0
v1.0,v1.0,v1.0,A0_attack_only,D1_improved,P_balanced,33,0.705770202020202,0.9991333445340501,0.3915892289833822,,0.8368055555555556,0.03611111111111111,0.0
v1.0,v1.0,v1.0,A0_attack_only,D1_improved,P_balanced,34,0.7013604797979798,0.9998375021001344,0.3945984065707478,,0.8895833333333333,0.019444444444444445,0.0
v1.0,v1.0,v1.0,A0_attack_only,D1_improved,P_balanced,35,0.7324968434343434,0.9994041743671596,0.3480098139917318,,0.7395833333333334,0.016666666666666666,0.0
v1.0,v1.0,v1.0,A0_attack_only,D1_improved,P_balanced,36,0.7224242424242424,0.9998375021001344,0.3663332550555962,,0.8194444444444444,0.013194444444444444,1.0
v1.0,v1.0,v1.0,A0_attack_only,D1_improved,P_balanced,37,0.7189599116161617,0.9997291701668906,0.370635917516903,,0.7881944444444444,0.029861111111111113,0.0
v1.0,v1.0,v1.0,A0_attack_only,D1_improved,P_balanced,38,0.7097064393939394,0.9998375021001344,0.38503716919701036,,0.8604166666666667,0.024305555555555556,0.0
v1.0,v1.0,v1.0,A0_attack_only,D1_improved,P_balanced,39,0.7048169191919192,0.9998375021001344,0.39201002273236385,,0.8666666666666667,0.02847222222222222,0.0
v1.0,v1.0,v1.0,A0_attack_only,D1_improved,P_no_containment,0,0.5548484848484848,0.9441568294461743,0.7739341531494395,,0.0,0.7479166666666667,0.0
v1.0,v1.0,v1.0,A0_attack_only,D1_improved,P_no_containment,1,0.5777761994949496,0.9497462496690683,0.7265560786799462,,0.0,0.6972222222222222,0.0
v1.0,v1.0,v1.0,A0_attack_only,D1_improved,P_no_containment,2,0.5168450126262627,0.9348921740082264,0.8524649341194211,,0.0,0.8319444444444445,0.0
v1.0,v1.0,v1.0,A0_attack_only,D1_improved,P_no_containment,3,0.5234406565656566,0.9365000894148124,0.8388356250254573,,0.0,0.8173611111111111,0.0
v1.0,v1.0,v1.0,A0_attack_only,D1_improved,P_no_containment,4,0.5897111742424243,0.9526558108809857,0.7018935193670595,,0.0,0.6708333333333333,0.0
v1.0,v1.0,v1.0,A0_attack_only,D1_improved,P_no_containment,5,0.5086789772727274,0.9329014216000723,0.8693393168071859,,0.0,0.85,0.0
v1.0,v1.0,v1.0,A0_attack_only,D1_improved,P_no_containment,6,0.5554766414141414,0.9443099642468015,0.772636123711919,,0.0,0.7465277777777778,0.0
v1.0,v1.0,v1.0,A0_attack_only,D1_improved,P_no_containment,7,0.5711805555555556,0.9481383342624824,0.74018538777391,,0.0,0.7118055555555556,0.0
v1.0,v1.0,v1.0,A0_attack_only,D1_improved,P_no_containment,8,0.5287799873737374,0.937801735220144,0.8278023748065342,,0.0,0.8055555555555556,0.0
v1.0,v1.0,v1.0,A0_attack_only,D1_improved,P_no_containment,9,0.5972490530303031,0.9544934284885127,0.686317166116815,,0.0,0.6541666666666667,0.0
v1.0,v1.0,v1.0,A0_attack_only,D1_improved,P_no_containment,10,0.531606691919192,0.9384908418229665,0.8219612423376926,,0.0,0.7993055555555556,0.0
v1.0,v1.0,v1.0,A0_attack_only,D1_improved,P_no_containment,11,0.5818592171717173,0.9507416258731454,0.7181188873360638,,0.0,0.6881944444444444,0.0
v1.0,v1.0,v1.0,A0_attack_only,D1_improved,P_no_containment,12,0.5981912878787878,0.9547231306894535,0.6843701219605347,,0.0,0.6520833333333333,0.0
v1.0,v1.0,v1.0,A0_attack_only,D1_improved,P_no_containment,13,0.5837436868686869,0.9512010302750271,0.7142247990235028,,0.0,0.6840277777777778,0.0
v1.0,v1.0,v1.0,A0_attack_only,D1_improved,P_no_containment,14,0.568353851010101,0.9474492276596597,0.7460265202427518,,0.0,0.7180555555555556,0.0
v1.0,v1.0,v1.0,A0_attack_only,D1_improved,P_no_containment,15,0.5730650252525252,0.948597738664364,0.7362912994613491,,0.0,0.7076388888888889,0.0
v1.0,v1.0,v1.0,A0_attack_only,D1_improved,P_no_containment,16,0.5843718434343435,0.9513541650756543,0.7129267695859824,,0.0,0.6826388888888889,0.0
v1.0,v1.0,v1.0,A0_attack_only,D1_improved,P_no_containment,17,0.5168450126262627,0.9348921740082264,0.8524649341194211,,0.0,0.8319444444444445,0.0
v1.0,v1.0,v1.0,A0_attack_only,D1_improved,P_no_containment,18,0.5265814393939394,0.9372657634179486,0.8323454778378556,,0.0,0.8104166666666667,0.0
v1.0,v1.0,v1.0,A0_attack_only,D1_improved,P_no_containment,19,0.5404008838383839,0.9406347290317478,0.8037888302124077,,0.0,0.7798611111111111,0.0
v1.0,v1.0,v1.0,A0_attack_only,D1_improved,P_no_containment,20,0.5312926136363637,0.9384142744226529,0.8226102570564529,,0.0,0.8,0.0
v1.0,v1.0,v1.0,A0_attack_only,D1_improved,P_no_containment,21,0.5429135101010102,0.9412472682342568,0.8005967124623261,,0.0,0.7743055555555556,1.0
v1.0,v1.0,v1.0,A0_attack_only,D1_improved,P_no_containment,22,0.5686679292929294,0.9475257950599734,0.7453775055239915,,0.0,0.7173611111111111,0.0
v1.0,v1.0,v1.0,A0_attack_only,D1_improved,P_no_containment,23,0.5463683712121212,0.9420895096377064,0.7914575505559643,,0.0,0.7666666666666667,0.0
v1.0,v1.0,v1.0,A0_attack_only,D1_improved,P_no_containment,24,0.5774621212121211,0.9496696822687547,0.7272050933987065,,0.0,0.6979166666666666,0.0
v1.0,v1.0,v1.0,A0_attack_only,D1_improved,P_no_containment,25,0.587198547979798,0.9520432716784768,0.707085637117141,,0.0,0.6763888888888889,0.0
v1.0,v1.0,v1.0,A0_attack_only,D1_improved,P_no_containment,26,0.5589315025252526,0.9451522056502512,0.7654969618055572,,0.0,0.7388888888888889,0.0
v1.0,v1.0,v1.0,A0_attack_only,D1_improved,P_no_containment,27,0.5268955176767678,0.9373423308182623,0.8316964631190952,,0.0,0.8097222222222222,0.0
v1.0,v1.0,v1.0,A0_attack_only,D1_improved,P_no_containment,28,0.5275236742424243,0.9374954656188894,0.8303984336815751,,0.0,0.8083333333333333,0.0
v1.0,v1.0,v1.0,A0_attack_only,D1_improved,P_no_containment,29,0.5630145202020203,0.9461475818543282,0.7590597704616747,,0.0,0.7298611111111111,1.0
v1.0,v1.0,v1.0,A0_attack_only,D1_improved,P_no_containment,30,0.5777761994949496,0.9497462496690683,0.7265560786799462,,0.0,0.6972222222222222,0.0
v1.0,v1.0,v1.0,A0_attack_only,D1_improved,P_no_containment,31,0.5529640151515152,0.9436974250442925,0.7778282414620004,,0.0,0.7520833333333333,0.0
v1.0,v1.0,v1.0,A0_attack_only,D1_improved,P_no_containment,32,0.5875126262626262,0.9521198390787905,0.7064366223983807,,0.0,0.6756944444444445,0.0
v1.0,v1.0,v1.0,A0_attack_only,D1_improved,P_no_containment,33,0.5425994318181818,0.941170700833943,0.7992457271810866,,0.0,0.775,0.0
v1.0,v1.0,v1.0,A0_attack_only,D1_improved,P_no_containment,34,0.5177872474747476,0.9351218762091673,0.8505178899631405,,0.0,0.8298611111111112,0.0
v1.0,v1.0,v1.0,A0_attack_only,D1_improved,P_no_containment,35,0.5843718434343435,0.9513541650756543,0.7129267695859824,,0.0,0.6826388888888889,0.0
v1.0,v1.0,v1.0,A0_attack_only,D1_improved,P_no_containment,36,0.5466824494949495,0.9421660770380201,0.7928085358372041,,0.0,0.7659722222222223,1.0
v1.0,v1.0,v1.0,A0_attack_only,D1_improved,P_no_containment,37,0.566155303030303,0.9469132558574644,0.750569623274073,,0.0,0.7229166666666667,0.0
v1.0,v1.0,v1.0,A0_attack_only,D1_improved,P_no_containment,38,0.5369460227272729,0.9397924876282979,0.8109279921187695,,0.0,0.7875,0.0
v1.0,v1.0,v1.0,A0_attack_only,D1_improved,P_no_containment,39,0.5284659090909091,0.9377251678198304,0.8284513895252945,,0.0,0.80625,0.0
v1.0,v1.0,v1.0,A0_attack_only,D1_improved,P_aggressive,0,0.7096717171717172,0.9998375021001344,0.3785441136414548,,0.8340277777777778,0.013194444444444444,0.0
v1.0,v1.0,v1.0,A0_attack_only,D1_improved,P_aggressive,1,0.72375,0.9998375021001344,0.35863249747983866,,0.7902777777777777,0.009027777777777777,0.0
v1.0,v1.0,v1.0,A0_attack_only,D1_improved,P_aggressive,2,0.6907970328282829,0.9998375021001344,0.40568268687377795,,0.9215277777777777,0.011805555555555555,0.0
v1.0,v1.0,v1.0,A0_attack_only,D1_improved,P_aggressive,3,0.6917755681818182,0.9998375021001344,0.40432220707579825,,0.9055555555555556,0.015277777777777777,0.0
v1.0,v1.0,v1.0,A0_attack_only,D1_improved,P_aggressive,4,0.727410037878788,0.9998375021001344,0.3524030151566062,,0.7645833333333333,0.009027777777777777,0.0
v1.0,v1.0,v1.0,A0_attack_only,D1_improved,P_aggressive,5,0.6815893308080809,0.9998375021001344,0.41596677778286884,,0.9347222222222222,0.011111111111111112,0.0
v1.0,v1.0,v1.0,A0_attack_only,D1_improved,P_aggressive,6,0.7105508207070709,0.9998375021001344,0.37686639899499,,0.8333333333333334,0.011111111111111112,0.0
v1.0,v1.0,v1.0,A0_attack_only,D1_improved,P_aggressive,7,0.7173484848484849,0.9998375021001344,0.36704790152024264,,0.8006944444444445,0.011805555555555555,0.0
v1.0,v1.0,v1.0,A0_attack_only,D1_improved,P_aggressive,8,0.698012941919192,0.9998375021001344,0.39600150000509104,,0.8944444444444445,0.0125,0.0
v1.0,v1.0,v1.0,A0_attack_only,D1_improved,P_aggressive,9,0.7307670454545454,0.9998375021001344,0.34737934091418216,,0.7479166666666667,0.009027777777777777,0.0
v1.0,v1.0,v1.0,A0_attack_only,D1_improved,P_aggressive,10,0.6988604797979799,0.9998375021001344,0.3937997954596365,,0.8881944444444444,0.010416666666666666,0.0
v1.0,v1.0,v1.0,A0_attack_only,D1_improved,P_aggressive,11,0.722807765151515,0.9996750042002688,0.359387785363718,,0.7791666666666667,0.011111111111111112,0.0
v1.0,v1.0,v1.0,A0_attack_only,D1_improved,P_aggressive,12,0.7308112373737373,0.9998375021001344,0.34719626010610133,,0.7465277777777778,0.009027777777777777,0.0
v1.0,v1.0,v1.0,A0_attack_only,D1_improved,P_aggressive,13,0.7238478535353535,0.9998375021001344,0.35714575505559626,,0.7763888888888889,0.009027777777777777,0.0
v1.0,v1.0,v1.0,A0_attack_only,D1_improved,P_aggressive,14,0.7186631944444445,0.9997833361335126,0.3661801355286738,,0.8118055555555556,0.009722222222222222,0.0
v1.0,v1.0,v1.0,A0_attack_only,D1_improved,P_aggressive,15,0.7184106691919191,0.9998375021001344,0.3653259949545862,,0.8013888888888889,0.009722222222222222,0.0
v1.0,v1.0,v1.0,A0_attack_only,D1_improved,P_aggressive,16,0.7239109848484847,0.9998375021001344,0.3570826237424651,,0.7763888888888889,0.009027777777777777,0.0
v1.0,v1.0,v1.0,A0_attack_only,D1_improved,P_aggressive,17,0.685200441919192,0.9998375021001344,0.4112445555606466,,0.9236111111111112,0.011111111111111112,0.0
v1.0,v1.0,v1.0,A0_attack_only,D1_improved,P_aggressive,18,0.698521148989899,0.9998375021001344,0.39577107071216183,,0.9020833333333333,0.011111111111111112,0.0
v1.0,v1.0,v1.0,A0_attack_only,D1_improved,P_aggressive,19,0.703772095959596,0.9997833361335126,0.38693928956907786,,0.8680555555555556,0.010416666666666666,0.0
v1.0,v1.0,v1.0,A0_attack_only,D1_improved,P_aggressive,20,0.6964993686868688,0.9998375021001344,0.39504979545963653,,0.8770833333333333,0.010416666666666666,0.0
v1.0,v1.0,v1.0,A0_attack_only,D1_improved,P_aggressive,21,0.6934769570707071,0.9997833361335126,0.40423442845796675,,0.9180555555555555,0.010416666666666666,1.0
v1.0,v1.0,v1.0,A0_attack_only,D1_improved,P_aggressive,22,0.719386047979798,0.9997833361335126,0.36556144865998697,,0.8104166666666667,0.010416666666666666,0.0
v1.0,v1.0,v1.0,A0_attack_only,D1_improved,P_aggressive,23,0.7103598484848486,0.9998375021001344,0.3781337601061012,,0.8465277777777778,0.010416666666666666,0.0
v1.0,v1.0,v1.0,A0_attack_only,D1_improved,P_aggressive,24,0.7237815656565657,0.9998375021001344,0.3587398207121618,,0.7916666666666666,0.009027777777777777,0.0
v1.0,v1.0,v1.0,A0_attack_only,D1_improved,P_aggressive,25,0.7250347222222222,0.9998375021001344,0.355403330813172,,0.7708333333333334,0.009027777777777777,0.0
v1.0,v1.0,v1.0,A0_attack_only,D1_improved,P_aggressive,26,0.711399936868687,0.9998375021001344,0.3753922828333739,,0.8319444444444445,0.009722222222222222,0.0
v1.0,v1.0,v1.0,A0_attack_only,D1_improved,P_aggressive,27,0.6969886363636364,0.9998375021001344,0.3981021944495356,,0.8979166666666667,0.014583333333333334,0.0
v1.0,v1.0,v1.0,A0_attack_only,D1_improved,P_aggressive,28,0.6986395202020202,0.9998375021001344,0.39443742172226287,,0.8923611111111112,0.010416666666666666,0.0
v1.0,v1.0,v1.0,A0_attack_only,D1_improved,P_aggressive,29,0.7117140151515152,0.9998375021001344,0.3771823712172123,,0.8354166666666667,0.009027777777777777,1.0
v1.0,v1.0,v1.0,A0_attack_only,D1_improved,P_aggressive,30,0.7202320075757576,0.9998375021001344,0.36392132323741444,,0.78125,0.016666666666666666,0.0
v1.0,v1.0,v1.0,A0_attack_only,D1_improved,P_aggressive,31,0.7110858585858586,0.9998375021001344,0.3771994166717578,,0.8444444444444444,0.010416666666666666,0.0
v1.0,v1.0,v1.0,A0_attack_only,D1_improved,P_aggressive,32,0.7235479797979798,0.9997833361335126,0.35612173906402733,,0.7625,0.009027777777777777,0.0
v1.0,v1.0,v1.0,A0_attack_only,D1_improved,P_aggressive,33,0.7043844696969698,0.9997833361335126,0.38625747138725963,,0.8673611111111111,0.010416666666666666,0.0
v1.0,v1.0,v1.0,A0_attack_only,D1_improved,P_aggressive,34,0.6915482954545454,0.9997833361335126,0.40468392340746173,,0.9208333333333333,0.011111111111111112,0.0
v1.0,v1.0,v1.0,A0_attack_only,D1_improved,P_aggressive,35,0.7193308080808082,0.9998375021001344,0.3613850227323638,,0.7736111111111111,0.009027777777777777,0.0
v1.0,v1.0,v1.0,A0_attack_only,D1_improved,P_aggressive,36,0.6913289141414142,0.9998375021001344,0.40673413889398,,0.9027777777777778,0.01597222222222222,1.0
v1.0,v1.0,v1.0,A0_attack_only,D1_improved,P_aggressive,37,0.7111505681818182,0.9997833361335126,0.37403998401352223,,0.8152777777777778,0.009722222222222222,0.0
v1.0,v1.0,v1.0,A0_attack_only,D1_improved,P_aggressive,38,0.6947758838383838,0.9998375021001344,0.3969121691970104,,0.8784722222222222,0.010416666666666666,0.0
v1.0,v1.0,v1.0,A0_attack_only,D1_improved,P_aggressive,39,0.6985590277777778,0.9998375021001344,0.3953165252576164,,0.8979166666666667,0.011111111111111112,0.0
v1.0,v1.0,v1.0,A0_attack_only,D1_improved,P_conservative,0,0.7247900883838383,0.999620838233647,0.37226212795800756,,0.7763888888888889,0.05416666666666667,0.0
v1.0,v1.0,v1.0,A0_attack_only,D1_improved,P_conservative,1,0.7401799242424243,0.9977791953685036,0.35074893020426035,,0.7319444444444444,0.043055555555555555,0.0
v1.0,v1.0,v1.0,A0_attack_only,D1_improved,P_conservative,2,0.7139851641414143,0.9989708466341847,0.39336093100867514,,0.7986111111111112,0.075,0.0
v1.0,v1.0,v1.0,A0_attack_only,D1_improved,P_conservative,3,0.7262200126262627,0.9997833361335126,0.36876220623574446,,0.8548611111111111,0.02638888888888889,0.0
v1.0,v1.0,v1.0,A0_attack_only,D1_improved,P_conservative,4,0.7392945075757577,0.999620838233647,0.35029243098831037,,0.6993055555555555,0.05486111111111111,0.0
v1.0,v1.0,v1.0,A0_attack_only,D1_improved,P_conservative,5,0.7107670454545455,0.999620838233647,0.3961462819984114,,0.8458333333333333,0.0625,0.0
v1.0,v1.0,v1.0,A0_attack_only,D1_improved,P_conservative,6,0.7197458964646464,0.9978333613351253,0.3861179588220921,,0.7166666666666667,0.09027777777777778,0.0
v1.0,v1.0,v1.0,A0_attack_only,D1_improved,P_conservative,7,0.7327209595959597,0.9991333445340501,0.36307597140762454,,0.7020833333333333,0.07013888888888889,0.0
v1.0,v1.0,v1.0,A0_attack_only,D1_improved,P_conservative,8,0.7092992424242425,0.9983208550347222,0.4021254537563131,,0.7708333333333334,0.09236111111111112,0.0
v1.0,v1.0,v1.0,A0_attack_only,D1_improved,P_conservative,9,0.7480366161616161,0.9997291701668906,0.3354828240825597,,0.7104166666666667,0.034722222222222224,0.0
v1.0,v1.0,v1.0,A0_attack_only,D1_improved,P_conservative,10,0.7043150252525253,0.9981583571348567,0.40848522396342446,,0.7777777777777778,0.09375,0.0
v1.0,v1.0,v1.0,A0_attack_only,D1_improved,P_conservative,11,0.737449494949495,0.9998375021001344,0.34837050253034374,,0.7055555555555556,0.043055555555555555,0.0
v1.0,v1.0,v1.0,A0_attack_only,D1_improved,P_conservative,12,0.7488573232323233,0.9988083487343191,0.3377115471753826,,0.6423611111111112,0.059722222222222225,0.0
v1.0,v1.0,v1.0,A0_attack_only,D1_improved,P_conservative,13,0.7377099116161616,0.9972917016689068,0.3615122686033725,,0.6729166666666667,0.08194444444444444,0.0
v1.0,v1.0,v1.0,A0_attack_only,D1_improved,P_conservative,14,0.738415404040404,0.9977250294018818,0.3537590051217823,,0.7145833333333333,0.05138888888888889,0.0
v1.0,v1.0,v1.0,A0_attack_only,D1_improved,P_conservative,15,0.7324715909090909,0.9982666890681002,0.3696778266536333,,0.6895833333333333,0.08888888888888889,0.0
v1.0,v1.0,v1.0,A0_attack_only,D1_improved,P_conservative,16,0.7420801767676767,0.9994041743671596,0.35016259176950965,,0.6625,0.07222222222222222,0.0
v1.0,v1.0,v1.0,A0_attack_only,D1_improved,P_conservative,17,0.7188068181818182,0.9981041911682348,0.38551676352741115,,0.8625,0.04513888888888889,0.0
v1.0,v1.0,v1.0,A0_attack_only,D1_improved,P_conservative,18,0.7028503787878789,0.9987541827676971,0.41086682411310677,,0.8208333333333333,0.08611111111111111,0.0
v1.0,v1.0,v1.0,A0_attack_only,D1_improved,P_conservative,19,0.7170280934343435,0.9990250126008065,0.3833432803335777,,0.7854166666666667,0.059027777777777776,0.0
v1.0,v1.0,v1.0,A0_attack_only,D1_improved,P_conservative,20,0.725558712121212,0.9994583403337813,0.3721398905893615,,0.8611111111111112,0.03125,0.0
v1.0,v1.0,v1.0,A0_attack_only,D1_improved,P_conservative,21,0.7276278409090909,0.9994583403337813,0.37082076180148255,,0.7854166666666667,0.049305555555555554,1.0
v1.0,v1.0,v1.0,A0_attack_only,D1_improved,P_conservative,22,0.7328440656565657,0.9994583403337813,0.36207675927623006,,0.7118055555555556,0.06597222222222222,0.0
v1.0,v1.0,v1.0,A0_attack_only,D1_improved,P_conservative,23,0.7294113005050505,0.9991333445340501,0.3635036860540893,,0.7631944444444444,0.044444444444444446,0.0
v1.0,v1.0,v1.0,A0_attack_only,D1_improved,P_conservative,24,0.7223753156565658,0.996425046202957,0.38302574001099693,,0.6611111111111111,0.1,0.0
v1.0,v1.0,v1.0,A0_attack_only,D1_improved,P_conservative,25,0.7531818181818183,0.999620838233647,0.32609262038224973,,0.7006944444444444,0.025,0.0
v1.0,v1.0,v1.0,A0_attack_only,D1_improved,P_conservative,26,0.739291351010101,0.9989708466341847,0.34975613302887737,,0.7930555555555555,0.024305555555555556,0.0
v1.0,v1.0,v1.0,A0_attack_only,D1_improved,P_conservative,27,0.7192219065656567,0.9985916848678315,0.38687779381516785,,0.7986111111111112,0.07013888888888889,0.0
v1.0,v1.0,v1.0,A0_attack_only,D1_improved,P_conservative,28,0.721177398989899,0.9989708466341847,0.3802311961601905,,0.8145833333333333,0.05347222222222222,0.0
v1.0,v1.0,v1.0,A0_attack_only,D1_improved,P_conservative,29,0.7308680555555556,0.9994041743671596,0.36809693520385295,,0.7145833333333333,0.07083333333333333,1.0
v1.0,v1.0,v1.0,A0_attack_only,D1_improved,P_conservative,30,0.7358775252525253,0.9998375021001344,0.3602202500050912,,0.6770833333333334,0.08055555555555556,0.0
v1.0,v1.0,v1.0,A0_attack_only,D1_improved,P_conservative,31,0.7237515782828284,0.9966417100694445,0.3819103140782827,,0.7173611111111111,0.08541666666666667,0.0
v1.0,v1.0,v1.0,A0_attack_only,D1_improved,P_conservative,32,0.7539614898989899,0.9992958424339158,0.32702238806920003,,0.675,0.03611111111111111,0.0
v1.0,v1.0,v1.0,A0_attack_only,D1_improved,P_conservative,33,0.7223390151515152,0.9981041911682348,0.3823317887799364,,0.7541666666666667,0.07708333333333334,0.0
v1.0,v1.0,v1.0,A0_attack_only,D1_improved,P_conservative,34,0.7104734848484849,0.9996750042002688,0.3959581767778592,,0.8465277777777778,0.06111111111111111,0.0
v1.0,v1.0,v1.0,A0_attack_only,D1_improved,P_conservative,35,0.7381707702020202,0.9987000168010752,0.35120170963668956,,0.7104166666666667,0.04791666666666667,0.0
v1.0,v1.0,v1.0,A0_attack_only,D1_improved,P_conservative,36,0.7224195075757577,0.9992416764672939,0.3789974251079341,,0.7638888888888888,0.06319444444444444,1.0
v1.0,v1.0,v1.0,A0_attack_only,D1_improved,P_conservative,37,0.7358159722222224,0.9992958424339158,0.3578067946348565,,0.7430555555555556,0.05277777777777778,0.0
v1.0,v1.0,v1.0,A0_attack_only,D1_improved,P_conservative,38,0.720440340909091,0.9995666722670251,0.3812254857038122,,0.7756944444444445,0.06736111111111111,0.0
v1.0,v1.0,v1.0,A0_attack_only,D1_improved,P_conservative,39,0.7149984217171718,0.9991333445340501,0.38895823150863473,,0.8444444444444444,0.05277777777777778,0.0
v1.0,v1.0,v1.0,A0_attack_only,D_oracle,P_alpha0.15,0,0.7180713383838384,1.0,0.369185606060606,,0.8409722222222222,0.009027777777777777,0.0
v1.0,v1.0,v1.0,A0_attack_only,D_oracle,P_alpha0.15,1,0.7290056818181818,1.0,0.35300820707070707,,0.7909722222222222,0.008333333333333333,0.0
v1.0,v1.0,v1.0,A0_attack_only,D_oracle,P_alpha0.15,2,0.7024368686868687,1.0,0.39357007575757574,,0.9236111111111112,0.010416666666666666,0.0
v1.0,v1.0,v1.0,A0_attack_only,D_oracle,P_alpha0.15,3,0.7029734848484849,1.0,0.3914015151515151,,0.9097222222222222,0.009722222222222222,0.0
v1.0,v1.0,v1.0,A0_attack_only,D_oracle,P_alpha0.15,4,0.7406344696969697,1.0,0.33874053030303036,,0.7645833333333333,0.008333333333333333,0.0
v1.0,v1.0,v1.0,A0_attack_only,D_oracle,P_alpha0.15,5,0.7018560606060606,1.0,0.3959564393939394,,0.9416666666666667,0.010416666666666666,0.0
v1.0,v1.0,v1.0,A0_attack_only,D_oracle,P_alpha0.15,6,0.7186568813131313,1.0,0.36846117424242425,,0.8395833333333333,0.009027777777777777,0.0
v1.0,v1.0,v1.0,A0_attack_only,D_oracle,P_alpha0.15,7,0.7288005050505051,1.0,0.35467171717171714,,0.8055555555555556,0.008333333333333333,0.0
v1.0,v1.0,v1.0,A0_attack_only,D_oracle,P_alpha0.15,8,0.7054419191919191,1.0,0.3877525252525253,,0.8979166666666667,0.009722222222222222,0.0
v1.0,v1.0,v1.0,A0_attack_only,D_oracle,P_alpha0.15,9,0.7417140151515151,1.0,0.33582070707070705,,0.7486111111111111,0.007638888888888889,0.0
v1.0,v1.0,v1.0,A0_attack_only,D_oracle,P_alpha0.15,10,0.7087799873737375,1.0,0.38378945707070694,,0.8916666666666667,0.009722222222222222,0.0
v1.0,v1.0,v1.0,A0_attack_only,D_oracle,P_alpha0.15,11,0.7315703914141414,1.0,0.34954071969696976,,0.7819444444444444,0.008333333333333333,0.0
v1.0,v1.0,v1.0,A0_attack_only,D_oracle,P_alpha0.15,12,0.7417140151515152,1.0,0.3356123737373736,,0.7465277777777778,0.007638888888888889,0.0
v1.0,v1.0,v1.0,A0_attack_only,D_oracle,P_alpha0.15,13,0.7337436868686869,1.0,0.3469507575757576,,0.7777777777777778,0.008333333333333333,0.0
v1.0,v1.0,v1.0,A0_attack_only,D_oracle,P_alpha0.15,14,0.7279608585858587,1.0,0.35630997474747467,,0.8111111111111111,0.009027777777777777,0.0
v1.0,v1.0,v1.0,A0_attack_only,D_oracle,P_alpha0.15,15,0.7288005050505051,1.0,0.35425505050505046,,0.8013888888888889,0.008333333333333333,0.0
v1.0,v1.0,v1.0,A0_attack_only,D_oracle,P_alpha0.15,16,0.7346070075757576,1.0,0.345948547979798,,0.7763888888888889,0.008333333333333333,0.0
v1.0,v1.0,v1.0,A0_attack_only,D_oracle,P_alpha0.15,17,0.7024368686868687,1.0,0.39357007575757574,,0.9236111111111112,0.010416666666666666,0.0
v1.0,v1.0,v1.0,A0_attack_only,D_oracle,P_alpha0.15,18,0.7038178661616161,1.0,0.3898626893939394,,0.9027777777777778,0.009722222222222222,0.0
v1.0,v1.0,v1.0,A0_attack_only,D_oracle,P_alpha0.15,19,0.714876893939394,1.0,0.37574810606060594,,0.8722222222222222,0.009722222222222222,0.0
v1.0,v1.0,v1.0,A0_attack_only,D_oracle,P_alpha0.15,20,0.7083396464646464,1.0,0.38429924242424246,,0.8923611111111112,0.009722222222222222,0.0
v1.0,v1.0,v1.0,A0_attack_only,D_oracle,P_alpha0.15,21,0.7152746212121214,1.0,0.37479482323232305,,0.8666666666666667,0.009722222222222222,0.0
v1.0,v1.0,v1.0,A0_attack_only,D_oracle,P_alpha0.15,22,0.7280366161616162,1.0,0.3561647727272727,,0.8104166666666667,0.009027777777777777,0.0
v1.0,v1.0,v1.0,A0_attack_only,D_oracle,P_alpha0.15,23,0.7158869949494948,1.0,0.37324494949494963,,0.8597222222222223,0.009027777777777777,0.0
v1.0,v1.0,v1.0,A0_attack_only,D_oracle,P_alpha0.15,24,0.7289299242424243,1.0,0.35315340909090903,,0.7916666666666666,0.008333333333333333,0.0
v1.0,v1.0,v1.0,A0_attack_only,D_oracle,P_alpha0.15,25,0.7393513257575758,1.0,0.3405792297979798,,0.7701388888888889,0.008333333333333333,0.0
v1.0,v1.0,v1.0,A0_attack_only,D_oracle,P_alpha0.15,26,0.723118686868687,1.0,0.3632354797979797,,0.8319444444444445,0.009027777777777777,0.0
v1.0,v1.0,v1.0,A0_attack_only,D_oracle,P_alpha0.15,27,0.7039977904040404,1.0,0.38961332070707066,,0.9020833333333333,0.009722222222222222,0.0
v1.0,v1.0,v1.0,A0_attack_only,D_oracle,P_alpha0.15,28,0.7044097222222222,1.0,0.3890625,,0.9006944444444445,0.009722222222222222,0.0
v1.0,v1.0,v1.0,A0_attack_only,D_oracle,P_alpha0.15,29,0.7277146464646466,1.0,0.3577367424242423,,0.8229166666666666,0.009027777777777777,0.0
v1.0,v1.0,v1.0,A0_attack_only,D_oracle,P_alpha0.15,30,0.7290056818181818,1.0,0.35300820707070707,,0.7909722222222222,0.008333333333333333,0.0
v1.0,v1.0,v1.0,A0_attack_only,D_oracle,P_alpha0.15,31,0.7167313762626262,1.0,0.37094223484848493,,0.8451388888888889,0.009027777777777777,0.0
v1.0,v1.0,v1.0,A0_attack_only,D_oracle,P_alpha0.15,32,0.7399652777777778,1.0,0.3398958333333334,,0.7694444444444445,0.008333333333333333,0.0
v1.0,v1.0,v1.0,A0_attack_only,D_oracle,P_alpha0.15,33,0.7151988636363635,1.0,0.37494002525252534,,0.8673611111111111,0.009722222222222222,0.0
v1.0,v1.0,v1.0,A0_attack_only,D_oracle,P_alpha0.15,34,0.7029734848484849,1.0,0.3926515151515151,,0.9222222222222223,0.009722222222222222,0.0
v1.0,v1.0,v1.0,A0_attack_only,D_oracle,P_alpha0.15,35,0.7346070075757576,1.0,0.345948547979798,,0.7763888888888889,0.008333333333333333,0.0
v1.0,v1.0,v1.0,A0_attack_only,D_oracle,P_alpha0.15,36,0.7158869949494948,1.0,0.3731755050505052,,0.8590277777777777,0.009027777777777777,0.0
v1.0,v1.0,v1.0,A0_attack_only,D_oracle,P_alpha0.15,37,0.7277777777777777,1.0,0.3569791666666667,,0.8159722222222222,0.009027777777777777,0.0
v1.0,v1.0,v1.0,A0_attack_only,D_oracle,P_alpha0.15,38,0.7148074494949495,1.0,0.3765814393939394,,0.8798611111111111,0.009722222222222222,0.0
v1.0,v1.0,v1.0,A0_attack_only,D_oracle,P_alpha0.15,39,0.7051578282828282,1.0,0.3881060606060606,,0.8986111111111111,0.009722222222222222,0.0
v1.0,v1.0,v1.0,A0_attack_only,D_oracle,P_alpha0.30,0,0.7180713383838384,1.0,0.369185606060606,,0.8409722222222222,0.009027777777777777,0.0
v1.0,v1.0,v1.0,A0_attack_only,D_oracle,P_alpha0.30,1,0.7290056818181818,1.0,0.35300820707070707,,0.7909722222222222,0.008333333333333333,0.0
v1.0,v1.0,v1.0,A0_attack_only,D_oracle,P_alpha0.30,2,0.7024368686868687,1.0,0.39357007575757574,,0.9236111111111112,0.010416666666666666,0.0
v1.0,v1.0,v1.0,A0_attack_only,D_oracle,P_alpha0.30,3,0.7029734848484849,1.0,0.3914015151515151,,0.9097222222222222,0.009722222222222222,0.0
v1.0,v1.0,v1.0,A0_attack_only,D_oracle,P_alpha0.30,4,0.7406344696969697,1.0,0.33874053030303036,,0.7645833333333333,0.008333333333333333,0.0
v1.0,v1.0,v1.0,A0_attack_only,D_oracle,P_alpha0.30,5,0.7018560606060606,1.0,0.3959564393939394,,0.9416666666666667,0.010416666666666666,0.0
v1.0,v1.0,v1.0,A0_attack_only,D_oracle,P_alpha0.30,6,0.7186568813131313,1.0,0.36846117424242425,,0.8395833333333333,0.009027777777777777,0.0
v1.0,v1.0,v1.0,A0_attack_only,D_oracle,P_alpha0.30,7,0.7288005050505051,1.0,0.35467171717171714,,0.8055555555555556,0.008333333333333333,0.0
v1.0,v1.0,v1.0,A0_attack_only,D_oracle,P_alpha0.30,8,0.7054419191919191,1.0,0.3877525252525253,,0.8979166666666667,0.009722222222222222,0.0
v1.0,v1.0,v1.0,A0_attack_only,D_oracle,P_alpha0.30,9,0.7417140151515151,1.0,0.33582070707070705,,0.7486111111111111,0.007638888888888889,0.0
v1.0,v1.0,v1.0,A0_attack_only,D_oracle,P_alpha0.30,10,0.7087799873737375,1.0,0.38378945707070694,,0.8916666666666667,0.009722222222222222,0.0
v1.0,v1.0,v1.0,A0_attack_only,D_oracle,P_alpha0.30,11,0.7315703914141414,1.0,0.34954071969696976,,0.7819444444444444,0.008333333333333333,0.0
v1.0,v1.0,v1.0,A0_attack_only,D_oracle,P_alpha0.30,12,0.7417140151515152,1.0,0.3356123737373736,,0.7465277777777778,0.007638888888888889,0.0
v1.0,v1.0,v1.0,A0_attack_only,D_oracle,P_alpha0.30,13,0.7337436868686869,1.0,0.3469507575757576,,0.7777777777777778,0.008333333333333333,0.0
v1.0,v1.0,v1.0,A0_attack_only,D_oracle,P_alpha0.30,14,0.7279608585858587,1.0,0.35630997474747467,,0.8111111111111111,0.009027777777777777,0.0
v1.0,v1.0,v1.0,A0_attack_only,D_oracle,P_alpha0.30,15,0.7288005050505051,1.0,0.35425505050505046,,0.8013888888888889,0.008333333333333333,0.0
v1.0,v1.0,v1.0,A0_attack_only,D_oracle,P_alpha0.30,16,0.7346070075757576,1.0,0.345948547979798,,0.7763888888888889,0.008333333333333333,0.0
v1.0,v1.0,v1.0,A0_attack_only,D_oracle,P_alpha0.30,17,0.7024368686868687,1.0,0.39357007575757574,,0.9236111111111112,0.010416666666666666,0.0
v1.0,v1.0,v1.0,A0_attack_only,D_oracle,P_alpha0.30,18,0.7038178661616161,1.0,0.3898626893939394,,0.9027777777777778,0.009722222222222222,0.0
v1.0,v1.0,v1.0,A0_attack_only,D_oracle,P_alpha0.30,19,0.714876893939394,1.0,0.37574810606060594,,0.8722222222222222,0.009722222222222222,0.0
v1.0,v1.0,v1.0,A0_attack_only,D_oracle,P_alpha0.30,20,0.7083396464646464,1.0,0.38429924242424246,,0.8923611111111112,0.009722222222222222,0.0
v1.0,v1.0,v1.0,A0_attack_only,D_oracle,P_alpha0.30,21,0.7152746212121214,1.0,0.37479482323232305,,0.8666666666666667,0.009722222222222222,0.0
v1.0,v1.0,v1.0,A0_attack_only,D_oracle,P_alpha0.30,22,0.7280366161616162,1.0,0.3561647727272727,,0.8104166666666667,0.009027777777777777,0.0
v1.0,v1.0,v1.0,A0_attack_only,D_oracle,P_alpha0.30,23,0.7158869949494948,1.0,0.37324494949494963,,0.8597222222222223,0.009027777777777777,0.0
v1.0,v1.0,v1.0,A0_attack_only,D_oracle,P_alpha0.30,24,0.7289299242424243,1.0,0.35315340909090903,,0.7916666666666666,0.008333333333333333,0.0
v1.0,v1.0,v1.0,A0_attack_only,D_oracle,P_alpha0.30,25,0.7393513257575758,1.0,0.3405792297979798,,0.7701388888888889,0.008333333333333333,0.0
v1.0,v1.0,v1.0,A0_attack_only,D_oracle,P_alpha0.30,26,0.723118686868687,1.0,0.3632354797979797,,0.8319444444444445,0.009027777777777777,0.0
v1.0,v1.0,v1.0,A0_attack_only,D_oracle,P_alpha0.30,27,0.7039977904040404,1.0,0.38961332070707066,,0.9020833333333333,0.009722222222222222,0.0
v1.0,v1.0,v1.0,A0_attack_only,D_oracle,P_alpha0.30,28,0.7044097222222222,1.0,0.3890625,,0.9006944444444445,0.009722222222222222,0.0
v1.0,v1.0,v1.0,A0_attack_only,D_oracle,P_alpha0.30,29,0.7277146464646466,1.0,0.3577367424242423,,0.8229166666666666,0.009027777777777777,0.0
v1.0,v1.0,v1.0,A0_attack_only,D_oracle,P_alpha0.30,30,0.7290056818181818,1.0,0.35300820707070707,,0.7909722222222222,0.008333333333333333,0.0
v1.0,v1.0,v1.0,A0_attack_only,D_oracle,P_alpha0.30,31,0.7167313762626262,1.0,0.37094223484848493,,0.8451388888888889,0.009027777777777777,0.0
v1.0,v1.0,v1.0,A0_attack_only,D_oracle,P_alpha0.30,32,0.7399652777777778,1.0,0.3398958333333334,,0.7694444444444445,0.008333333333333333,0.0
v1.0,v1.0,v1.0,A0_attack_only,D_oracle,P_alpha0.30,33,0.7151988636363635,1.0,0.37494002525252534,,0.8673611111111111,0.009722222222222222,0.0
v1.0,v1.0,v1.0,A0_attack_only,D_oracle,P_alpha0.30,34,0.7029734848484849,1.0,0.3926515151515151,,0.9222222222222223,0.009722222222222222,0.0
v1.0,v1.0,v1.0,A0_attack_only,D_oracle,P_alpha0.30,35,0.7346070075757576,1.0,0.345948547979798,,0.7763888888888889,0.008333333333333333,0.0
v1.0,v1.0,v1.0,A0_attack_only,D_oracle,P_alpha0.30,36,0.7158869949494948,1.0,0.3731755050505052,,0.8590277777777777,0.009027777777777777,0.0
v1.0,v1.0,v1.0,A0_attack_only,D_oracle,P_alpha0.30,37,0.7277777777777777,1.0,0.3569791666666667,,0.8159722222222222,0.009027777777777777,0.0
v1.0,v1.0,v1.0,A0_attack_only,D_oracle,P_alpha0.30,38,0.7148074494949495,1.0,0.3765814393939394,,0.8798611111111111,0.009722222222222222,0.0
v1.0,v1.0,v1.0,A0_attack_only,D_oracle,P_alpha0.30,39,0.7051578282828282,1.0,0.3881060606060606,,0.8986111111111111,0.009722222222222222,0.0
v1.0,v1.0,v1.0,A0_attack_only,D_oracle,P_alpha0.45,0,0.7180713383838384,1.0,0.369185606060606,,0.8409722222222222,0.009027777777777777,0.0
v1.0,v1.0,v1.0,A0_attack_only,D_oracle,P_alpha0.45,1,0.7290056818181818,1.0,0.35300820707070707,,0.7909722222222222,0.008333333333333333,0.0
v1.0,v1.0,v1.0,A0_attack_only,D_oracle,P_alpha0.45,2,0.7024368686868687,1.0,0.39357007575757574,,0.9236111111111112,0.010416666666666666,0.0
v1.0,v1.0,v1.0,A0_attack_only,D_oracle,P_alpha0.45,3,0.7029734848484849,1.0,0.3914015151515151,,0.9097222222222222,0.009722222222222222,0.0
v1.0,v1.0,v1.0,A0_attack_only,D_oracle,P_alpha0.45,4,0.7406344696969697,1.0,0.33874053030303036,,0.7645833333333333,0.008333333333333333,0.0
v1.0,v1.0,v1.0,A0_attack_only,D_oracle,P_alpha0.45,5,0.7018560606060606,1.0,0.3959564393939394,,0.9416666666666667,0.010416666666666666,0.0
v1.0,v1.0,v1.0,A0_attack_only,D_oracle,P_alpha0.45,6,0.7186568813131313,1.0,0.36846117424242425,,0.8395833333333333,0.009027777777777777,0.0
v1.0,v1.0,v1.0,A0_attack_only,D_oracle,P_alpha0.45,7,0.7288005050505051,1.0,0.35467171717171714,,0.8055555555555556,0.008333333333333333,0.0
v1.0,v1.0,v1.0,A0_attack_only,D_oracle,P_alpha0.45,8,0.7054419191919191,1.0,0.3877525252525253,,0.8979166666666667,0.009722222222222222,0.0
v1.0,v1.0,v1.0,A0_attack_only,D_oracle,P_alpha0.45,9,0.7417140151515151,1.0,0.33582070707070705,,0.7486111111111111,0.007638888888888889,0.0
v1.0,v1.0,v1.0,A0_attack_only,D_oracle,P_alpha0.45,10,0.7087799873737375,1.0,0.38378945707070694,,0.8916666666666667,0.009722222222222222,0.0
v1.0,v1.0,v1.0,A0_attack_only,D_oracle,P_alpha0.45,11,0.7315703914141414,1.0,0.34954071969696976,,0.7819444444444444,0.008333333333333333,0.0
v1.0,v1.0,v1.0,A0_attack_only,D_oracle,P_alpha0.45,12,0.7417140151515152,1.0,0.3356123737373736,,0.7465277777777778,0.007638888888888889,0.0
v1.0,v1.0,v1.0,A0_attack_only,D_oracle,P_alpha0.45,13,0.7337436868686869,1.0,0.3469507575757576,,0.7777777777777778,0.008333333333333333,0.0
v1.0,v1.0,v1.0,A0_attack_only,D_oracle,P_alpha0.45,14,0.7279608585858587,1.0,0.35630997474747467,,0.8111111111111111,0.009027777777777777,0.0
v1.0,v1.0,v1.0,A0_attack_only,D_oracle,P_alpha0.45,15,0.7288005050505051,1.0,0.35425505050505046,,0.8013888888888889,0.008333333333333333,0.0
v1.0,v1.0,v1.0,A0_attack_only,D_oracle,P_alpha0.45,16,0.7346070075757576,1.0,0.345948547979798,,0.7763888888888889,0.008333333333333333,0.0
v1.0,v1.0,v1.0,A0_attack_only,D_oracle,P_alpha0.45,17,0.7024368686868687,1.0,0.39357007575757574,,0.9236111111111112,0.010416666666666666,0.0
v1.0,v1.0,v1.0,A0_attack_only,D_oracle,P_alpha0.45,18,0.7038178661616161,1.0,0.3898626893939394,,0.9027777777777778,0.009722222222222222,0.0
v1.0,v1.0,v1.0,A0_attack_only,D_oracle,P_alpha0.45,19,0.714876893939394,1.0,0.37574810606060594,,0.8722222222222222,0.009722222222222222,0.0
v1.0,v1.0,v1.0,A0_attack_only,D_oracle,P_alpha0.45,20,0.7083396464646464,1.0,0.38429924242424246,,0.8923611111111112,0.009722222222222222,0.0
v1.0,v1.0,v1.0,A0_attack_only,D_oracle,P_alpha0.45,21,0.7152746212121214,1.0,0.37479482323232305,,0.8666666666666667,0.009722222222222222,0.0
v1.0,v1.0,v1.0,A0_attack_only,D_oracle,P_alpha0.45,22,0.7280366161616162,1.0,0.3561647727272727,,0.8104166666666667,0.009027777777777777,0.0
v1.0,v1.0,v1.0,A0_attack_only,D_oracle,P_alpha0.45,23,0.7158869949494948,1.0,0.37324494949494963,,0.8597222222222223,0.009027777777777777,0.0
v1.0,v1.0,v1.0,A0_attack_only,D_oracle,P_alpha0.45,24,0.7289299242424243,1.0,0.35315340909090903,,0.7916666666666666,0.008333333333333333,0.0
v1.0,v1.0,v1.0,A0_attack_only,D_oracle,P_alpha0.45,25,0.7393513257575758,1.0,0.3405792297979798,,0.7701388888888889,0.008333333333333333,0.0
v1.0,v1.0,v1.0,A0_attack_only,D_oracle,P_alpha0.45,26,0.723118686868687,1.0,0.3632354797979797,,0.8319444444444445,0.009027777777777777,0.0
v1.0,v1.0,v1.0,A0_attack_only,D_oracle,P_alpha0.45,27,0.7039977904040404,1.0,0.38961332070707066,,0.9020833333333333,0.009722222222222222,0.0
v1.0,v1.0,v1.0,A0_attack_only,D_oracle,P_alpha0.45,28,0.7044097222222222,1.0,0.3890625,,0.9006944444444445,0.009722222222222222,0.0
v1.0,v1.0,v1.0,A0_attack_only,D_oracle,P_alpha0.45,29,0.7277146464646466,1.0,0.3577367424242423,,0.8229166666666666,0.009027777777777777,0.0
v1.0,v1.0,v1.0,A0_attack_only,D_oracle,P_alpha0.45,30,0.7290056818181818,1.0,0.35300820707070707,,0.7909722222222222,0.008333333333333333,0.0
v1.0,v1.0,v1.0,A0_attack_only,D_oracle,P_alpha0.45,31,0.7167313762626262,1.0,0.37094223484848493,,0.8451388888888889,0.009027777777777777,0.0
v1.0,v1.0,v1.0,A0_attack_only,D_oracle,P_alpha0.45,32,0.7399652777777778,1.0,0.3398958333333334,,0.7694444444444445,0.008333333333333333,0.0
v1.0,v1.0,v1.0,A0_attack_only,D_oracle,P_alpha0.45,33,0.7151988636363635,1.0,0.37494002525252534,,0.8673611111111111,0.009722222222222222,0.0
v1.0,v1.0,v1.0,A0_attack_only,D_oracle,P_alpha0.45,34,0.7029734848484849,1.0,0.3926515151515151,,0.9222222222222223,0.009722222222222222,0.0
v1.0,v1.0,v1.0,A0_attack_only,D_oracle,P_alpha0.45,35,0.7346070075757576,1.0,0.345948547979798,,0.7763888888888889,0.008333333333333333,0.0
v1.0,v1.0,v1.0,A0_attack_only,D_oracle,P_alpha0.45,36,0.7158869949494948,1.0,0.3731755050505052,,0.8590277777777777,0.009027777777777777,0.0
v1.0,v1.0,v1.0,A0_attack_only,D_oracle,P_alpha0.45,37,0.7277777777777777,1.0,0.3569791666666667,,0.8159722222222222,0.009027777777777777,0.0
v1.0,v1.0,v1.0,A0_attack_only,D_oracle,P_alpha0.45,38,0.7148074494949495,1.0,0.3765814393939394,,0.8798611111111111,0.009722222222222222,0.0
v1.0,v1.0,v1.0,A0_attack_only,D_oracle,P_alpha0.45,39,0.7051578282828282,1.0,0.3881060606060606,,0.8986111111111111,0.009722222222222222,0.0
v1.0,v1.0,v1.0,A0_attack_only,D_oracle,P_alpha0.60,0,0.7181698232323233,1.0,0.36908712121212117,,0.8409722222222222,0.009027777777777777,0.0
v1.0,v1.0,v1.0,A0_attack_only,D_oracle,P_alpha0.60,1,0.729096590909091,1.0,0.35291729797979793,,0.7909722222222222,0.008333333333333333,0.0
v1.0,v1.0,v1.0,A0_attack_only,D_oracle,P_alpha0.60,2,0.7025505050505051,1.0,0.3934564393939394,,0.9236111111111112,0.010416666666666666,0.0
v1.0,v1.0,v1.0,A0_attack_only,D_oracle,P_alpha0.60,3,0.7030795454545455,1.0,0.39129545454545445,,0.9097222222222222,0.009722222222222222,0.0
v1.0,v1.0,v1.0,A0_attack_only,D_oracle,P_alpha0.60,4,0.7407253787878788,1.0,0.3386496212121212,,0.7645833333333333,0.008333333333333333,0.0
v1.0,v1.0,v1.0,A0_attack_only,D_oracle,P_alpha0.60,5,0.701969696969697,1.0,0.395842803030303,,0.9416666666666667,0.010416666666666666,0.0
v1.0,v1.0,v1.0,A0_attack_only,D_oracle,P_alpha0.60,6,0.7187553661616163,1.0,0.3683626893939393,,0.8395833333333333,0.009027777777777777,0.0
v1.0,v1.0,v1.0,A0_attack_only,D_oracle,P_alpha0.60,7,0.7288914141414141,1.0,0.3545808080808081,,0.8055555555555556,0.008333333333333333,0.0
v1.0,v1.0,v1.0,A0_attack_only,D_oracle,P_alpha0.60,8,0.7055479797979798,1.0,0.38764646464646463,,0.8979166666666667,0.009722222222222222,0.0
v1.0,v1.0,v1.0,A0_attack_only,D_oracle,P_alpha0.60,9,0.7417973484848486,1.0,0.3357373737373736,,0.7486111111111111,0.007638888888888889,0.0
v1.0,v1.0,v1.0,A0_attack_only,D_oracle,P_alpha0.60,10,0.708886047979798,1.0,0.3836833964646464,,0.8916666666666667,0.009722222222222222,0.0
v1.0,v1.0,v1.0,A0_attack_only,D_oracle,P_alpha0.60,11,0.7316613005050505,1.0,0.3494498106060606,,0.7819444444444444,0.008333333333333333,0.0
v1.0,v1.0,v1.0,A0_attack_only,D_oracle,P_alpha0.60,12,0.7417973484848486,1.0,0.3355290404040403,,0.7465277777777778,0.007638888888888889,0.0
v1.0,v1.0,v1.0,A0_attack_only,D_oracle,P_alpha0.60,13,0.733834595959596,1.0,0.34685984848484847,,0.7777777777777778,0.008333333333333333,0.0
v1.0,v1.0,v1.0,A0_attack_only,D_oracle,P_alpha0.60,14,0.7280593434343435,1.0,0.3562114898989898,,0.8111111111111111,0.009027777777777777,0.0
v1.0,v1.0,v1.0,A0_attack_only,D_oracle,P_alpha0.60,15,0.7288914141414142,1.0,0.3541641414141413,,0.8013888888888889,0.008333333333333333,0.0
v1.0,v1.0,v1.0,A0_attack_only,D_oracle,P_alpha0.60,16,0.7346979166666666,1.0,0.345857638888889,,0.7763888888888889,0.008333333333333333,0.0
v1.0,v1.0,v1.0,A0_attack_only,D_oracle,P_alpha0.60,17,0.7025505050505051,1.0,0.3934564393939394,,0.9236111111111112,0.010416666666666666,0.0
v1.0,v1.0,v1.0,A0_attack_only,D_oracle,P_alpha0.60,18,0.7039239267676768,1.0,0.38975662878787876,,0.9027777777777778,0.009722222222222222,0.0
v1.0,v1.0,v1.0,A0_attack_only,D_oracle,P_alpha0.60,19,0.7149829545454547,1.0,0.37564204545454527,,0.8722222222222222,0.009722222222222222,0.0
v1.0,v1.0,v1.0,A0_attack_only,D_oracle,P_alpha0.60,20,0.7084457070707071,1.0,0.3841931818181818,,0.8923611111111112,0.009722222222222222,0.0
v1.0,v1.0,v1.0,A0_attack_only,D_oracle,P_alpha0.60,21,0.7153806818181819,1.0,0.3746887626262625,,0.8666666666666667,0.009722222222222222,0.0
v1.0,v1.0,v1.0,A0_attack_only,D_oracle,P_alpha0.60,22,0.728135101010101,1.0,0.35606628787878786,,0.8104166666666667,0.009027777777777777,0.0
v1.0,v1.0,v1.0,A0_attack_only,D_oracle,P_alpha0.60,23,0.7159854797979798,1.0,0.37314646464646467,,0.8597222222222223,0.009027777777777777,0.0
v1.0,v1.0,v1.0,A0_attack_only,D_oracle,P_alpha0.60,24,0.7290208333333333,1.0,0.3530625,,0.7916666666666666,0.008333333333333333,0.0
v1.0,v1.0,v1.0,A0_attack_only,D_oracle,P_alpha0.60,25,0.7394422348484849,1.0,0.34048832070707064,,0.7701388888888889,0.008333333333333333,0.0
v1.0,v1.0,v1.0,A0_attack_only,D_oracle,P_alpha0.60,26,0.7232171717171718,1.0,0.36313699494949486,,0.8319444444444445,0.009027777777777777,0.0
v1.0,v1.0,v1.0,A0_attack_only,D_oracle,P_alpha0.60,27,0.7041038510101011,1.0,0.38950726010101,,0.9020833333333333,0.009722222222222222,0.0
v1.0,v1.0,v1.0,A0_attack_only,D_oracle,P_alpha0.60,28,0.7045157828282829,1.0,0.3889564393939393,,0.9006944444444445,0.009722222222222222,0.0
v1.0,v1.0,v1.0,A0_attack_only,D_oracle,P_alpha0.60,29,0.7278131313131313,1.0,0.35763825757575757,,0.8229166666666666,0.009027777777777777,0.0
v1.0,v1.0,v1.0,A0_attack_only,D_oracle,P_alpha0.60,30,0.729096590909091,1.0,0.35291729797979793,,0.7909722222222222,0.008333333333333333,0.0
v1.0,v1.0,v1.0,A0_attack_only,D_oracle,P_alpha0.60,31,0.7168298611111112,1.0,0.37084374999999986,,0.8451388888888889,0.009027777777777777,0.0
v1.0,v1.0,v1.0,A0_attack_only,D_oracle,P_alpha0.60,32,0.7400561868686869,1.0,0.33980492424242426,,0.7694444444444445,0.008333333333333333,0.0
v1.0,v1.0,v1.0,A0_attack_only,D_oracle,P_alpha0.60,33,0.7153049242424242,1.0,0.3748339646464647,,0.8673611111111111,0.009722222222222222,0.0
v1.0,v1.0,v1.0,A0_attack_only,D_oracle,P_alpha0.60,34,0.7030795454545454,1.0,0.39254545454545453,,0.9222222222222223,0.009722222222222222,0.0
v1.0,v1.0,v1.0,A0_attack_only,D_oracle,P_alpha0.60,35,0.7346979166666666,1.0,0.345857638888889,,0.7763888888888889,0.008333333333333333,0.0
v1.0,v1.0,v1.0,A0_attack_only,D_oracle,P_alpha0.60,36,0.7159854797979798,1.0,0.3730770202020202,,0.8590277777777777,0.009027777777777777,0.0
v1.0,v1.0,v1.0,A0_attack_only,D_oracle,P_alpha0.60,37,0.7278762626262625,1.0,0.35688068181818194,,0.8159722222222222,0.009027777777777777,0.0
v1.0,v1.0,v1.0,A0_attack_only,D_oracle,P_alpha0.60,38,0.7149135101010101,1.0,0.37647537878787873,,0.8798611111111111,0.009722222222222222,0.0
v1.0,v1.0,v1.0,A0_attack_only,D_oracle,P_alpha0.60,39,0.7052638888888889,1.0,0.38799999999999996,,0.8986111111111111,0.009722222222222222,0.0
v1.0,v1.0,v1.0,A0_attack_only,D_oracle,P_alpha0.75,0,0.7190214646464645,0.9998375021001344,0.3684304772778185,,0.8409722222222222,0.009027777777777777,0.0
v1.0,v1.0,v1.0,A0_attack_only,D_oracle,P_alpha0.75,1,0.7298847853535354,0.9998375021001344,0.3523241010151921,,0.7909722222222222,0.008333333333333333,0.0
v1.0,v1.0,v1.0,A0_attack_only,D_oracle,P_alpha0.75,2,0.7035290404040405,0.9998916680667562,0.39260790236029647,,0.9236111111111112,0.010416666666666666,0.0
v1.0,v1.0,v1.0,A0_attack_only,D_oracle,P_alpha0.75,3,0.7039946338383839,0.9998375021001344,0.39057536364145473,,0.9097222222222222,0.009722222222222222,0.0
v1.0,v1.0,v1.0,A0_attack_only,D_oracle,P_alpha0.75,4,0.7415135732323233,0.9998375021001344,0.3380564242475154,,0.7645833333333333,0.008333333333333333,0.0
v1.0,v1.0,v1.0,A0_attack_only,D_oracle,P_alpha0.75,5,0.7029482323232324,0.9998375021001344,0.3950592651566062,,0.9416666666666667,0.010416666666666666,0.0
v1.0,v1.0,v1.0,A0_attack_only,D_oracle,P_alpha0.75,6,0.7196070075757575,0.9998375021001344,0.36770604545963675,,0.8395833333333333,0.009027777777777777,0.0
v1.0,v1.0,v1.0,A0_attack_only,D_oracle,P_alpha0.75,7,0.7296796085858587,0.9998375021001344,0.3539876111162022,,0.8055555555555556,0.008333333333333333,0.0
v1.0,v1.0,v1.0,A0_attack_only,D_oracle,P_alpha0.75,8,0.7064630681818181,0.9998375021001344,0.3869263737424649,,0.8979166666666667,0.009722222222222222,0.0
v1.0,v1.0,v1.0,A0_attack_only,D_oracle,P_alpha0.75,9,0.742522095959596,0.9998375021001344,0.3352076237424649,,0.7486111111111111,0.007638888888888889,0.0
v1.0,v1.0,v1.0,A0_attack_only,D_oracle,P_alpha0.75,10,0.7098011363636364,0.9998375021001344,0.38296330556064667,,0.8916666666666667,0.009722222222222222,0.0
v1.0,v1.0,v1.0,A0_attack_only,D_oracle,P_alpha0.75,11,0.7324494949494949,0.9998375021001344,0.3488566136414549,,0.7819444444444444,0.008333333333333333,0.0
v1.0,v1.0,v1.0,A0_attack_only,D_oracle,P_alpha0.75,12,0.742522095959596,0.9998375021001344,0.33499929040913157,,0.7465277777777778,0.007638888888888889,0.0
v1.0,v1.0,v1.0,A0_attack_only,D_oracle,P_alpha0.75,13,0.7346227904040404,0.9998375021001344,0.34626665152024266,,0.7777777777777778,0.008333333333333333,0.0
v1.0,v1.0,v1.0,A0_attack_only,D_oracle,P_alpha0.75,14,0.7289109848484849,0.9998916680667562,0.35548984680474094,,0.8111111111111111,0.009027777777777777,0.0
v1.0,v1.0,v1.0,A0_attack_only,D_oracle,P_alpha0.75,15,0.7296796085858587,0.9998375021001344,0.3535709444495355,,0.8013888888888889,0.008333333333333333,0.0
v1.0,v1.0,v1.0,A0_attack_only,D_oracle,P_alpha0.75,16,0.7354861111111111,0.9998375021001344,0.3452644419242832,,0.7763888888888889,0.008333333333333333,0.0
v1.0,v1.0,v1.0,A0_attack_only,D_oracle,P_alpha0.75,17,0.7035290404040405,0.9998916680667562,0.39260790236029647,,0.9236111111111112,0.010416666666666666,0.0
v1.0,v1.0,v1.0,A0_attack_only,D_oracle,P_alpha0.75,18,0.7048390151515151,0.9998375021001344,0.38903653788387904,,0.9027777777777778,0.009722222222222222,0.0
v1.0,v1.0,v1.0,A0_attack_only,D_oracle,P_alpha0.75,19,0.7158980429292929,0.9998916680667562,0.3748569553905996,,0.8722222222222222,0.009722222222222222,0.0
v1.0,v1.0,v1.0,A0_attack_only,D_oracle,P_alpha0.75,20,0.7093607954545454,0.9998375021001344,0.3834730909141821,,0.8923611111111112,0.009722222222222222,0.0
v1.0,v1.0,v1.0,A0_attack_only,D_oracle,P_alpha0.75,21,0.7162957702020202,0.9998916680667562,0.37390367256231677,,0.8666666666666667,0.009722222222222222,0.0
v1.0,v1.0,v1.0,A0_attack_only,D_oracle,P_alpha0.75,22,0.7289867424242424,0.9998916680667562,0.355344644784539,,0.8104166666666667,0.009027777777777777,0.0
v1.0,v1.0,v1.0,A0_attack_only,D_oracle,P_alpha0.75,23,0.7168371212121212,0.9998375021001344,0.3724898207121619,,0.8597222222222223,0.009027777777777777,0.0
v1.0,v1.0,v1.0,A0_attack_only,D_oracle,P_alpha0.75,24,0.7298090277777779,0.9998375021001344,0.3524693030353941,,0.7916666666666666,0.008333333333333333,0.0
v1.0,v1.0,v1.0,A0_attack_only,D_oracle,P_alpha0.75,25,0.7402304292929294,0.9998375021001344,0.33989512374246483,,0.7701388888888889,0.008333333333333333,0.0
v1.0,v1.0,v1.0,A0_attack_only,D_oracle,P_alpha0.75,26,0.7240688131313132,0.9998375021001344,0.3624803510151921,,0.8319444444444445,0.009027777777777777,0.0
v1.0,v1.0,v1.0,A0_attack_only,D_oracle,P_alpha0.75,27,0.7050189393939394,0.9998375021001344,0.3887871691970103,,0.9020833333333333,0.009722222222222222,0.0
v1.0,v1.0,v1.0,A0_attack_only,D_oracle,P_alpha0.75,28,0.7054308712121213,0.9998375021001344,0.3882363484899395,,0.9006944444444445,0.009722222222222222,0.0
v1.0,v1.0,v1.0,A0_attack_only,D_oracle,P_alpha0.75,29,0.7286647727272727,0.9998375021001344,0.3569816136414548,,0.8229166666666666,0.009027777777777777,0.0
v1.0,v1.0,v1.0,A0_attack_only,D_oracle,P_alpha0.75,30,0.7298847853535354,0.9998375021001344,0.3523241010151921,,0.7909722222222222,0.008333333333333333,0.0
v1.0,v1.0,v1.0,A0_attack_only,D_oracle,P_alpha0.75,31,0.7176815025252526,0.9998375021001344,0.3701871060656971,,0.8451388888888889,0.009027777777777777,0.0
v1.0,v1.0,v1.0,A0_attack_only,D_oracle,P_alpha0.75,32,0.7408443813131312,0.9998375021001344,0.33921172727781856,,0.7694444444444445,0.008333333333333333,0.0
v1.0,v1.0,v1.0,A0_attack_only,D_oracle,P_alpha0.75,33,0.7162200126262627,0.9998916680667562,0.37404887458251873,,0.8673611111111111,0.009722222222222222,0.0
v1.0,v1.0,v1.0,A0_attack_only,D_oracle,P_alpha0.75,34,0.7039946338383838,0.9998375021001344,0.3918253636414548,,0.9222222222222223,0.009722222222222222,0.0
v1.0,v1.0,v1.0,A0_attack_only,D_oracle,P_alpha0.75,35,0.7354861111111111,0.9998375021001344,0.3452644419242832,,0.7763888888888889,0.008333333333333333,0.0
v1.0,v1.0,v1.0,A0_attack_only,D_oracle,P_alpha0.75,36,0.7168371212121212,0.9998375021001344,0.37242037626771746,,0.8590277777777777,0.009027777777777777,0.0
v1.0,v1.0,v1.0,A0_attack_only,D_oracle,P_alpha0.75,37,0.7287279040404041,0.9998375021001344,0.35622403788387896,,0.8159722222222222,0.009027777777777777,0.0
v1.0,v1.0,v1.0,A0_attack_only,D_oracle,P_alpha0.75,38,0.7158285984848486,0.9998375021001344,0.3757552878838789,,0.8798611111111111,0.009722222222222222,0.0
v1.0,v1.0,v1.0,A0_attack_only,D_oracle,P_alpha0.75,39,0.7061789772727273,0.9998375021001344,0.38727990909600024,,0.8986111111111111,0.009722222222222222,0.0
v1.0,v1.0,v1.0,A0_attack_only,D_oracle,P_alpha0.90,0,0.7480233585858587,0.9907130961836105,0.3503778704382532,,0.8409722222222222,0.009027777777777777,0.0
v1.0,v1.0,v1.0,A0_attack_only,D_oracle,P_alpha0.90,1,0.7623996212121213,0.9899783492052582,0.3316402486304577,,0.7909722222222222,0.008333333333333333,0.0
v1.0,v1.0,v1.0,A0_attack_only,D_oracle,P_alpha0.90,2,0.7270833333333333,0.9898770215384695,0.3810711852649478,,0.9236111111111112,0.010416666666666666,0.0
v1.0,v1.0,v1.0,A0_attack_only,D_oracle,P_alpha0.90,3,0.7277790404040404,0.9896925788250447,0.378964865005906,,0.9097222222222222,0.009722222222222222,0.0
v1.0,v1.0,v1.0,A0_attack_only,D_oracle,P_alpha0.90,4,0.7764273989898991,0.9900928905359034,0.3148361323670168,,0.7645833333333333,0.008333333333333333,0.0
v1.0,v1.0,v1.0,A0_attack_only,D_oracle,P_alpha0.90,5,0.7248611111111111,0.9896792719279489,0.38533626257535025,,0.9416666666666667,0.010416666666666666,0.0
v1.0,v1.0,v1.0,A0_attack_only,D_oracle,P_alpha0.90,6,0.7487351641414143,0.9909903139255457,0.34919451470348645,,0.8395833333333333,0.009027777777777777,0.0
v1.0,v1.0,v1.0,A0_attack_only,D_oracle,P_alpha0.90,7,0.7617746212121213,0.9899683245636813,0.33373561153368336,,0.8055555555555556,0.008333333333333333,0.0
v1.0,v1.0,v1.0,A0_attack_only,D_oracle,P_alpha0.90,8,0.7313207070707072,0.9907138321852598,0.3730171387514255,,0.8979166666666667,0.009722222222222222,0.0
v1.0,v1.0,v1.0,A0_attack_only,D_oracle,P_alpha0.90,9,0.7788244949494949,0.9901061974329994,0.31058279035312797,,0.7486111111111111,0.007638888888888889,0.0
v1.0,v1.0,v1.0,A0_attack_only,D_oracle,P_alpha0.90,10,0.7352269570707072,0.9915841558859766,0.3674415003105653,,0.8916666666666667,0.009722222222222222,0.0
v1.0,v1.0,v1.0,A0_attack_only,D_oracle,P_alpha0.90,11,0.7657850378787878,0.9911281867948639,0.3259722490784866,,0.7819444444444444,0.008333333333333333,0.0
v1.0,v1.0,v1.0,A0_attack_only,D_oracle,P_alpha0.90,12,0.7788244949494951,0.9901061974329994,0.31037445701979444,,0.7465277777777778,0.007638888888888889,0.0
v1.0,v1.0,v1.0,A0_attack_only,D_oracle,P_alpha0.90,13,0.7683371212121213,0.9918908296040038,0.32208832770751866,,0.7777777777777778,0.008333333333333333,0.0
v1.0,v1.0,v1.0,A0_attack_only,D_oracle,P_alpha0.90,14,0.7606275252525252,0.9901527672771058,0.33545998734828125,,0.8111111111111111,0.009027777777777777,0.0
v1.0,v1.0,v1.0,A0_attack_only,D_oracle,P_alpha0.90,15,0.7617746212121213,0.9899683245636811,0.33331894486701696,,0.8013888888888889,0.008333333333333333,0.0
v1.0,v1.0,v1.0,A0_attack_only,D_oracle,P_alpha0.90,16,0.7693267045454546,0.991859901624613,0.32099696906056535,,0.7763888888888889,0.008333333333333333,0.0
v1.0,v1.0,v1.0,A0_attack_only,D_oracle,P_alpha0.90,17,0.7270833333333333,0.9898770215384695,0.3810711852649478,,0.9236111111111112,0.010416666666666666,0.0
v1.0,v1.0,v1.0,A0_attack_only,D_oracle,P_alpha0.90,18,0.7292547348484848,0.9899259877632167,0.37651463539121066,,0.9027777777777778,0.009722222222222222,0.0
v1.0,v1.0,v1.0,A0_attack_only,D_oracle,P_alpha0.90,19,0.7430915404040406,0.9900148944077876,0.3595155863066143,,0.8722222222222222,0.009722222222222222,0.0
v1.0,v1.0,v1.0,A0_attack_only,D_oracle,P_alpha0.90,20,0.7347234848484848,0.9916981371807796,0.36787763942346857,,0.8923611111111112,0.009722222222222222,0.0
v1.0,v1.0,v1.0,A0_attack_only,D_oracle,P_alpha0.90,21,0.7439943181818182,0.9900148944077876,0.35805725297328117,,0.8666666666666667,0.009722222222222222,0.0
v1.0,v1.0,v1.0,A0_attack_only,D_oracle,P_alpha0.90,22,0.7607664141414141,0.9901527672771058,0.3352516540149479,,0.8104166666666667,0.009027777777777777,0.0
v1.0,v1.0,v1.0,A0_attack_only,D_oracle,P_alpha0.90,23,0.7447247474747475,0.989830451694363,0.3566106549364613,,0.8597222222222223,0.009027777777777777,0.0
v1.0,v1.0,v1.0,A0_attack_only,D_oracle,P_alpha0.90,24,0.7622607323232324,0.9899683245636813,0.3318606115336833,,0.7916666666666666,0.008333333333333333,0.0
v1.0,v1.0,v1.0,A0_attack_only,D_oracle,P_alpha0.90,25,0.7746392045454547,0.9903737485108138,0.3168428527971243,,0.7701388888888889,0.008333333333333333,0.0
v1.0,v1.0,v1.0,A0_attack_only,D_oracle,P_alpha0.90,26,0.753891414141414,0.9913107804354025,0.3428898160027696,,0.8319444444444445,0.009027777777777777,0.0
v1.0,v1.0,v1.0,A0_attack_only,D_oracle,P_alpha0.90,27,0.7294977904040404,0.9900053168402778,0.37610694049873733,,0.9020833333333333,0.009722222222222222,0.0
v1.0,v1.0,v1.0,A0_attack_only,D_oracle,P_alpha0.90,28,0.7300359848484849,0.9901986272121415,0.3751978847191676,,0.9006944444444445,0.009722222222222222,0.0
v1.0,v1.0,v1.0,A0_attack_only,D_oracle,P_alpha0.90,29,0.7593080808080809,0.9899550176665852,0.3381972868809057,,0.8229166666666666,0.009027777777777777,0.0
v1.0,v1.0,v1.0,A0_attack_only,D_oracle,P_alpha0.90,30,0.7623996212121213,0.9899783492052582,0.3316402486304577,,0.7909722222222222,0.008333333333333333,0.0
v1.0,v1.0,v1.0,A0_attack_only,D_oracle,P_alpha0.90,31,0.7463046085858586,0.990063860632535,0.3532923697662105,,0.8451388888888889,0.009027777777777777,0.0
v1.0,v1.0,v1.0,A0_attack_only,D_oracle,P_alpha0.90,32,0.7753162878787879,0.9902228188513157,0.31627744061074436,,0.7694444444444445,0.008333333333333333,0.0
v1.0,v1.0,v1.0,A0_attack_only,D_oracle,P_alpha0.90,33,0.7438554292929294,0.9900148944077876,0.3582655863066144,,0.8673611111111111,0.009722222222222222,0.0
v1.0,v1.0,v1.0,A0_attack_only,D_oracle,P_alpha0.90,34,0.7276748737373737,0.9896925788250448,0.3803190316725725,,0.9222222222222223,0.009722222222222222,0.0
v1.0,v1.0,v1.0,A0_attack_only,D_oracle,P_alpha0.90,35,0.7693267045454546,0.991859901624613,0.32099696906056535,,0.7763888888888889,0.008333333333333333,0.0
v1.0,v1.0,v1.0,A0_attack_only,D_oracle,P_alpha0.90,36,0.7447247474747475,0.9898304516943628,0.35654121049201715,,0.8590277777777777,0.009027777777777777,0.0
v1.0,v1.0,v1.0,A0_attack_only,D_oracle,P_alpha0.90,37,0.7600025252525253,0.9899550176665852,0.33680839799201684,,0.8159722222222222,0.009027777777777777,0.0
v1.0,v1.0,v1.0,A0_attack_only,D_oracle,P_alpha0.90,38,0.7423276515151516,0.989817144797267,0.3612806636170169,,0.8798611111111111,0.009722222222222222,0.0
v1.0,v1.0,v1.0,A0_attack_only,D_oracle,P_alpha0.90,39,0.7309734848484849,0.9905752233142922,0.3736001360632534,,0.8986111111111111,0.009722222222222222,0.0
v1.0,v1.0,v1.0,A0_attack_only,D_oracle,P_alpha1.00,0,0.7486332070707072,0.7235758415811337,0.6703327274763767,,0.8409722222222222,0.009027777777777777,0.0
v1.0,v1.0,v1.0,A0_attack_only,D_oracle,P_alpha1.00,1,0.7629671717171717,0.7378161179588217,0.6336673756211312,,0.7909722222222222,0.008333333333333333,0.0
v1.0,v1.0,v1.0,A0_attack_only,D_oracle,P_alpha1.00,2,0.7277777777777777,0.7049116320717251,0.7223352081805965,,0.9236111111111112,0.010416666666666666,0.0
v1.0,v1.0,v1.0,A0_attack_only,D_oracle,P_alpha1.00,3,0.7284311868686869,0.7053652611039832,0.7195054998065332,,0.9097222222222222,0.009722222222222222,0.0
v1.0,v1.0,v1.0,A0_attack_only,D_oracle,P_alpha1.00,4,0.7769949494949496,0.7515625477303272,0.6005049932286577,,0.7645833333333333,0.008333333333333333,0.0
v1.0,v1.0,v1.0,A0_attack_only,D_oracle,P_alpha1.00,5,0.7255555555555557,0.7028027821053273,0.7288936059180515,,0.9416666666666667,0.010416666666666666,0.0
v1.0,v1.0,v1.0,A0_attack_only,D_oracle,P_alpha1.00,6,0.7493450126262626,0.7241297520314025,0.6688173404916099,,0.8395833333333333,0.009027777777777777,0.0
v1.0,v1.0,v1.0,A0_attack_only,D_oracle,P_alpha1.00,7,0.7623421717171719,0.7380523830797895,0.6354671908093029,,0.8055555555555556,0.008333333333333333,0.0
v1.0,v1.0,v1.0,A0_attack_only,D_oracle,P_alpha1.00,8,0.7319728535353537,0.7077216119104348,0.711955656616569,,0.8979166666666667,0.009722222222222222,0.0
v1.0,v1.0,v1.0,A0_attack_only,D_oracle,P_alpha1.00,9,0.7793497474747475,0.7541754299547895,0.5931744588017274,,0.7486111111111111,0.007638888888888889,0.0
v1.0,v1.0,v1.0,A0_attack_only,D_oracle,P_alpha1.00,10,0.7358791035353537,0.7110482248136606,0.7034324711326979,,0.8916666666666667,0.009722222222222222,0.0
v1.0,v1.0,v1.0,A0_attack_only,D_oracle,P_alpha1.00,11,0.7663525883838385,0.7402527989064025,0.6264551640395897,,0.7819444444444444,0.008333333333333333,0.0
v1.0,v1.0,v1.0,A0_attack_only,D_oracle,P_alpha1.00,12,0.7793497474747476,0.75417070465237,0.5929717958312972,,0.7465277777777778,0.007638888888888889,0.0
v1.0,v1.0,v1.0,A0_attack_only,D_oracle,P_alpha1.00,13,0.7689046717171717,0.7423051552572089,0.621023586418622,,0.7777777777777778,0.008333333333333333,0.0
v1.0,v1.0,v1.0,A0_attack_only,D_oracle,P_alpha1.00,14,0.7612373737373738,0.7364856828109723,0.639250640222793,,0.8111111111111111,0.009027777777777777,0.0
v1.0,v1.0,v1.0,A0_attack_only,D_oracle,P_alpha1.00,15,0.7623421717171717,0.7379815035434992,0.6351355795861847,,0.8013888888888889,0.008333333333333333,0.0
v1.0,v1.0,v1.0,A0_attack_only,D_oracle,P_alpha1.00,16,0.7698942550505052,0.7432943185636605,0.6187081182286578,,0.7763888888888889,0.008333333333333333,0.0
v1.0,v1.0,v1.0,A0_attack_only,D_oracle,P_alpha1.00,17,0.7277777777777777,0.7049116320717251,0.7223352081805965,,0.9236111111111112,0.010416666666666666,0.0
v1.0,v1.0,v1.0,A0_attack_only,D_oracle,P_alpha1.00,18,0.7299068813131313,0.7061816883553272,0.7163556482160316,,0.9027777777777778,0.009722222222222222,0.0
v1.0,v1.0,v1.0,A0_attack_only,D_oracle,P_alpha1.00,19,0.7437436868686869,0.7197745983015638,0.6831517951694366,,0.8722222222222222,0.009722222222222222,0.0
v1.0,v1.0,v1.0,A0_attack_only,D_oracle,P_alpha1.00,20,0.7353756313131313,0.7104580870448434,0.7047135531219454,,0.8923611111111112,0.009722222222222222,0.0
v1.0,v1.0,v1.0,A0_attack_only,D_oracle,P_alpha1.00,21,0.7446464646464648,0.7208666681940369,0.6803829779651354,,0.8666666666666667,0.009722222222222222,0.0
v1.0,v1.0,v1.0,A0_attack_only,D_oracle,P_alpha1.00,22,0.7613762626262627,0.7366536935636604,0.6388406939862338,,0.8104166666666667,0.009027777777777777,0.0
v1.0,v1.0,v1.0,A0_attack_only,D_oracle,P_alpha1.00,23,0.7453345959595961,0.721882083180596,0.6775388486681333,,0.8597222222222223,0.009027777777777777,0.0
v1.0,v1.0,v1.0,A0_attack_only,D_oracle,P_alpha1.00,24,0.7628282828282829,0.7377426132545207,0.6339639145996256,,0.7916666666666666,0.008333333333333333,0.0
v1.0,v1.0,v1.0,A0_attack_only,D_oracle,P_alpha1.00,25,0.7752067550505051,0.7495506189668864,0.6052630577447868,,0.7701388888888889,0.008333333333333333,0.0
v1.0,v1.0,v1.0,A0_attack_only,D_oracle,P_alpha1.00,26,0.7545012626262626,0.7290676930596283,0.6569716723688501,,0.8319444444444445,0.009027777777777777,0.0
v1.0,v1.0,v1.0,A0_attack_only,D_oracle,P_alpha1.00,27,0.7301499368686868,0.7063528493096284,0.7158377550708702,,0.9020833333333333,0.009722222222222222,0.0
v1.0,v1.0,v1.0,A0_attack_only,D_oracle,P_alpha1.00,28,0.7306881313131315,0.7067439993432305,0.7146912916972141,,0.9006944444444445,0.009722222222222222,0.0
v1.0,v1.0,v1.0,A0_attack_only,D_oracle,P_alpha1.00,29,0.7599179292929295,0.7353743966886606,0.6430841835695668,,0.8229166666666666,0.009027777777777777,0.0
v1.0,v1.0,v1.0,A0_attack_only,D_oracle,P_alpha1.00,30,0.7629671717171717,0.7378161179588217,0.6336673756211312,,0.7909722222222222,0.008333333333333333,0.0
v1.0,v1.0,v1.0,A0_attack_only,D_oracle,P_alpha1.00,31,0.7469144570707071,0.7223047352303271,0.6739934717640115,,0.8451388888888889,0.009027777777777777,0.0
v1.0,v1.0,v1.0,A0_attack_only,D_oracle,P_alpha1.00,32,0.7758838383838386,0.7503507701765639,0.6035563485153959,,0.7694444444444445,0.008333333333333333,0.0
v1.0,v1.0,v1.0,A0_attack_only,D_oracle,P_alpha1.00,33,0.7445075757575756,0.7206986574413486,0.6807929242016949,,0.8673611111111111,0.009722222222222222,0.0
v1.0,v1.0,v1.0,A0_attack_only,D_oracle,P_alpha1.00,34,0.7283270202020203,0.7058062893297896,0.7203304326022321,,0.9222222222222223,0.009722222222222222,0.0
v1.0,v1.0,v1.0,A0_attack_only,D_oracle,P_alpha1.00,35,0.7698942550505052,0.7432943185636605,0.6187081182286578,,0.7763888888888889,0.008333333333333333,0.0
v1.0,v1.0,v1.0,A0_attack_only,D_oracle,P_alpha1.00,36,0.7453345959595961,0.7218584566684992,0.677497756038205,,0.8590277777777777,0.009027777777777777,0.0
v1.0,v1.0,v1.0,A0_attack_only,D_oracle,P_alpha1.00,37,0.7606123737373739,0.7358931298875853,0.6410728148419682,,0.8159722222222222,0.009027777777777777,0.0
v1.0,v1.0,v1.0,A0_attack_only,D_oracle,P_alpha1.00,38,0.7429797979797981,0.7193164539803273,0.685229346132698,,0.8798611111111111,0.009722222222222222,0.0
v1.0,v1.0,v1.0,A0_attack_only,D_oracle,P_alpha1.00,39,0.7316256313131314,0.7074527947061338,0.7126949039283971,,0.8986111111111111,0.009722222222222222,0.0
v1.0,v1.0,v1.0,A0_attack_only,D_oracle,P_availability_first,0,0.7486332070707072,0.7235758415811337,0.6703327274763767,,0.8409722222222222,0.009027777777777777,0.0
v1.0,v1.0,v1.0,A0_attack_only,D_oracle,P_availability_first,1,0.7629671717171717,0.7378161179588217,0.6336673756211312,,0.7909722222222222,0.008333333333333333,0.0
v1.0,v1.0,v1.0,A0_attack_only,D_oracle,P_availability_first,2,0.7277777777777777,0.7049116320717251,0.7223352081805965,,0.9236111111111112,0.010416666666666666,0.0
v1.0,v1.0,v1.0,A0_attack_only,D_oracle,P_availability_first,3,0.7284311868686869,0.7053652611039832,0.7195054998065332,,0.9097222222222222,0.009722222222222222,0.0
v1.0,v1.0,v1.0,A0_attack_only,D_oracle,P_availability_first,4,0.7769949494949496,0.7515625477303272,0.6005049932286577,,0.7645833333333333,0.008333333333333333,0.0
v1.0,v1.0,v1.0,A0_attack_only,D_oracle,P_availability_first,5,0.7255555555555557,0.7028027821053273,0.7288936059180515,,0.9416666666666667,0.010416666666666666,0.0
v1.0,v1.0,v1.0,A0_attack_only,D_oracle,P_availability_first,6,0.7493450126262626,0.7241297520314025,0.6688173404916099,,0.8395833333333333,0.009027777777777777,0.0
v1.0,v1.0,v1.0,A0_attack_only,D_oracle,P_availability_first,7,0.7623421717171719,0.7380523830797895,0.6354671908093029,,0.8055555555555556,0.008333333333333333,0.0
v1.0,v1.0,v1.0,A0_attack_only,D_oracle,P_availability_first,8,0.7319728535353537,0.7077216119104348,0.711955656616569,,0.8979166666666667,0.009722222222222222,0.0
v1.0,v1.0,v1.0,A0_attack_only,D_oracle,P_availability_first,9,0.7793497474747475,0.7541754299547895,0.5931744588017274,,0.7486111111111111,0.007638888888888889,0.0
v1.0,v1.0,v1.0,A0_attack_only,D_oracle,P_availability_first,10,0.7358791035353537,0.7110482248136606,0.7034324711326979,,0.8916666666666667,0.009722222222222222,0.0
v1.0,v1.0,v1.0,A0_attack_only,D_oracle,P_availability_first,11,0.7663525883838385,0.7402527989064025,0.6264551640395897,,0.7819444444444444,0.008333333333333333,0.0
v1.0,v1.0,v1.0,A0_attack_only,D_oracle,P_availability_first,12,0.7793497474747476,0.75417070465237,0.5929717958312972,,0.7465277777777778,0.007638888888888889,0.0
v1.0,v1.0,v1.0,A0_attack_only,D_oracle,P_availability_first,13,0.7689046717171717,0.7423051552572089,0.621023586418622,,0.7777777777777778,0.008333333333333333,0.0
v1.0,v1.0,v1.0,A0_attack_only,D_oracle,P_availability_first,14,0.7612373737373738,0.7364856828109723,0.639250640222793,,0.8111111111111111,0.009027777777777777,0.0
v1.0,v1.0,v1.0,A0_attack_only,D_oracle,P_availability_first,15,0.7623421717171717,0.7379815035434992,0.6351355795861847,,0.8013888888888889,0.008333333333333333,0.0
v1.0,v1.0,v1.0,A0_attack_only,D_oracle,P_availability_first,16,0.7698942550505052,0.7432943185636605,0.6187081182286578,,0.7763888888888889,0.008333333333333333,0.0
v1.0,v1.0,v1.0,A0_attack_only,D_oracle,P_availability_first,17,0.7277777777777777,0.7049116320717251,0.7223352081805965,,0.9236111111111112,0.010416666666666666,0.0
v1.0,v1.0,v1.0,A0_attack_only,D_oracle,P_availability_first,18,0.7299068813131313,0.7061816883553272,0.7163556482160316,,0.9027777777777778,0.009722222222222222,0.0
v1.0,v1.0,v1.0,A0_attack_only,D_oracle,P_availability_first,19,0.7437436868686869,0.7197745983015638,0.6831517951694366,,0.8722222222222222,0.009722222222222222,0.0
v1.0,v1.0,v1.0,A0_attack_only,D_oracle,P_availability_first,20,0.7353756313131313,0.7104580870448434,0.7047135531219454,,0.8923611111111112,0.009722222222222222,0.0
v1.0,v1.0,v1.0,A0_attack_only,D_oracle,P_availability_first,21,0.7446464646464648,0.7208666681940369,0.6803829779651354,,0.8666666666666667,0.009722222222222222,0.0
v1.0,v1.0,v1.0,A0_attack_only,D_oracle,P_availability_first,22,0.7613762626262627,0.7366536935636604,0.6388406939862338,,0.8104166666666667,0.009027777777777777,0.0
v1.0,v1.0,v1.0,A0_attack_only,D_oracle,P_availability_first,23,0.7453345959595961,0.721882083180596,0.6775388486681333,,0.8597222222222223,0.009027777777777777,0.0
v1.0,v1.0,v1.0,A0_attack_only,D_oracle,P_availability_first,24,0.7628282828282829,0.7377426132545207,0.6339639145996256,,0.7916666666666666,0.008333333333333333,0.0
v1.0,v1.0,v1.0,A0_attack_only,D_oracle,P_availability_first,25,0.7752067550505051,0.7495506189668864,0.6052630577447868,,0.7701388888888889,0.008333333333333333,0.0
v1.0,v1.0,v1.0,A0_attack_only,D_oracle,P_availability_first,26,0.7545012626262626,0.7290676930596283,0.6569716723688501,,0.8319444444444445,0.009027777777777777,0.0
v1.0,v1.0,v1.0,A0_attack_only,D_oracle,P_availability_first,27,0.7301499368686868,0.7063528493096284,0.7158377550708702,,0.9020833333333333,0.009722222222222222,0.0
v1.0,v1.0,v1.0,A0_attack_only,D_oracle,P_availability_first,28,0.7306881313131315,0.7067439993432305,0.7146912916972141,,0.9006944444444445,0.009722222222222222,0.0
v1.0,v1.0,v1.0,A0_attack_only,D_oracle,P_availability_first,29,0.7599179292929295,0.7353743966886606,0.6430841835695668,,0.8229166666666666,0.009027777777777777,0.0
v1.0,v1.0,v1.0,A0_attack_only,D_oracle,P_availability_first,30,0.7629671717171717,0.7378161179588217,0.6336673756211312,,0.7909722222222222,0.008333333333333333,0.0
v1.0,v1.0,v1.0,A0_attack_only,D_oracle,P_availability_first,31,0.7469144570707071,0.7223047352303271,0.6739934717640115,,0.8451388888888889,0.009027777777777777,0.0
v1.0,v1.0,v1.0,A0_attack_only,D_oracle,P_availability_first,32,0.7758838383838386,0.7503507701765639,0.6035563485153959,,0.7694444444444445,0.008333333333333333,0.0
v1.0,v1.0,v1.0,A0_attack_only,D_oracle,P_availability_first,33,0.7445075757575756,0.7206986574413486,0.6807929242016949,,0.8673611111111111,0.009722222222222222,0.0
v1.0,v1.0,v1.0,A0_attack_only,D_oracle,P_availability_first,34,0.7283270202020203,0.7058062893297896,0.7203304326022321,,0.9222222222222223,0.009722222222222222,0.0
v1.0,v1.0,v1.0,A0_attack_only,D_oracle,P_availability_first,35,0.7698942550505052,0.7432943185636605,0.6187081182286578,,0.7763888888888889,0.008333333333333333,0.0
v1.0,v1.0,v1.0,A0_attack_only,D_oracle,P_availability_first,36,0.7453345959595961,0.7218584566684992,0.677497756038205,,0.8590277777777777,0.009027777777777777,0.0
v1.0,v1.0,v1.0,A0_attack_only,D_oracle,P_availability_first,37,0.7606123737373739,0.7358931298875853,0.6410728148419682,,0.8159722222222222,0.009027777777777777,0.0
v1.0,v1.0,v1.0,A0_attack_only,D_oracle,P_availability_first,38,0.7429797979797981,0.7193164539803273,0.685229346132698,,0.8798611111111111,0.009722222222222222,0.0
v1.0,v1.0,v1.0,A0_attack_only,D_oracle,P_availability_first,39,0.7316256313131314,0.7074527947061338,0.7126949039283971,,0.8986111111111111,0.009722222222222222,0.0
v1.0,v1.0,v1.0,A0_attack_only,D_oracle,P_heat_first,0,0.7180713383838384,1.0,0.369185606060606,,0.8409722222222222,0.009027777777777777,0.0
v1.0,v1.0,v1.0,A0_attack_only,D_oracle,P_heat_first,1,0.7290056818181818,1.0,0.35300820707070707,,0.7909722222222222,0.008333333333333333,0.0
v1.0,v1.0,v1.0,A0_attack_only,D_oracle,P_heat_first,2,0.7024368686868687,1.0,0.39357007575757574,,0.9236111111111112,0.010416666666666666,0.0
v1.0,v1.0,v1.0,A0_attack_only,D_oracle,P_heat_first,3,0.7029734848484849,1.0,0.3914015151515151,,0.9097222222222222,0.009722222222222222,0.0
v1.0,v1.0,v1.0,A0_attack_only,D_oracle,P_heat_first,4,0.7406344696969697,1.0,0.33874053030303036,,0.7645833333333333,0.008333333333333333,0.0
v1.0,v1.0,v1.0,A0_attack_only,D_oracle,P_heat_first,5,0.7018560606060606,1.0,0.3959564393939394,,0.9416666666666667,0.010416666666666666,0.0
v1.0,v1.0,v1.0,A0_attack_only,D_oracle,P_heat_first,6,0.7186568813131313,1.0,0.36846117424242425,,0.8395833333333333,0.009027777777777777,0.0
v1.0,v1.0,v1.0,A0_attack_only,D_oracle,P_heat_first,7,0.7288005050505051,1.0,0.35467171717171714,,0.8055555555555556,0.008333333333333333,0.0
v1.0,v1.0,v1.0,A0_attack_only,D_oracle,P_heat_first,8,0.7054419191919191,1.0,0.3877525252525253,,0.8979166666666667,0.009722222222222222,0.0
v1.0,v1.0,v1.0,A0_attack_only,D_oracle,P_heat_first,9,0.7417140151515151,1.0,0.33582070707070705,,0.7486111111111111,0.007638888888888889,0.0
v1.0,v1.0,v1.0,A0_attack_only,D_oracle,P_heat_first,10,0.7087799873737375,1.0,0.38378945707070694,,0.8916666666666667,0.009722222222222222,0.0
v1.0,v1.0,v1.0,A0_attack_only,D_oracle,P_heat_first,11,0.7315703914141414,1.0,0.34954071969696976,,0.7819444444444444,0.008333333333333333,0.0
v1.0,v1.0,v1.0,A0_attack_only,D_oracle,P_heat_first,12,0.7417140151515152,1.0,0.3356123737373736,,0.7465277777777778,0.007638888888888889,0.0
v1.0,v1.0,v1.0,A0_attack_only,D_oracle,P_heat_first,13,0.7337436868686869,1.0,0.3469507575757576,,0.7777777777777778,0.008333333333333333,0.0
v1.0,v1.0,v1.0,A0_attack_only,D_oracle,P_heat_first,14,0.7279608585858587,1.0,0.35630997474747467,,0.8111111111111111,0.009027777777777777,0.0
v1.0,v1.0,v1.0,A0_attack_only,D_oracle,P_heat_first,15,0.7288005050505051,1.0,0.35425505050505046,,0.8013888888888889,0.008333333333333333,0.0
v1.0,v1.0,v1.0,A0_attack_only,D_oracle,P_heat_first,16,0.7346070075757576,1.0,0.345948547979798,,0.7763888888888889,0.008333333333333333,0.0
v1.0,v1.0,v1.0,A0_attack_only,D_oracle,P_heat_first,17,0.7024368686868687,1.0,0.39357007575757574,,0.9236111111111112,0.010416666666666666,0.0
v1.0,v1.0,v1.0,A0_attack_only,D_oracle,P_heat_first,18,0.7038178661616161,1.0,0.3898626893939394,,0.9027777777777778,0.009722222222222222,0.0
v1.0,v1.0,v1.0,A0_attack_only,D_oracle,P_heat_first,19,0.714876893939394,1.0,0.37574810606060594,,0.8722222222222222,0.009722222222222222,0.0
v1.0,v1.0,v1.0,A0_attack_only,D_oracle,P_heat_first,20,0.7083396464646464,1.0,0.38429924242424246,,0.8923611111111112,0.009722222222222222,0.0
v1.0,v1.0,v1.0,A0_attack_only,D_oracle,P_heat_first,21,0.7152746212121214,1.0,0.37479482323232305,,0.8666666666666667,0.009722222222222222,0.0
v1.0,v1.0,v1.0,A0_attack_only,D_oracle,P_heat_first,22,0.7280366161616162,1.0,0.3561647727272727,,0.8104166666666667,0.009027777777777777,0.0
v1.0,v1.0,v1.0,A0_attack_only,D_oracle,P_heat_first,23,0.7158869949494948,1.0,0.37324494949494963,,0.8597222222222223,0.009027777777777777,0.0
v1.0,v1.0,v1.0,A0_attack_only,D_oracle,P_heat_first,24,0.7289299242424243,1.0,0.35315340909090903,,0.7916666666666666,0.008333333333333333,0.0
v1.0,v1.0,v1.0,A0_attack_only,D_oracle,P_heat_first,25,0.7393513257575758,1.0,0.3405792297979798,,0.7701388888888889,0.008333333333333333,0.0
v1.0,v1.0,v1.0,A0_attack_only,D_oracle,P_heat_first,26,0.723118686868687,1.0,0.3632354797979797,,0.8319444444444445,0.009027777777777777,0.0
v1.0,v1.0,v1.0,A0_attack_only,D_oracle,P_heat_first,27,0.7039977904040404,1.0,0.38961332070707066,,0.9020833333333333,0.009722222222222222,0.0
v1.0,v1.0,v1.0,A0_attack_only,D_oracle,P_heat_first,28,0.7044097222222222,1.0,0.3890625,,0.9006944444444445,0.009722222222222222,0.0
v1.0,v1.0,v1.0,A0_attack_only,D_oracle,P_heat_first,29,0.7277146464646466,1.0,0.3577367424242423,,0.8229166666666666,0.009027777777777777,0.0
v1.0,v1.0,v1.0,A0_attack_only,D_oracle,P_heat_first,30,0.7290056818181818,1.0,0.35300820707070707,,0.7909722222222222,0.008333333333333333,0.0
v1.0,v1.0,v1.0,A0_attack_only,D_oracle,P_heat_first,31,0.7167313762626262,1.0,0.37094223484848493,,0.8451388888888889,0.009027777777777777,0.0
v1.0,v1.0,v1.0,A0_attack_only,D_oracle,P_heat_first,32,0.7399652777777778,1.0,0.3398958333333334,,0.7694444444444445,0.008333333333333333,0.0
v1.0,v1.0,v1.0,A0_attack_only,D_oracle,P_heat_first,33,0.7151988636363635,1.0,0.37494002525252534,,0.8673611111111111,0.009722222222222222,0.0
v1.0,v1.0,v1.0,A0_attack_only,D_oracle,P_heat_first,34,0.7029734848484849,1.0,0.3926515151515151,,0.9222222222222223,0.009722222222222222,0.0
v1.0,v1.0,v1.0,A0_attack_only,D_oracle,P_heat_first,35,0.7346070075757576,1.0,0.345948547979798,,0.7763888888888889,0.008333333333333333,0.0
v1.0,v1.0,v1.0,A0_attack_only,D_oracle,P_heat_first,36,0.7158869949494948,1.0,0.3731755050505052,,0.8590277777777777,0.009027777777777777,0.0
v1.0,v1.0,v1.0,A0_attack_only,D_oracle,P_heat_first,37,0.7277777777777777,1.0,0.3569791666666667,,0.8159722222222222,0.009027777777777777,0.0
v1.0,v1.0,v1.0,A0_attack_only,D_oracle,P_heat_first,38,0.7148074494949495,1.0,0.3765814393939394,,0.8798611111111111,0.009722222222222222,0.0
v1.0,v1.0,v1.0,A0_attack_only,D_oracle,P_heat_first,39,0.7051578282828282,1.0,0.3881060606060606,,0.8986111111111111,0.009722222222222222,0.0
v1.0,v1.0,v1.0,A0_attack_only,D_oracle,P_balanced,0,0.7190214646464645,0.9998375021001344,0.3684304772778185,,0.8409722222222222,0.009027777777777777,0.0
v1.0,v1.0,v1.0,A0_attack_only,D_oracle,P_balanced,1,0.7298847853535354,0.9998375021001344,0.3523241010151921,,0.7909722222222222,0.008333333333333333,0.0
v1.0,v1.0,v1.0,A0_attack_only,D_oracle,P_balanced,2,0.7035290404040405,0.9998916680667562,0.39260790236029647,,0.9236111111111112,0.010416666666666666,0.0
v1.0,v1.0,v1.0,A0_attack_only,D_oracle,P_balanced,3,0.7039946338383839,0.9998375021001344,0.39057536364145473,,0.9097222222222222,0.009722222222222222,0.0
v1.0,v1.0,v1.0,A0_attack_only,D_oracle,P_balanced,4,0.7415135732323233,0.9998375021001344,0.3380564242475154,,0.7645833333333333,0.008333333333333333,0.0
v1.0,v1.0,v1.0,A0_attack_only,D_oracle,P_balanced,5,0.7029482323232324,0.9998375021001344,0.3950592651566062,,0.9416666666666667,0.010416666666666666,0.0
v1.0,v1.0,v1.0,A0_attack_only,D_oracle,P_balanced,6,0.7196070075757575,0.9998375021001344,0.36770604545963675,,0.8395833333333333,0.009027777777777777,0.0
v1.0,v1.0,v1.0,A0_attack_only,D_oracle,P_balanced,7,0.7296796085858587,0.9998375021001344,0.3539876111162022,,0.8055555555555556,0.008333333333333333,0.0
v1.0,v1.0,v1.0,A0_attack_only,D_oracle,P_balanced,8,0.7064630681818181,0.9998375021001344,0.3869263737424649,,0.8979166666666667,0.009722222222222222,0.0
v1.0,v1.0,v1.0,A0_attack_only,D_oracle,P_balanced,9,0.742522095959596,0.9998375021001344,0.3352076237424649,,0.7486111111111111,0.007638888888888889,0.0
v1.0,v1.0,v1.0,A0_attack_only,D_oracle,P_balanced,10,0.7098011363636364,0.9998375021001344,0.38296330556064667,,0.8916666666666667,0.009722222222222222,0.0
v1.0,v1.0,v1.0,A0_attack_only,D_oracle,P_balanced,11,0.7324494949494949,0.9998375021001344,0.3488566136414549,,0.7819444444444444,0.008333333333333333,0.0
v1.0,v1.0,v1.0,A0_attack_only,D_oracle,P_balanced,12,0.742522095959596,0.9998375021001344,0.33499929040913157,,0.7465277777777778,0.007638888888888889,0.0
v1.0,v1.0,v1.0,A0_attack_only,D_oracle,P_balanced,13,0.7346227904040404,0.9998375021001344,0.34626665152024266,,0.7777777777777778,0.008333333333333333,0.0
v1.0,v1.0,v1.0,A0_attack_only,D_oracle,P_balanced,14,0.7289109848484849,0.9998916680667562,0.35548984680474094,,0.8111111111111111,0.009027777777777777,0.0
v1.0,v1.0,v1.0,A0_attack_only,D_oracle,P_balanced,15,0.7296796085858587,0.9998375021001344,0.3535709444495355,,0.8013888888888889,0.008333333333333333,0.0
v1.0,v1.0,v1.0,A0_attack_only,D_oracle,P_balanced,16,0.7354861111111111,0.9998375021001344,0.3452644419242832,,0.7763888888888889,0.008333333333333333,0.0
v1.0,v1.0,v1.0,A0_attack_only,D_oracle,P_balanced,17,0.7035290404040405,0.9998916680667562,0.39260790236029647,,0.9236111111111112,0.010416666666666666,0.0
v1.0,v1.0,v1.0,A0_attack_only,D_oracle,P_balanced,18,0.7048390151515151,0.9998375021001344,0.38903653788387904,,0.9027777777777778,0.009722222222222222,0.0
v1.0,v1.0,v1.0,A0_attack_only,D_oracle,P_balanced,19,0.7158980429292929,0.9998916680667562,0.3748569553905996,,0.8722222222222222,0.009722222222222222,0.0
v1.0,v1.0,v1.0,A0_attack_only,D_oracle,P_balanced,20,0.7093607954545454,0.9998375021001344,0.3834730909141821,,0.8923611111111112,0.009722222222222222,0.0
v1.0,v1.0,v1.0,A0_attack_only,D_oracle,P_balanced,21,0.7162957702020202,0.9998916680667562,0.37390367256231677,,0.8666666666666667,0.009722222222222222,0.0
v1.0,v1.0,v1.0,A0_attack_only,D_oracle,P_balanced,22,0.7289867424242424,0.9998916680667562,0.355344644784539,,0.8104166666666667,0.009027777777777777,0.0
v1.0,v1.0,v1.0,A0_attack_only,D_oracle,P_balanced,23,0.7168371212121212,0.9998375021001344,0.3724898207121619,,0.8597222222222223,0.009027777777777777,0.0
v1.0,v1.0,v1.0,A0_attack_only,D_oracle,P_balanced,24,0.7298090277777779,0.9998375021001344,0.3524693030353941,,0.7916666666666666,0.008333333333333333,0.0
v1.0,v1.0,v1.0,A0_attack_only,D_oracle,P_balanced,25,0.7402304292929294,0.9998375021001344,0.33989512374246483,,0.7701388888888889,0.008333333333333333,0.0
v1.0,v1.0,v1.0,A0_attack_only,D_oracle,P_balanced,26,0.7240688131313132,0.9998375021001344,0.3624803510151921,,0.8319444444444445,0.009027777777777777,0.0
v1.0,v1.0,v1.0,A0_attack_only,D_oracle,P_balanced,27,0.7050189393939394,0.9998375021001344,0.3887871691970103,,0.9020833333333333,0.009722222222222222,0.0
v1.0,v1.0,v1.0,A0_attack_only,D_oracle,P_balanced,28,0.7054308712121213,0.9998375021001344,0.3882363484899395,,0.9006944444444445,0.009722222222222222,0.0
v1.0,v1.0,v1.0,A0_attack_only,D_oracle,P_balanced,29,0.7286647727272727,0.9998375021001344,0.3569816136414548,,0.8229166666666666,0.009027777777777777,0.0
v1.0,v1.0,v1.0,A0_attack_only,D_oracle,P_balanced,30,0.7298847853535354,0.9998375021001344,0.3523241010151921,,0.7909722222222222,0.008333333333333333,0.0
v1.0,v1.0,v1.0,A0_attack_only,D_oracle,P_balanced,31,0.7176815025252526,0.9998375021001344,0.3701871060656971,,0.8451388888888889,0.009027777777777777,0.0
v1.0,v1.0,v1.0,A0_attack_only,D_oracle,P_balanced,32,0.7408443813131312,0.9998375021001344,0.33921172727781856,,0.7694444444444445,0.008333333333333333,0.0
v1.0,v1.0,v1.0,A0_attack_only,D_oracle,P_balanced,33,0.7162200126262627,0.9998916680667562,0.37404887458251873,,0.8673611111111111,0.009722222222222222,0.0
v1.0,v1.0,v1.0,A0_attack_only,D_oracle,P_balanced,34,0.7039946338383838,0.9998375021001344,0.3918253636414548,,0.9222222222222223,0.009722222222222222,0.0
v1.0,v1.0,v1.0,A0_attack_only,D_oracle,P_balanced,35,0.7354861111111111,0.9998375021001344,0.3452644419242832,,0.7763888888888889,0.008333333333333333,0.0
v1.0,v1.0,v1.0,A0_attack_only,D_oracle,P_balanced,36,0.7168371212121212,0.9998375021001344,0.37242037626771746,,0.8590277777777777,0.009027777777777777,0.0
v1.0,v1.0,v1.0,A0_attack_only,D_oracle,P_balanced,37,0.7287279040404041,0.9998375021001344,0.35622403788387896,,0.8159722222222222,0.009027777777777777,0.0
v1.0,v1.0,v1.0,A0_attack_only,D_oracle,P_balanced,38,0.7158285984848486,0.9998375021001344,0.3757552878838789,,0.8798611111111111,0.009722222222222222,0.0
v1.0,v1.0,v1.0,A0_attack_only,D_oracle,P_balanced,39,0.7061789772727273,0.9998375021001344,0.38727990909600024,,0.8986111111111111,0.009722222222222222,0.0
v1.0,v1.0,v1.0,A0_attack_only,D_oracle,P_no_containment,0,0.5548484848484848,0.9441568294461743,0.7739341531494395,,0.0,0.7479166666666667,0.0
v1.0,v1.0,v1.0,A0_attack_only,D_oracle,P_no_containment,1,0.5777761994949496,0.9497462496690683,0.7265560786799462,,0.0,0.6972222222222222,0.0
v1.0,v1.0,v1.0,A0_attack_only,D_oracle,P_no_containment,2,0.5168450126262627,0.9348921740082264,0.8524649341194211,,0.0,0.8319444444444445,0.0
v1.0,v1.0,v1.0,A0_attack_only,D_oracle,P_no_containment,3,0.5234406565656566,0.9365000894148124,0.8388356250254573,,0.0,0.8173611111111111,0.0
v1.0,v1.0,v1.0,A0_attack_only,D_oracle,P_no_containment,4,0.5897111742424243,0.9526558108809857,0.7018935193670595,,0.0,0.6708333333333333,0.0
v1.0,v1.0,v1.0,A0_attack_only,D_oracle,P_no_containment,5,0.5086789772727274,0.9329014216000723,0.8693393168071859,,0.0,0.85,0.0
v1.0,v1.0,v1.0,A0_attack_only,D_oracle,P_no_containment,6,0.5554766414141414,0.9443099642468015,0.772636123711919,,0.0,0.7465277777777778,0.0
v1.0,v1.0,v1.0,A0_attack_only,D_oracle,P_no_containment,7,0.5711805555555556,0.9481383342624824,0.74018538777391,,0.0,0.7118055555555556,0.0
v1.0,v1.0,v1.0,A0_attack_only,D_oracle,P_no_containment,8,0.5287799873737374,0.937801735220144,0.8278023748065342,,0.0,0.8055555555555556,0.0
v1.0,v1.0,v1.0,A0_attack_only,D_oracle,P_no_containment,9,0.5972490530303031,0.9544934284885127,0.686317166116815,,0.0,0.6541666666666667,0.0
v1.0,v1.0,v1.0,A0_attack_only,D_oracle,P_no_containment,10,0.531606691919192,0.9384908418229665,0.8219612423376926,,0.0,0.7993055555555556,0.0
v1.0,v1.0,v1.0,A0_attack_only,D_oracle,P_no_containment,11,0.5818592171717173,0.9507416258731454,0.7181188873360638,,0.0,0.6881944444444444,0.0
v1.0,v1.0,v1.0,A0_attack_only,D_oracle,P_no_containment,12,0.5981912878787878,0.9547231306894535,0.6843701219605347,,0.0,0.6520833333333333,0.0
v1.0,v1.0,v1.0,A0_attack_only,D_oracle,P_no_containment,13,0.5837436868686869,0.9512010302750271,0.7142247990235028,,0.0,0.6840277777777778,0.0
v1.0,v1.0,v1.0,A0_attack_only,D_oracle,P_no_containment,14,0.568353851010101,0.9474492276596597,0.7460265202427518,,0.0,0.7180555555555556,0.0
v1.0,v1.0,v1.0,A0_attack_only,D_oracle,P_no_containment,15,0.5730650252525252,0.948597738664364,0.7362912994613491,,0.0,0.7076388888888889,0.0
v1.0,v1.0,v1.0,A0_attack_only,D_oracle,P_no_containment,16,0.5843718434343435,0.9513541650756543,0.7129267695859824,,0.0,0.6826388888888889,0.0
v1.0,v1.0,v1.0,A0_attack_only,D_oracle,P_no_containment,17,0.5168450126262627,0.9348921740082264,0.8524649341194211,,0.0,0.8319444444444445,0.0
v1.0,v1.0,v1.0,A0_attack_only,D_oracle,P_no_containment,18,0.5265814393939394,0.9372657634179486,0.8323454778378556,,0.0,0.8104166666666667,0.0
v1.0,v1.0,v1.0,A0_attack_only,D_oracle,P_no_containment,19,0.5404008838383839,0.9406347290317478,0.8037888302124077,,0.0,0.7798611111111111,0.0
v1.0,v1.0,v1.0,A0_attack_only,D_oracle,P_no_containment,20,0.5312926136363637,0.9384142744226529,0.8226102570564529,,0.0,0.8,0.0
v1.0,v1.0,v1.0,A0_attack_only,D_oracle,P_no_containment,21,0.5429135101010102,0.9412472682342568,0.7985967124623261,,0.0,0.7743055555555556,0.0
v1.0,v1.0,v1.0,A0_attack_only,D_oracle,P_no_containment,22,0.5686679292929294,0.9475257950599734,0.7453775055239915,,0.0,0.7173611111111111,0.0
v1.0,v1.0,v1.0,A0_attack_only,D_oracle,P_no_containment,23,0.5463683712121212,0.9420895096377064,0.7914575505559643,,0.0,0.7666666666666667,0.0
v1.0,v1.0,v1.0,A0_attack_only,D_oracle,P_no_containment,24,0.5774621212121211,0.9496696822687547,0.7272050933987065,,0.0,0.6979166666666666,0.0
v1.0,v1.0,v1.0,A0_attack_only,D_oracle,P_no_containment,25,0.587198547979798,0.9520432716784768,0.707085637117141,,0.0,0.6763888888888889,0.0
v1.0,v1.0,v1.0,A0_attack_only,D_oracle,P_no_containment,26,0.5589315025252526,0.9451522056502512,0.7654969618055572,,0.0,0.7388888888888889,0.0
v1.0,v1.0,v1.0,A0_attack_only,D_oracle,P_no_containment,27,0.5268955176767678,0.9373423308182623,0.8316964631190952,,0.0,0.8097222222222222,0.0
v1.0,v1.0,v1.0,A0_attack_only,D_oracle,P_no_containment,28,0.5275236742424243,0.9374954656188894,0.8303984336815751,,0.0,0.8083333333333333,0.0
v1.0,v1.0,v1.0,A0_attack_only,D_oracle,P_no_containment,29,0.5630145202020203,0.9461475818543282,0.7570597704616747,,0.0,0.7298611111111111,0.0
v1.0,v1.0,v1.0,A0_attack_only,D_oracle,P_no_containment,30,0.5777761994949496,0.9497462496690683,0.7265560786799462,,0.0,0.6972222222222222,0.0
v1.0,v1.0,v1.0,A0_attack_only,D_oracle,P_no_containment,31,0.5529640151515152,0.9436974250442925,0.7778282414620004,,0.0,0.7520833333333333,0.0
v1.0,v1.0,v1.0,A0_attack_only,D_oracle,P_no_containment,32,0.5875126262626262,0.9521198390787905,0.7064366223983807,,0.0,0.6756944444444445,0.0
v1.0,v1.0,v1.0,A0_attack_only,D_oracle,P_no_containment,33,0.5425994318181818,0.941170700833943,0.7992457271810866,,0.0,0.775,0.0
v1.0,v1.0,v1.0,A0_attack_only,D_oracle,P_no_containment,34,0.5177872474747476,0.9351218762091673,0.8505178899631405,,0.0,0.8298611111111112,0.0
v1.0,v1.0,v1.0,A0_attack_only,D_oracle,P_no_containment,35,0.5843718434343435,0.9513541650756543,0.7129267695859824,,0.0,0.6826388888888889,0.0
v1.0,v1.0,v1.0,A0_attack_only,D_oracle,P_no_containment,36,0.5466824494949495,0.9421660770380201,0.7908085358372041,,0.0,0.7659722222222223,0.0
v1.0,v1.0,v1.0,A0_attack_only,D_oracle,P_no_containment,37,0.566155303030303,0.9469132558574644,0.750569623274073,,0.0,0.7229166666666667,0.0
v1.0,v1.0,v1.0,A0_attack_only,D_oracle,P_no_containment,38,0.5369460227272729,0.9397924876282979,0.8109279921187695,,0.0,0.7875,0.0
v1.0,v1.0,v1.0,A0_attack_only,D_oracle,P_no_containment,39,0.5284659090909091,0.9377251678198304,0.8284513895252945,,0.0,0.80625,0.0
v1.0,v1.0,v1.0,A0_attack_only,D_oracle,P_aggressive,0,0.7114315025252527,0.9998375021001344,0.3763329393990304,,0.8416666666666667,0.009722222222222222,0.0
v1.0,v1.0,v1.0,A0_attack_only,D_oracle,P_aggressive,1,0.7238131313131313,0.9998375021001344,0.3587082550555962,,0.7916666666666666,0.009027777777777777,0.0
v1.0,v1.0,v1.0,A0_attack_only,D_oracle,P_aggressive,2,0.6897569444444446,0.9998375021001344,0.4067574974798385,,0.9243055555555556,0.011111111111111112,0.0
v1.0,v1.0,v1.0,A0_attack_only,D_oracle,P_aggressive,3,0.6984832702020203,0.9998375021001344,0.3965728383889295,,0.9097222222222222,0.011111111111111112,0.0
v1.0,v1.0,v1.0,A0_attack_only,D_oracle,P_aggressive,4,0.7272380050505051,0.9998375021001344,0.35264449242933354,,0.7652777777777777,0.009027777777777777,0.0
v1.0,v1.0,v1.0,A0_attack_only,D_oracle,P_aggressive,5,0.686668244949495,0.9998375021001344,0.4116517525303437,,0.9423611111111111,0.011111111111111112,0.0
v1.0,v1.0,v1.0,A0_attack_only,D_oracle,P_aggressive,6,0.7114315025252527,0.9998375021001344,0.37619405051014154,,0.8402777777777778,0.009722222222222222,0.0
v1.0,v1.0,v1.0,A0_attack_only,D_oracle,P_aggressive,7,0.7232339015151517,0.9998375021001344,0.3609194292980203,,0.8055555555555556,0.009722222222222222,0.0
v1.0,v1.0,v1.0,A0_attack_only,D_oracle,P_aggressive,8,0.6985905934343435,0.9998375021001344,0.3952849596010507,,0.8979166666666667,0.011111111111111112,0.0
v1.0,v1.0,v1.0,A0_attack_only,D_oracle,P_aggressive,9,0.735653409090909,0.9998375021001344,0.3425624217222629,,0.7486111111111111,0.009027777777777777,0.0
v1.0,v1.0,v1.0,A0_attack_only,D_oracle,P_aggressive,10,0.6990498737373738,0.9998375021001344,0.3940270681869093,,0.8923611111111112,0.010416666666666666,0.0
v1.0,v1.0,v1.0,A0_attack_only,D_oracle,P_aggressive,11,0.7238131313131314,0.9998375021001344,0.35780547727781836,,0.7826388888888889,0.009027777777777777,0.0
v1.0,v1.0,v1.0,A0_attack_only,D_oracle,P_aggressive,12,0.7356723484848484,0.9998375021001344,0.34233514899499023,,0.7465277777777778,0.009027777777777777,0.0
v1.0,v1.0,v1.0,A0_attack_only,D_oracle,P_aggressive,13,0.7238194444444445,0.9998375021001344,0.35738249747983863,,0.7784722222222222,0.009027777777777777,0.0
v1.0,v1.0,v1.0,A0_attack_only,D_oracle,P_aggressive,14,0.7186631944444445,0.9997833361335126,0.3661801355286738,,0.8118055555555556,0.009722222222222222,0.0
v1.0,v1.0,v1.0,A0_attack_only,D_oracle,P_aggressive,15,0.7232717803030302,0.9998375021001344,0.3604648838434751,,0.8013888888888889,0.009722222222222222,0.0
v1.0,v1.0,v1.0,A0_attack_only,D_oracle,P_aggressive,16,0.7238841540404041,0.9998375021001344,0.3571788989949901,,0.7770833333333333,0.009027777777777777,0.0
v1.0,v1.0,v1.0,A0_attack_only,D_oracle,P_aggressive,17,0.6897569444444446,0.9998375021001344,0.4067574974798385,,0.9243055555555556,0.011111111111111112,0.0
v1.0,v1.0,v1.0,A0_attack_only,D_oracle,P_aggressive,18,0.6985464015151516,0.9998375021001344,0.39581526263135375,,0.9027777777777778,0.011111111111111112,0.0
v1.0,v1.0,v1.0,A0_attack_only,D_oracle,P_aggressive,19,0.7015183080808082,0.9998375021001344,0.3896141893990305,,0.8729166666666667,0.010416666666666666,0.0
v1.0,v1.0,v1.0,A0_attack_only,D_oracle,P_aggressive,20,0.6990498737373738,0.9998375021001344,0.39409651263135376,,0.8930555555555556,0.010416666666666666,0.0
v1.0,v1.0,v1.0,A0_attack_only,D_oracle,P_aggressive,21,0.7044160353535354,0.9997833361335126,0.38622590573069404,,0.8673611111111111,0.010416666666666666,0.0
v1.0,v1.0,v1.0,A0_attack_only,D_oracle,P_aggressive,22,0.7191729797979798,0.9997833361335126,0.36560090573069404,,0.8111111111111111,0.009722222222222222,0.0
v1.0,v1.0,v1.0,A0_attack_only,D_oracle,P_aggressive,23,0.7102146464646465,0.9998375021001344,0.3795984065707477,,0.8597222222222223,0.010416666666666666,0.0
v1.0,v1.0,v1.0,A0_attack_only,D_oracle,P_aggressive,24,0.723499053030303,0.9998375021001344,0.35926538889398,,0.7916666666666666,0.009722222222222222,0.0
v1.0,v1.0,v1.0,A0_attack_only,D_oracle,P_aggressive,25,0.7250347222222222,0.9998375021001344,0.355403330813172,,0.7708333333333334,0.009027777777777777,0.0
v1.0,v1.0,v1.0,A0_attack_only,D_oracle,P_aggressive,26,0.7114315025252527,0.9998375021001344,0.37543016162125264,,0.8326388888888889,0.009722222222222222,0.0
v1.0,v1.0,v1.0,A0_attack_only,D_oracle,P_aggressive,27,0.6985527146464647,0.9998375021001344,0.39573950505559613,,0.9020833333333333,0.011111111111111112,0.0
v1.0,v1.0,v1.0,A0_attack_only,D_oracle,P_aggressive,28,0.6985653409090911,0.9998375021001344,0.3955879899040809,,0.9006944444444445,0.011111111111111112,0.0
v1.0,v1.0,v1.0,A0_attack_only,D_oracle,P_aggressive,29,0.7126530934343436,0.9998375021001344,0.37330579293438393,,0.8236111111111111,0.009722222222222222,0.0
v1.0,v1.0,v1.0,A0_attack_only,D_oracle,P_aggressive,30,0.7238131313131313,0.9998375021001344,0.3587082550555962,,0.7916666666666666,0.009027777777777777,0.0
v1.0,v1.0,v1.0,A0_attack_only,D_oracle,P_aggressive,31,0.7109722222222222,0.9998375021001344,0.37738249747983865,,0.8451388888888889,0.010416666666666666,0.0
v1.0,v1.0,v1.0,A0_attack_only,D_oracle,P_aggressive,32,0.7252493686868687,0.9998375021001344,0.355119239904081,,0.7701388888888889,0.009027777777777777,0.0
v1.0,v1.0,v1.0,A0_attack_only,D_oracle,P_aggressive,33,0.7039930555555556,0.9997833361335126,0.3867183299731183,,0.8680555555555556,0.010416666666666666,0.0
v1.0,v1.0,v1.0,A0_attack_only,D_oracle,P_aggressive,34,0.6908175505050506,0.9998375021001344,0.4054885580858992,,0.9222222222222223,0.011111111111111112,0.0
v1.0,v1.0,v1.0,A0_attack_only,D_oracle,P_aggressive,35,0.7238841540404041,0.9998375021001344,0.3571788989949901,,0.7770833333333333,0.009027777777777777,0.0
v1.0,v1.0,v1.0,A0_attack_only,D_oracle,P_aggressive,36,0.7108459595959596,0.9998375021001344,0.3788976489949901,,0.8590277777777777,0.010416666666666666,0.0
v1.0,v1.0,v1.0,A0_attack_only,D_oracle,P_aggressive,37,0.7155808080808082,0.9998375021001344,0.3696836338434749,,0.8166666666666667,0.009722222222222222,0.0
v1.0,v1.0,v1.0,A0_attack_only,D_oracle,P_aggressive,38,0.6993481691919192,0.9998375021001344,0.3925482171768083,,0.8805555555555555,0.010416666666666666,0.0
v1.0,v1.0,v1.0,A0_attack_only,D_oracle,P_aggressive,39,0.6985842803030303,0.9998375021001344,0.3953607171768083,,0.8986111111111111,0.011111111111111112,0.0
v1.0,v1.0,v1.0,A0_attack_only,D_oracle,P_conservative,0,0.7370722853535353,0.9998916680667562,0.3500716018552461,,0.8409722222222222,0.008333333333333333,0.0
v1.0,v1.0,v1.0,A0_attack_only,D_oracle,P_conservative,1,0.7490261994949495,0.9998375021001344,0.3331132424293336,,0.7902777777777777,0.008333333333333333,0.0
v1.0,v1.0,v1.0,A0_attack_only,D_oracle,P_conservative,2,0.7242881944444444,0.9998375021001344,0.37167069192428315,,0.9236111111111112,0.009722222222222222,0.0
v1.0,v1.0,v1.0,A0_attack_only,D_oracle,P_conservative,3,0.7244207702020203,0.9998375021001344,0.37007978283337384,,0.9090277777777778,0.009722222222222222,0.0
v1.0,v1.0,v1.0,A0_attack_only,D_oracle,P_conservative,4,0.7506060606060607,0.9998375021001344,0.32872088131822236,,0.7645833333333333,0.007638888888888889,0.0
v1.0,v1.0,v1.0,A0_attack_only,D_oracle,P_conservative,5,0.7152178030303032,0.9998375021001344,0.38254663889397983,,0.9416666666666667,0.009722222222222222,0.0
v1.0,v1.0,v1.0,A0_attack_only,D_oracle,P_conservative,6,0.7370722853535353,0.9998916680667562,0.34993271296635725,,0.8395833333333333,0.008333333333333333,0.0
v1.0,v1.0,v1.0,A0_attack_only,D_oracle,P_conservative,7,0.7488936237373739,0.9998375021001344,0.3347041515202426,,0.8048611111111111,0.008333333333333333,0.0
v1.0,v1.0,v1.0,A0_attack_only,D_oracle,P_conservative,8,0.724760101010101,0.9998916680667562,0.3683212861986804,,0.8979166666666667,0.009027777777777777,0.0
v1.0,v1.0,v1.0,A0_attack_only,D_oracle,P_conservative,9,0.7605492424242425,0.9998375021001344,0.31711103283337394,,0.7479166666666667,0.007638888888888889,0.0
v1.0,v1.0,v1.0,A0_attack_only,D_oracle,P_conservative,10,0.7248311237373738,0.9998375021001344,0.36769026263135374,,0.8916666666666667,0.009027777777777777,0.0
v1.0,v1.0,v1.0,A0_attack_only,D_oracle,P_conservative,11,0.7493844696969698,0.9998916680667562,0.33161358417847825,,0.7819444444444444,0.007638888888888889,0.0
v1.0,v1.0,v1.0,A0_attack_only,D_oracle,P_conservative,12,0.7611931818181817,0.9998375021001344,0.3162587601061013,,0.7458333333333333,0.007638888888888889,0.0
v1.0,v1.0,v1.0,A0_attack_only,D_oracle,P_conservative,13,0.7493844696969698,0.9998916680667562,0.3311969175118116,,0.7777777777777778,0.007638888888888889,0.0
v1.0,v1.0,v1.0,A0_attack_only,D_oracle,P_conservative,14,0.7458854166666669,0.9998375021001344,0.3383373585909496,,0.8111111111111111,0.008333333333333333,0.0
v1.0,v1.0,v1.0,A0_attack_only,D_oracle,P_conservative,15,0.7489315025252526,0.9998375021001344,0.33424960606569715,,0.8006944444444445,0.008333333333333333,0.0
v1.0,v1.0,v1.0,A0_attack_only,D_oracle,P_conservative,16,0.7493844696969698,0.9998916680667562,0.33105802862292266,,0.7763888888888889,0.007638888888888889,0.0
v1.0,v1.0,v1.0,A0_attack_only,D_oracle,P_conservative,17,0.7242881944444444,0.9998375021001344,0.37167069192428315,,0.9236111111111112,0.009722222222222222,0.0
v1.0,v1.0,v1.0,A0_attack_only,D_oracle,P_conservative,18,0.724760101010101,0.9998916680667562,0.3688073973097915,,0.9027777777777778,0.009027777777777777,0.0
v1.0,v1.0,v1.0,A0_attack_only,D_oracle,P_conservative,19,0.7330287247474748,0.9998375021001344,0.35754821717680824,,0.8722222222222222,0.009027777777777777,0.0
v1.0,v1.0,v1.0,A0_attack_only,D_oracle,P_conservative,20,0.7247900883838385,0.9998375021001344,0.36780074242933347,,0.8923611111111112,0.009027777777777777,0.0
v1.0,v1.0,v1.0,A0_attack_only,D_oracle,P_conservative,21,0.7365688131313132,0.9998375021001344,0.35345257323741436,,0.8666666666666667,0.009027777777777777,0.0
v1.0,v1.0,v1.0,A0_attack_only,D_oracle,P_conservative,22,0.7464472853535353,0.9998375021001344,0.3377060454596367,,0.8104166666666667,0.008333333333333333,0.0
v1.0,v1.0,v1.0,A0_attack_only,D_oracle,P_conservative,23,0.7366382575757575,0.9998375021001344,0.3526192399040811,,0.8590277777777777,0.009027777777777777,0.0
v1.0,v1.0,v1.0,A0_attack_only,D_oracle,P_conservative,24,0.7490198863636364,0.9998375021001344,0.33318900000509116,,0.7909722222222222,0.008333333333333333,0.0
v1.0,v1.0,v1.0,A0_attack_only,D_oracle,P_conservative,25,0.7495138888888888,0.9998375021001344,0.3303686085909498,,0.7701388888888889,0.007638888888888889,0.0
v1.0,v1.0,v1.0,A0_attack_only,D_oracle,P_conservative,26,0.7371022727272728,0.9998375021001344,0.349203835863677,,0.8319444444444445,0.008333333333333333,0.0
v1.0,v1.0,v1.0,A0_attack_only,D_oracle,P_conservative,27,0.7247601010101012,0.9998916680667562,0.36873795286534683,,0.9020833333333333,0.009027777777777777,0.0
v1.0,v1.0,v1.0,A0_attack_only,D_oracle,P_conservative,28,0.724760101010101,0.9998916680667562,0.3685990639764582,,0.9006944444444445,0.009027777777777777,0.0
v1.0,v1.0,v1.0,A0_attack_only,D_oracle,P_conservative,29,0.7389898989898989,0.9998375021001344,0.3464134318232731,,0.8229166666666666,0.008333333333333333,0.0
v1.0,v1.0,v1.0,A0_attack_only,D_oracle,P_conservative,30,0.7490261994949495,0.9998375021001344,0.3331132424293336,,0.7902777777777777,0.008333333333333333,0.0
v1.0,v1.0,v1.0,A0_attack_only,D_oracle,P_conservative,31,0.7370722853535353,0.9998916680667562,0.3504882685219128,,0.8451388888888889,0.008333333333333333,0.0
v1.0,v1.0,v1.0,A0_attack_only,D_oracle,P_conservative,32,0.7495896464646465,0.9998375021001344,0.33022340657074767,,0.7694444444444445,0.007638888888888889,0.0
v1.0,v1.0,v1.0,A0_attack_only,D_oracle,P_conservative,33,0.7365625,0.9998375021001344,0.353528330813172,,0.8673611111111111,0.009027777777777777,0.0
v1.0,v1.0,v1.0,A0_attack_only,D_oracle,P_conservative,34,0.7243071338383837,0.9998375021001344,0.3714434191970104,,0.9215277777777777,0.009722222222222222,0.0
v1.0,v1.0,v1.0,A0_attack_only,D_oracle,P_conservative,35,0.7493844696969698,0.9998916680667562,0.33105802862292266,,0.7763888888888889,0.007638888888888889,0.0
v1.0,v1.0,v1.0,A0_attack_only,D_oracle,P_conservative,36,0.7366445707070707,0.9998375021001344,0.3525434823283235,,0.8583333333333333,0.009027777777777777,0.0
v1.0,v1.0,v1.0,A0_attack_only,D_oracle,P_conservative,37,0.742438446969697,0.9998375021001344,0.34227043939903057,,0.8159722222222222,0.008333333333333333,0.0
v1.0,v1.0,v1.0,A0_attack_only,D_oracle,P_conservative,38,0.7281849747474749,0.9998375021001344,0.36315585606569706,,0.8798611111111111,0.009027777777777777,0.0
v1.0,v1.0,v1.0,A0_attack_only,D_oracle,P_conservative,39,0.724760101010101,0.9998916680667562,0.36839073064312483,,0.8986111111111111,0.009027777777777777,0.0
v1.0,v1.0,v1.0,A1_grid_cap_plus_attack,D0_weak,P_alpha0.15,0,0.5263087121212121,1.0,0.6762607323232324,,0.23680555555555555,0.5111111111111111,0.0
v1.0,v1.0,v1.0,A1_grid_cap_plus_attack,D0_weak,P_alpha0.15,1,0.5767759469696969,1.0,0.5934671085858586,,0.2951388888888889,0.40208333333333335,0.0
v1.0,v1.0,v1.0,A1_grid_cap_plus_attack,D0_weak,P_alpha0.15,2,0.46069236111111117,1.0,0.7869118055555555,,0.17430555555555555,0.6576388888888889,0.0
v1.0,v1.0,v1.0,A1_grid_cap_plus_attack,D0_weak,P_alpha0.15,3,0.5212243055555557,1.0,0.6783937499999999,,0.3458333333333333,0.47152777777777777,0.0
v1.0,v1.0,v1.0,A1_grid_cap_plus_attack,D0_weak,P_alpha0.15,4,0.5299608585858586,1.0,0.6760113636363636,,0.11527777777777778,0.5555555555555556,0.0
v1.0,v1.0,v1.0,A1_grid_cap_plus_attack,D0_weak,P_alpha0.15,5,0.5667263888888889,1.0,0.600773611111111,,0.5763888888888888,0.3138888888888889,0.0
v1.0,v1.0,v1.0,A1_grid_cap_plus_attack,D0_weak,P_alpha0.15,6,0.5240770202020203,1.0,0.679568813131313,,0.23055555555555557,0.5159722222222223,0.0
v1.0,v1.0,v1.0,A1_grid_cap_plus_attack,D0_weak,P_alpha0.15,7,0.5576954545454545,1.0,0.6193878787878788,,0.2881944444444444,0.4236111111111111,0.0
v1.0,v1.0,v1.0,A1_grid_cap_plus_attack,D0_weak,P_alpha0.15,8,0.5305700126262626,1.0,0.6649160984848485,,0.3458333333333333,0.4597222222222222,0.0
v1.0,v1.0,v1.0,A1_grid_cap_plus_attack,D0_weak,P_alpha0.15,9,0.5728743055555555,1.0,0.598445138888889,,0.23055555555555557,0.4236111111111111,0.0
v1.0,v1.0,v1.0,A1_grid_cap_plus_attack,D0_weak,P_alpha0.15,10,0.5053049242424243,1.0,0.7051811868686868,,0.27708333333333335,0.5222222222222223,0.0
v1.0,v1.0,v1.0,A1_grid_cap_plus_attack,D0_weak,P_alpha0.15,11,0.6187054924242423,1.0,0.5241070075757577,,0.47291666666666665,0.27291666666666664,0.0
v1.0,v1.0,v1.0,A1_grid_cap_plus_attack,D0_weak,P_alpha0.15,12,0.6156753787878787,1.0,0.5254010101010101,,0.3486111111111111,0.3034722222222222,0.0
v1.0,v1.0,v1.0,A1_grid_cap_plus_attack,D0_weak,P_alpha0.15,13,0.5945427398989899,1.0,0.5618114267676768,,0.3458333333333333,0.34791666666666665,0.0
v1.0,v1.0,v1.0,A1_grid_cap_plus_attack,D0_weak,P_alpha0.15,14,0.5888181186868687,1.0,0.5647582702020202,,0.3909722222222222,0.32708333333333334,0.0
v1.0,v1.0,v1.0,A1_grid_cap_plus_attack,D0_weak,P_alpha0.15,15,0.5664207702020202,1.0,0.6122945075757575,,0.33125,0.41597222222222224,0.0
v1.0,v1.0,v1.0,A1_grid_cap_plus_attack,D0_weak,P_alpha0.15,16,0.5385029671717171,1.0,0.6571914772727273,,0.17291666666666666,0.5097222222222222,0.0
v1.0,v1.0,v1.0,A1_grid_cap_plus_attack,D0_weak,P_alpha0.15,17,0.4880857954545455,1.0,0.7385114267676768,,0.25833333333333336,0.5736111111111111,0.0
v1.0,v1.0,v1.0,A1_grid_cap_plus_attack,D0_weak,P_alpha0.15,18,0.5426665404040404,1.0,0.6458751262626262,,0.46111111111111114,0.40694444444444444,0.0
v1.0,v1.0,v1.0,A1_grid_cap_plus_attack,D0_weak,P_alpha0.15,19,0.5044131313131314,1.0,0.7108993686868686,,0.23055555555555557,0.5493055555555556,0.0
v1.0,v1.0,v1.0,A1_grid_cap_plus_attack,D0_weak,P_alpha0.15,20,0.5555524621212121,1.0,0.6235794823232323,,0.40347222222222223,0.39652777777777776,0.0
v1.0,v1.0,v1.0,A1_grid_cap_plus_attack,D0_weak,P_alpha0.15,21,0.5269968434343435,1.0,0.679308712121212,,0.2881944444444444,0.5013888888888889,1.0
v1.0,v1.0,v1.0,A1_grid_cap_plus_attack,D0_weak,P_alpha0.15,22,0.6023138888888888,1.0,0.5451166666666667,,0.42916666666666664,0.2986111111111111,0.0
v1.0,v1.0,v1.0,A1_grid_cap_plus_attack,D0_weak,P_alpha0.15,23,0.5302795454545455,1.0,0.6660051767676768,,0.2881944444444444,0.47847222222222224,0.0
v1.0,v1.0,v1.0,A1_grid_cap_plus_attack,D0_weak,P_alpha0.15,24,0.5680006313131314,1.0,0.6040479797979798,,0.28888888888888886,0.40902777777777777,0.0
v1.0,v1.0,v1.0,A1_grid_cap_plus_attack,D0_weak,P_alpha0.15,25,0.5874013888888889,1.0,0.5684319444444444,,0.3236111111111111,0.3527777777777778,0.0
v1.0,v1.0,v1.0,A1_grid_cap_plus_attack,D0_weak,P_alpha0.15,26,0.590165909090909,1.0,0.5645215909090909,,0.44583333333333336,0.3145833333333333,0.0
v1.0,v1.0,v1.0,A1_grid_cap_plus_attack,D0_weak,P_alpha0.15,27,0.5259450126262627,1.0,0.6699924873737373,,0.4305555555555556,0.43680555555555556,0.0
v1.0,v1.0,v1.0,A1_grid_cap_plus_attack,D0_weak,P_alpha0.15,28,0.5123439393939394,1.0,0.6986977272727272,,0.2875,0.5208333333333334,0.0
v1.0,v1.0,v1.0,A1_grid_cap_plus_attack,D0_weak,P_alpha0.15,29,0.5800231691919192,1.0,0.5881087752525253,,0.36527777777777776,0.3645833333333333,2.0
v1.0,v1.0,v1.0,A1_grid_cap_plus_attack,D0_weak,P_alpha0.15,30,0.5478300505050506,1.0,0.6443227272727272,,0.2881944444444444,0.4666666666666667,0.0
v1.0,v1.0,v1.0,A1_grid_cap_plus_attack,D0_weak,P_alpha0.15,31,0.5676496212121213,1.0,0.6083781565656565,,0.40347222222222223,0.3819444444444444,1.0
v1.0,v1.0,v1.0,A1_grid_cap_plus_attack,D0_weak,P_alpha0.15,32,0.5709546717171717,1.0,0.6025175505050505,,0.2520833333333333,0.4236111111111111,0.0
v1.0,v1.0,v1.0,A1_grid_cap_plus_attack,D0_weak,P_alpha0.15,33,0.5835607954545455,1.0,0.5792864267676766,,0.5104166666666666,0.3194444444444444,0.0
v1.0,v1.0,v1.0,A1_grid_cap_plus_attack,D0_weak,P_alpha0.15,34,0.5108365530303031,1.0,0.6989203914141413,,0.40347222222222223,0.4840277777777778,0.0
v1.0,v1.0,v1.0,A1_grid_cap_plus_attack,D0_weak,P_alpha0.15,35,0.6077180555555556,1.0,0.5338097222222222,,0.38958333333333334,0.29305555555555557,0.0
v1.0,v1.0,v1.0,A1_grid_cap_plus_attack,D0_weak,P_alpha0.15,36,0.5203695707070707,1.0,0.6825332070707071,,0.26875,0.49722222222222223,1.0
v1.0,v1.0,v1.0,A1_grid_cap_plus_attack,D0_weak,P_alpha0.15,37,0.5361594065656566,1.0,0.6592225378787878,,0.23055555555555557,0.49236111111111114,0.0
v1.0,v1.0,v1.0,A1_grid_cap_plus_attack,D0_weak,P_alpha0.15,38,0.49623289141414145,1.0,0.729287941919192,,0.23055555555555557,0.5784722222222223,0.0
v1.0,v1.0,v1.0,A1_grid_cap_plus_attack,D0_weak,P_alpha0.15,39,0.5650933080808082,1.0,0.6025108585858585,,0.4583333333333333,0.34791666666666665,0.0
v1.0,v1.0,v1.0,A1_grid_cap_plus_attack,D0_weak,P_alpha0.30,0,0.5263087121212121,1.0,0.6762607323232324,,0.23680555555555555,0.5111111111111111,0.0
v1.0,v1.0,v1.0,A1_grid_cap_plus_attack,D0_weak,P_alpha0.30,1,0.5767759469696969,1.0,0.5934671085858586,,0.2951388888888889,0.40208333333333335,0.0
v1.0,v1.0,v1.0,A1_grid_cap_plus_attack,D0_weak,P_alpha0.30,2,0.46069236111111117,1.0,0.7869118055555555,,0.17430555555555555,0.6576388888888889,0.0
v1.0,v1.0,v1.0,A1_grid_cap_plus_attack,D0_weak,P_alpha0.30,3,0.5212243055555557,1.0,0.6783937499999999,,0.3458333333333333,0.47152777777777777,0.0
v1.0,v1.0,v1.0,A1_grid_cap_plus_attack,D0_weak,P_alpha0.30,4,0.5299608585858586,1.0,0.6760113636363636,,0.11527777777777778,0.5555555555555556,0.0
v1.0,v1.0,v1.0,A1_grid_cap_plus_attack,D0_weak,P_alpha0.30,5,0.5667263888888889,1.0,0.600773611111111,,0.5763888888888888,0.3138888888888889,0.0
v1.0,v1.0,v1.0,A1_grid_cap_plus_attack,D0_weak,P_alpha0.30,6,0.5240770202020202,1.0,0.6795688131313131,,0.23055555555555557,0.5159722222222223,0.0
v1.0,v1.0,v1.0,A1_grid_cap_plus_attack,D0_weak,P_alpha0.30,7,0.5576954545454544,1.0,0.6193878787878789,,0.2881944444444444,0.4236111111111111,0.0
v1.0,v1.0,v1.0,A1_grid_cap_plus_attack,D0_weak,P_alpha0.30,8,0.5305700126262626,1.0,0.6649160984848485,,0.3458333333333333,0.4597222222222222,0.0
v1.0,v1.0,v1.0,A1_grid_cap_plus_attack,D0_weak,P_alpha0.30,9,0.5728743055555555,1.0,0.598445138888889,,0.23055555555555557,0.4236111111111111,0.0
v1.0,v1.0,v1.0,A1_grid_cap_plus_attack,D0_weak,P_alpha0.30,10,0.5053049242424243,1.0,0.7051811868686868,,0.27708333333333335,0.5222222222222223,0.0
v1.0,v1.0,v1.0,A1_grid_cap_plus_attack,D0_weak,P_alpha0.30,11,0.6187054924242423,1.0,0.5241070075757577,,0.47291666666666665,0.27291666666666664,0.0
v1.0,v1.0,v1.0,A1_grid_cap_plus_attack,D0_weak,P_alpha0.30,12,0.6156753787878787,1.0,0.5254010101010101,,0.3486111111111111,0.3034722222222222,0.0
v1.0,v1.0,v1.0,A1_grid_cap_plus_attack,D0_weak,P_alpha0.30,13,0.5945427398989899,1.0,0.5618114267676768,,0.3458333333333333,0.34791666666666665,0.0
v1.0,v1.0,v1.0,A1_grid_cap_plus_attack,D0_weak,P_alpha0.30,14,0.5888181186868687,1.0,0.5647582702020202,,0.3909722222222222,0.32708333333333334,0.0
v1.0,v1.0,v1.0,A1_grid_cap_plus_attack,D0_weak,P_alpha0.30,15,0.5664207702020202,1.0,0.6122945075757575,,0.33125,0.41597222222222224,0.0
v1.0,v1.0,v1.0,A1_grid_cap_plus_attack,D0_weak,P_alpha0.30,16,0.5385029671717171,1.0,0.6571914772727273,,0.17291666666666666,0.5097222222222222,0.0
v1.0,v1.0,v1.0,A1_grid_cap_plus_attack,D0_weak,P_alpha0.30,17,0.4880857954545455,1.0,0.7385114267676768,,0.25833333333333336,0.5736111111111111,0.0
v1.0,v1.0,v1.0,A1_grid_cap_plus_attack,D0_weak,P_alpha0.30,18,0.5426665404040404,1.0,0.6458751262626262,,0.46111111111111114,0.40694444444444444,0.0
v1.0,v1.0,v1.0,A1_grid_cap_plus_attack,D0_weak,P_alpha0.30,19,0.5044131313131314,1.0,0.7108993686868686,,0.23055555555555557,0.5493055555555556,0.0
v1.0,v1.0,v1.0,A1_grid_cap_plus_attack,D0_weak,P_alpha0.30,20,0.5555524621212121,1.0,0.6235794823232323,,0.40347222222222223,0.39652777777777776,0.0
v1.0,v1.0,v1.0,A1_grid_cap_plus_attack,D0_weak,P_alpha0.30,21,0.5269968434343434,1.0,0.6793087121212121,,0.2881944444444444,0.5013888888888889,1.0
v1.0,v1.0,v1.0,A1_grid_cap_plus_attack,D0_weak,P_alpha0.30,22,0.6023138888888888,1.0,0.5451166666666667,,0.42916666666666664,0.2986111111111111,0.0
v1.0,v1.0,v1.0,A1_grid_cap_plus_attack,D0_weak,P_alpha0.30,23,0.5302795454545455,1.0,0.6660051767676768,,0.2881944444444444,0.47847222222222224,0.0
v1.0,v1.0,v1.0,A1_grid_cap_plus_attack,D0_weak,P_alpha0.30,24,0.5680006313131313,1.0,0.6040479797979799,,0.28888888888888886,0.40902777777777777,0.0
v1.0,v1.0,v1.0,A1_grid_cap_plus_attack,D0_weak,P_alpha0.30,25,0.5874013888888889,1.0,0.5684319444444444,,0.3236111111111111,0.3527777777777778,0.0
v1.0,v1.0,v1.0,A1_grid_cap_plus_attack,D0_weak,P_alpha0.30,26,0.590165909090909,1.0,0.5645215909090909,,0.44583333333333336,0.3145833333333333,0.0
v1.0,v1.0,v1.0,A1_grid_cap_plus_attack,D0_weak,P_alpha0.30,27,0.5259450126262627,1.0,0.6699924873737373,,0.4305555555555556,0.43680555555555556,0.0
v1.0,v1.0,v1.0,A1_grid_cap_plus_attack,D0_weak,P_alpha0.30,28,0.5123439393939394,1.0,0.6986977272727272,,0.2875,0.5208333333333334,0.0
v1.0,v1.0,v1.0,A1_grid_cap_plus_attack,D0_weak,P_alpha0.30,29,0.5800231691919192,1.0,0.5881087752525253,,0.36527777777777776,0.3645833333333333,2.0
v1.0,v1.0,v1.0,A1_grid_cap_plus_attack,D0_weak,P_alpha0.30,30,0.5478300505050506,1.0,0.6443227272727272,,0.2881944444444444,0.4666666666666667,0.0
v1.0,v1.0,v1.0,A1_grid_cap_plus_attack,D0_weak,P_alpha0.30,31,0.5676496212121213,1.0,0.6083781565656565,,0.40347222222222223,0.3819444444444444,1.0
v1.0,v1.0,v1.0,A1_grid_cap_plus_attack,D0_weak,P_alpha0.30,32,0.5709546717171717,1.0,0.6025175505050505,,0.2520833333333333,0.4236111111111111,0.0
v1.0,v1.0,v1.0,A1_grid_cap_plus_attack,D0_weak,P_alpha0.30,33,0.5835607954545455,1.0,0.5792864267676766,,0.5104166666666666,0.3194444444444444,0.0
v1.0,v1.0,v1.0,A1_grid_cap_plus_attack,D0_weak,P_alpha0.30,34,0.5108365530303031,1.0,0.6989203914141413,,0.40347222222222223,0.4840277777777778,0.0
v1.0,v1.0,v1.0,A1_grid_cap_plus_attack,D0_weak,P_alpha0.30,35,0.6077180555555556,1.0,0.5338097222222222,,0.38958333333333334,0.29305555555555557,0.0
v1.0,v1.0,v1.0,A1_grid_cap_plus_attack,D0_weak,P_alpha0.30,36,0.5203695707070707,1.0,0.6825332070707071,,0.26875,0.49722222222222223,1.0
v1.0,v1.0,v1.0,A1_grid_cap_plus_attack,D0_weak,P_alpha0.30,37,0.5361594065656566,1.0,0.6592225378787878,,0.23055555555555557,0.49236111111111114,0.0
v1.0,v1.0,v1.0,A1_grid_cap_plus_attack,D0_weak,P_alpha0.30,38,0.49623289141414145,1.0,0.729287941919192,,0.23055555555555557,0.5784722222222223,0.0
v1.0,v1.0,v1.0,A1_grid_cap_plus_attack,D0_weak,P_alpha0.30,39,0.5650933080808082,1.0,0.6025108585858585,,0.4583333333333333,0.34791666666666665,0.0
v1.0,v1.0,v1.0,A1_grid_cap_plus_attack,D0_weak,P_alpha0.45,0,0.5272212121212121,1.0,0.6753482323232323,,0.23680555555555555,0.5111111111111111,0.0
v1.0,v1.0,v1.0,A1_grid_cap_plus_attack,D0_weak,P_alpha0.45,1,0.577962196969697,1.0,0.5922808585858585,,0.2951388888888889,0.40208333333333335,0.0
v1.0,v1.0,v1.0,A1_grid_cap_plus_attack,D0_weak,P_alpha0.45,2,0.46215236111111124,1.0,0.7854518055555554,,0.17430555555555555,0.6576388888888889,0.0
v1.0,v1.0,v1.0,A1_grid_cap_plus_attack,D0_weak,P_alpha0.45,3,0.5223358964646465,1.0,0.677282159090909,,0.3458333333333333,0.47152777777777777,0.0
v1.0,v1.0,v1.0,A1_grid_cap_plus_attack,D0_weak,P_alpha0.45,4,0.5319517676767678,1.0,0.6740204545454545,,0.11527777777777778,0.5555555555555556,0.0
v1.0,v1.0,v1.0,A1_grid_cap_plus_attack,D0_weak,P_alpha0.45,5,0.5671245707070707,1.0,0.6003754292929293,,0.5763888888888888,0.3138888888888889,0.0
v1.0,v1.0,v1.0,A1_grid_cap_plus_attack,D0_weak,P_alpha0.45,6,0.5260679292929293,1.0,0.677577904040404,,0.23055555555555557,0.5159722222222223,0.0
v1.0,v1.0,v1.0,A1_grid_cap_plus_attack,D0_weak,P_alpha0.45,7,0.5586328409090909,1.0,0.6184504924242424,,0.2881944444444444,0.4236111111111111,0.0
v1.0,v1.0,v1.0,A1_grid_cap_plus_attack,D0_weak,P_alpha0.45,8,0.531872398989899,1.0,0.663613712121212,,0.3458333333333333,0.4597222222222222,0.0
v1.0,v1.0,v1.0,A1_grid_cap_plus_attack,D0_weak,P_alpha0.45,9,0.5741766919191919,1.0,0.5971427525252526,,0.23055555555555557,0.4236111111111111,0.0
v1.0,v1.0,v1.0,A1_grid_cap_plus_attack,D0_weak,P_alpha0.45,10,0.5072958333333334,1.0,0.7031902777777778,,0.27708333333333335,0.5222222222222223,0.0
v1.0,v1.0,v1.0,A1_grid_cap_plus_attack,D0_weak,P_alpha0.45,11,0.6188299242424242,1.0,0.5239825757575758,,0.47291666666666665,0.27291666666666664,0.0
v1.0,v1.0,v1.0,A1_grid_cap_plus_attack,D0_weak,P_alpha0.45,12,0.6167040151515151,1.0,0.5243723737373738,,0.3486111111111111,0.3034722222222222,0.0
v1.0,v1.0,v1.0,A1_grid_cap_plus_attack,D0_weak,P_alpha0.45,13,0.5956709217171717,1.0,0.560683244949495,,0.3458333333333333,0.34791666666666665,0.0
v1.0,v1.0,v1.0,A1_grid_cap_plus_attack,D0_weak,P_alpha0.45,14,0.5901205050505051,1.0,0.5634558838383839,,0.3909722222222222,0.32708333333333334,0.0
v1.0,v1.0,v1.0,A1_grid_cap_plus_attack,D0_weak,P_alpha0.45,15,0.5684116792929292,1.0,0.6103035984848486,,0.33125,0.41597222222222224,0.0
v1.0,v1.0,v1.0,A1_grid_cap_plus_attack,D0_weak,P_alpha0.45,16,0.5402947853535354,1.0,0.655399659090909,,0.17291666666666666,0.5097222222222222,0.0
v1.0,v1.0,v1.0,A1_grid_cap_plus_attack,D0_weak,P_alpha0.45,17,0.48938818181818183,1.0,0.7372090404040404,,0.25833333333333336,0.5736111111111111,0.0
v1.0,v1.0,v1.0,A1_grid_cap_plus_attack,D0_weak,P_alpha0.45,18,0.5431144949494949,1.0,0.6454271717171717,,0.46111111111111114,0.40694444444444444,0.0
v1.0,v1.0,v1.0,A1_grid_cap_plus_attack,D0_weak,P_alpha0.45,19,0.5055081313131313,1.0,0.7098043686868687,,0.23055555555555557,0.5493055555555556,0.0
v1.0,v1.0,v1.0,A1_grid_cap_plus_attack,D0_weak,P_alpha0.45,20,0.5568216666666667,1.0,0.6223102777777778,,0.40347222222222223,0.39652777777777776,0.0
v1.0,v1.0,v1.0,A1_grid_cap_plus_attack,D0_weak,P_alpha0.45,21,0.5289877525252525,1.0,0.677317803030303,,0.2881944444444444,0.5013888888888889,1.0
v1.0,v1.0,v1.0,A1_grid_cap_plus_attack,D0_weak,P_alpha0.45,22,0.6029858207070706,1.0,0.5444447348484849,,0.42916666666666664,0.2986111111111111,0.0
v1.0,v1.0,v1.0,A1_grid_cap_plus_attack,D0_weak,P_alpha0.45,23,0.5308934090909091,1.0,0.6653913131313132,,0.2881944444444444,0.47847222222222224,0.0
v1.0,v1.0,v1.0,A1_grid_cap_plus_attack,D0_weak,P_alpha0.45,24,0.5699915404040404,1.0,0.6020570707070707,,0.28888888888888886,0.40902777777777777,0.0
v1.0,v1.0,v1.0,A1_grid_cap_plus_attack,D0_weak,P_alpha0.45,25,0.5888033207070708,1.0,0.5670300126262626,,0.3236111111111111,0.3527777777777778,0.0
v1.0,v1.0,v1.0,A1_grid_cap_plus_attack,D0_weak,P_alpha0.45,26,0.5907797727272727,1.0,0.5639077272727273,,0.44583333333333336,0.3145833333333333,0.0
v1.0,v1.0,v1.0,A1_grid_cap_plus_attack,D0_weak,P_alpha0.45,27,0.5264593308080808,1.0,0.6694781691919192,,0.4305555555555556,0.43680555555555556,0.0
v1.0,v1.0,v1.0,A1_grid_cap_plus_attack,D0_weak,P_alpha0.45,28,0.512957803030303,1.0,0.6980838636363637,,0.2875,0.5208333333333334,0.0
v1.0,v1.0,v1.0,A1_grid_cap_plus_attack,D0_weak,P_alpha0.45,29,0.5806536237373737,1.0,0.5874783207070707,,0.36527777777777776,0.3645833333333333,2.0
v1.0,v1.0,v1.0,A1_grid_cap_plus_attack,D0_weak,P_alpha0.45,30,0.5484439141414141,1.0,0.6437088636363637,,0.2881944444444444,0.4666666666666667,0.0
v1.0,v1.0,v1.0,A1_grid_cap_plus_attack,D0_weak,P_alpha0.45,31,0.5695990530303031,1.0,0.6064287247474747,,0.40347222222222223,0.3819444444444444,1.0
v1.0,v1.0,v1.0,A1_grid_cap_plus_attack,D0_weak,P_alpha0.45,32,0.5718754671717171,1.0,0.6015967550505051,,0.2520833333333333,0.4236111111111111,0.0
v1.0,v1.0,v1.0,A1_grid_cap_plus_attack,D0_weak,P_alpha0.45,33,0.5852115909090909,1.0,0.5776356313131312,,0.5104166666666666,0.3194444444444444,0.0
v1.0,v1.0,v1.0,A1_grid_cap_plus_attack,D0_weak,P_alpha0.45,34,0.5117739393939394,1.0,0.6979830050505049,,0.40347222222222223,0.4840277777777778,0.0
v1.0,v1.0,v1.0,A1_grid_cap_plus_attack,D0_weak,P_alpha0.45,35,0.6090204419191919,1.0,0.5325073358585859,,0.38958333333333334,0.29305555555555557,0.0
v1.0,v1.0,v1.0,A1_grid_cap_plus_attack,D0_weak,P_alpha0.45,36,0.521671957070707,1.0,0.6812308207070707,,0.26875,0.49722222222222223,1.0
v1.0,v1.0,v1.0,A1_grid_cap_plus_attack,D0_weak,P_alpha0.45,37,0.5371133838383838,1.0,0.6582685606060606,,0.23055555555555557,0.49236111111111114,0.0
v1.0,v1.0,v1.0,A1_grid_cap_plus_attack,D0_weak,P_alpha0.45,38,0.49753527777777784,1.0,0.7279855555555556,,0.23055555555555557,0.5784722222222223,0.0
v1.0,v1.0,v1.0,A1_grid_cap_plus_attack,D0_weak,P_alpha0.45,39,0.5657071717171717,1.0,0.601896994949495,,0.4583333333333333,0.34791666666666665,0.0
v1.0,v1.0,v1.0,A1_grid_cap_plus_attack,D0_weak,P_alpha0.60,0,0.537017803030303,0.9939100190412186,0.6728596185646791,,0.23680555555555555,0.5111111111111111,0.0
v1.0,v1.0,v1.0,A1_grid_cap_plus_attack,D0_weak,P_alpha0.60,1,0.587835643939394,0.9920830247535842,0.5919077819118604,,0.2951388888888889,0.40208333333333335,0.0
v1.0,v1.0,v1.0,A1_grid_cap_plus_attack,D0_weak,P_alpha0.60,2,0.4760799368686869,0.9902560304659499,0.7832169932388399,,0.17430555555555555,0.6576388888888889,0.0
v1.0,v1.0,v1.0,A1_grid_cap_plus_attack,D0_weak,P_alpha0.60,3,0.5326215782828284,0.9925812959229391,0.6758989221652003,,0.3458333333333333,0.47152777777777777,0.0
v1.0,v1.0,v1.0,A1_grid_cap_plus_attack,D0_weak,P_alpha0.60,4,0.5472214646464647,0.9867127688172044,0.6746954349951123,,0.11527777777777778,0.5555555555555556,0.0
v1.0,v1.0,v1.0,A1_grid_cap_plus_attack,D0_weak,P_alpha0.60,5,0.5723906313131314,0.9973425537634409,0.5982983041707395,,0.5763888888888888,0.3138888888888889,0.0
v1.0,v1.0,v1.0,A1_grid_cap_plus_attack,D0_weak,P_alpha0.60,6,0.5409058080808081,0.9867127688172044,0.67868470267188,,0.23055555555555557,0.5159722222222223,0.0
v1.0,v1.0,v1.0,A1_grid_cap_plus_attack,D0_weak,P_alpha0.60,7,0.5675899999999999,0.9937439286514337,0.617000618951613,,0.2881944444444444,0.4236111111111111,0.0
v1.0,v1.0,v1.0,A1_grid_cap_plus_attack,D0_weak,P_alpha0.60,8,0.5429118308080809,0.9913079362679212,0.6630047567815246,,0.3458333333333333,0.4597222222222222,0.0
v1.0,v1.0,v1.0,A1_grid_cap_plus_attack,D0_weak,P_alpha0.60,9,0.5848221843434344,0.9913079362679212,0.5969277365795046,,0.23055555555555557,0.4236111111111111,0.0
v1.0,v1.0,v1.0,A1_grid_cap_plus_attack,D0_weak,P_alpha0.60,10,0.522201893939394,0.9867127688172044,0.7042288945910719,,0.27708333333333335,0.5222222222222223,0.0
v1.0,v1.0,v1.0,A1_grid_cap_plus_attack,D0_weak,P_alpha0.60,11,0.6223827651515151,0.9991695480510752,0.5214262771871947,,0.47291666666666665,0.27291666666666664,0.0
v1.0,v1.0,v1.0,A1_grid_cap_plus_attack,D0_weak,P_alpha0.60,12,0.6247726515151514,0.9931349305555557,0.5245418207070707,,0.3486111111111111,0.3034722222222222,0.0
v1.0,v1.0,v1.0,A1_grid_cap_plus_attack,D0_weak,P_alpha0.60,13,0.6046848611111112,0.9924705689964158,0.5607046227598564,,0.3458333333333333,0.34791666666666665,0.0
v1.0,v1.0,v1.0,A1_grid_cap_plus_attack,D0_weak,P_alpha0.60,14,0.5997129671717172,0.9913079362679212,0.5642938981956662,,0.3909722222222222,0.32708333333333334,0.0
v1.0,v1.0,v1.0,A1_grid_cap_plus_attack,D0_weak,P_alpha0.60,15,0.5821586489898991,0.9867127688172044,0.6125013062072334,,0.33125,0.41597222222222224,0.0
v1.0,v1.0,v1.0,A1_grid_cap_plus_attack,D0_weak,P_alpha0.60,16,0.5541435732323232,0.9880414919354839,0.6559010808895406,,0.17291666666666666,0.5097222222222222,0.0
v1.0,v1.0,v1.0,A1_grid_cap_plus_attack,D0_weak,P_alpha0.60,17,0.5016700378787879,0.9913079362679212,0.7353576608219288,,0.25833333333333336,0.5736111111111111,0.0
v1.0,v1.0,v1.0,A1_grid_cap_plus_attack,D0_weak,P_alpha0.60,18,0.5496259343434343,0.9970103729838709,0.6425032847425873,,0.46111111111111114,0.40694444444444444,0.0
v1.0,v1.0,v1.0,A1_grid_cap_plus_attack,D0_weak,P_alpha0.60,19,0.5165655555555557,0.9926920228494623,0.7075165170250894,,0.23055555555555557,0.5493055555555556,0.0
v1.0,v1.0,v1.0,A1_grid_cap_plus_attack,D0_weak,P_alpha0.60,20,0.5670182196969697,0.9915293901209677,0.6222784566023134,,0.40347222222222223,0.39652777777777776,0.0
v1.0,v1.0,v1.0,A1_grid_cap_plus_attack,D0_weak,P_alpha0.60,21,0.5436665404040404,0.9867127688172044,0.6785836925708699,,0.2881944444444444,0.5013888888888889,1.0
v1.0,v1.0,v1.0,A1_grid_cap_plus_attack,D0_weak,P_alpha0.60,22,0.6093514646464646,0.9955155594758065,0.5434604195381231,,0.42916666666666664,0.2986111111111111,0.0
v1.0,v1.0,v1.0,A1_grid_cap_plus_attack,D0_weak,P_alpha0.60,23,0.5389525757575758,0.995903103718638,0.6622484220022808,,0.2881944444444444,0.47847222222222224,0.0
v1.0,v1.0,v1.0,A1_grid_cap_plus_attack,D0_weak,P_alpha0.60,24,0.5836627525252525,0.9867127688172044,0.6043305360052134,,0.28888888888888886,0.40902777777777777,0.0
v1.0,v1.0,v1.0,A1_grid_cap_plus_attack,D0_weak,P_alpha0.60,25,0.5991365404040404,0.9906435747087814,0.5679245032787553,,0.3236111111111111,0.3527777777777778,0.0
v1.0,v1.0,v1.0,A1_grid_cap_plus_attack,D0_weak,P_alpha0.60,26,0.5970510606060606,0.9959031037186381,0.5625527149315737,,0.44583333333333336,0.3145833333333333,0.0
v1.0,v1.0,v1.0,A1_grid_cap_plus_attack,D0_weak,P_alpha0.60,27,0.5336034974747476,0.9965674652777778,0.6664530441919191,,0.4305555555555556,0.43680555555555556,0.0
v1.0,v1.0,v1.0,A1_grid_cap_plus_attack,D0_weak,P_alpha0.60,28,0.521479090909091,0.995903103718638,0.6944788512952101,,0.2875,0.5208333333333334,0.0
v1.0,v1.0,v1.0,A1_grid_cap_plus_attack,D0_weak,P_alpha0.60,29,0.5875471085858586,0.9957923767921146,0.5856339837080483,,0.36527777777777776,0.3645833333333333,2.0
v1.0,v1.0,v1.0,A1_grid_cap_plus_attack,D0_weak,P_alpha0.60,30,0.556374292929293,0.995903103718638,0.6406947603861193,,0.2881944444444444,0.4666666666666667,0.0
v1.0,v1.0,v1.0,A1_grid_cap_plus_attack,D0_weak,P_alpha0.60,31,0.5827829545454546,0.9869895861335125,0.6088573198721081,,0.40347222222222223,0.3819444444444444,1.0
v1.0,v1.0,v1.0,A1_grid_cap_plus_attack,D0_weak,P_alpha0.60,32,0.5807558838383838,0.993854655577957,0.6000907516902899,,0.2520833333333333,0.4236111111111111,0.0
v1.0,v1.0,v1.0,A1_grid_cap_plus_attack,D0_weak,P_alpha0.60,33,0.5963323106060606,0.9889826708109319,0.5797357066430432,,0.5104166666666666,0.3194444444444444,0.0
v1.0,v1.0,v1.0,A1_grid_cap_plus_attack,D0_weak,P_alpha0.60,34,0.5213901893939394,0.9937439286514338,0.6958740406687844,,0.40347222222222223,0.4840277777777778,0.0
v1.0,v1.0,v1.0,A1_grid_cap_plus_attack,D0_weak,P_alpha0.60,35,0.618241691919192,0.9913079362679212,0.5337165623370803,,0.38958333333333334,0.29305555555555557,0.0
v1.0,v1.0,v1.0,A1_grid_cap_plus_attack,D0_weak,P_alpha0.60,36,0.5331204797979798,0.9913079362679212,0.6802127744582924,,0.26875,0.49722222222222223,1.0
v1.0,v1.0,v1.0,A1_grid_cap_plus_attack,D0_weak,P_alpha0.60,37,0.5468972853535353,0.9936332017249104,0.6561248170210165,,0.23055555555555557,0.49236111111111114,0.0
v1.0,v1.0,v1.0,A1_grid_cap_plus_attack,D0_weak,P_alpha0.60,38,0.5098701641414142,0.9913079362679212,0.7260811456704137,,0.23055555555555557,0.5784722222222223,0.0
v1.0,v1.0,v1.0,A1_grid_cap_plus_attack,D0_weak,P_alpha0.60,39,0.5723420959595961,0.995903103718638,0.600178346244705,,0.4583333333333333,0.34791666666666665,0.0
v1.0,v1.0,v1.0,A1_grid_cap_plus_attack,D0_weak,P_alpha0.75,0,0.5856063762626263,0.9812712043570788,0.6394376229533234,,0.23680555555555555,0.5111111111111111,0.0
v1.0,v1.0,v1.0,A1_grid_cap_plus_attack,D0_weak,P_alpha0.75,1,0.6257308712121213,0.9757653344814069,0.5735937829657459,,0.2951388888888889,0.40208333333333335,0.0
v1.0,v1.0,v1.0,A1_grid_cap_plus_attack,D0_weak,P_alpha0.75,2,0.536185542929293,0.9702594646057348,0.747107266210492,,0.17430555555555555,0.6576388888888889,0.0
v1.0,v1.0,v1.0,A1_grid_cap_plus_attack,D0_weak,P_alpha0.75,3,0.5772292297979799,0.9772861573140681,0.649645436980694,,0.3458333333333333,0.47152777777777777,0.0
v1.0,v1.0,v1.0,A1_grid_cap_plus_attack,D0_weak,P_alpha0.75,4,0.5957913510101011,0.9594447244623656,0.6588472018572824,,0.11527777777777778,0.5555555555555556,0.0
v1.0,v1.0,v1.0,A1_grid_cap_plus_attack,D0_weak,P_alpha0.75,5,0.6039373106060607,0.9917479838709679,0.5734651087487779,,0.5763888888888888,0.3138888888888889,0.0
v1.0,v1.0,v1.0,A1_grid_cap_plus_attack,D0_weak,P_alpha0.75,6,0.5858592171717173,0.9594447244623656,0.6664529468067772,,0.23055555555555557,0.5159722222222223,0.0
v1.0,v1.0,v1.0,A1_grid_cap_plus_attack,D0_weak,P_alpha0.75,7,0.6086778409090909,0.9808347439236113,0.591403799715909,,0.2881944444444444,0.4236111111111111,0.0
v1.0,v1.0,v1.0,A1_grid_cap_plus_attack,D0_weak,P_alpha0.75,8,0.5855011363636364,0.9733996100750447,0.641905442657421,,0.3458333333333333,0.4597222222222222,0.0
v1.0,v1.0,v1.0,A1_grid_cap_plus_attack,D0_weak,P_alpha0.75,9,0.6241122474747474,0.9733996100750447,0.5791276648796434,,0.23055555555555557,0.4236111111111111,0.0
v1.0,v1.0,v1.0,A1_grid_cap_plus_attack,D0_weak,P_alpha0.75,10,0.5677263257575759,0.9594447244623656,0.6914261159986965,,0.27708333333333335,0.5222222222222223,0.0
v1.0,v1.0,v1.0,A1_grid_cap_plus_attack,D0_weak,P_alpha0.75,11,0.6518304924242424,0.9972538537466398,0.49427738307978986,,0.47291666666666665,0.27291666666666664,0.0
v1.0,v1.0,v1.0,A1_grid_cap_plus_attack,D0_weak,P_alpha0.75,12,0.6544258838383838,0.9789759604614697,0.5118793524967413,,0.3486111111111111,0.3034722222222222,0.0
v1.0,v1.0,v1.0,A1_grid_cap_plus_attack,D0_weak,P_alpha0.75,13,0.6375416035353535,0.9769481966845878,0.5464747271098078,,0.3458333333333333,0.34791666666666665,0.0
v1.0,v1.0,v1.0,A1_grid_cap_plus_attack,D0_weak,P_alpha0.75,14,0.6301839015151516,0.9733996100750448,0.5553129552836835,,0.3909722222222222,0.32708333333333334,0.0
v1.0,v1.0,v1.0,A1_grid_cap_plus_attack,D0_weak,P_alpha0.75,15,0.6164463383838383,0.9594447244623656,0.6109352700391006,,0.33125,0.41597222222222224,0.0
v1.0,v1.0,v1.0,A1_grid_cap_plus_attack,D0_weak,P_alpha0.75,16,0.5995065656565657,0.9635002520161291,0.6399875763685238,,0.17291666666666666,0.5097222222222222,0.0
v1.0,v1.0,v1.0,A1_grid_cap_plus_attack,D0_weak,P_alpha0.75,17,0.5546646464646465,0.9733996100750448,0.7038530436675219,,0.25833333333333336,0.5736111111111111,0.0
v1.0,v1.0,v1.0,A1_grid_cap_plus_attack,D0_weak,P_alpha0.75,18,0.5899391414141415,0.9907341019825269,0.6097216028734929,,0.46111111111111114,0.40694444444444444,0.0
v1.0,v1.0,v1.0,A1_grid_cap_plus_attack,D0_weak,P_alpha0.75,19,0.568360984848485,0.9776241179435484,0.6738025736192569,,0.23055555555555557,0.5493055555555556,0.0
v1.0,v1.0,v1.0,A1_grid_cap_plus_attack,D0_weak,P_alpha0.75,20,0.6039972853535354,0.9740755313340054,0.6062440214901026,,0.40347222222222223,0.39652777777777776,0.0
v1.0,v1.0,v1.0,A1_grid_cap_plus_attack,D0_weak,P_alpha0.75,21,0.5866972853535355,0.9594447244623656,0.6682746008471813,,0.2881944444444444,0.5013888888888889,1.0
v1.0,v1.0,v1.0,A1_grid_cap_plus_attack,D0_weak,P_alpha0.75,22,0.639307702020202,0.9861716334845431,0.5247168933539018,,0.42916666666666664,0.2986111111111111,0.0
v1.0,v1.0,v1.0,A1_grid_cap_plus_attack,D0_weak,P_alpha0.75,23,0.5860300505050505,0.9873544956877242,0.6254292768919028,,0.2881944444444444,0.47847222222222224,0.0
v1.0,v1.0,v1.0,A1_grid_cap_plus_attack,D0_weak,P_alpha0.75,24,0.6188453282828282,0.9594447244623656,0.6018696134734441,,0.28888888888888886,0.40902777777777777,0.0
v1.0,v1.0,v1.0,A1_grid_cap_plus_attack,D0_weak,P_alpha0.75,25,0.6314647095959596,0.9713718462981632,0.558722408179578,,0.3236111111111111,0.3527777777777778,0.0
v1.0,v1.0,v1.0,A1_grid_cap_plus_attack,D0_weak,P_alpha0.75,26,0.6283232954545455,0.9873544956877242,0.5415388097201855,,0.44583333333333336,0.3145833333333333,0.0
v1.0,v1.0,v1.0,A1_grid_cap_plus_attack,D0_weak,P_alpha0.75,27,0.576961994949495,0.9893822594646057,0.6317167936929783,,0.4305555555555556,0.43680555555555556,0.0
v1.0,v1.0,v1.0,A1_grid_cap_plus_attack,D0_weak,P_alpha0.75,28,0.5724268308080809,0.9873544956877242,0.6537894410333168,,0.2875,0.5208333333333334,0.0
v1.0,v1.0,v1.0,A1_grid_cap_plus_attack,D0_weak,P_alpha0.75,29,0.6241375631313132,0.9870165350582438,0.5595745392432386,,0.36527777777777776,0.3645833333333333,2.0
v1.0,v1.0,v1.0,A1_grid_cap_plus_attack,D0_weak,P_alpha0.75,30,0.6019438762626264,0.9873544956877239,0.6053835066898827,,0.2881944444444444,0.4666666666666667,0.0
v1.0,v1.0,v1.0,A1_grid_cap_plus_attack,D0_weak,P_alpha0.75,31,0.6144075126262627,0.9602896260360663,0.6092727139082355,,0.40347222222222223,0.3819444444444444,1.0
v1.0,v1.0,v1.0,A1_grid_cap_plus_attack,D0_weak,P_alpha0.75,32,0.6215049873737374,0.9811022240423388,0.5746445659976782,,0.2520833333333333,0.4236111111111111,0.0
v1.0,v1.0,v1.0,A1_grid_cap_plus_attack,D0_weak,P_alpha0.75,33,0.6227039772727273,0.9663729173667115,0.580495744109441,,0.5104166666666666,0.3194444444444444,0.0
v1.0,v1.0,v1.0,A1_grid_cap_plus_attack,D0_weak,P_alpha0.75,34,0.5667119318181819,0.9807642634128584,0.6661278965308324,,0.40347222222222223,0.4840277777777778,0.0
v1.0,v1.0,v1.0,A1_grid_cap_plus_attack,D0_weak,P_alpha0.75,35,0.6456037247474747,0.9733996100750448,0.5278445209402493,,0.38958333333333334,0.29305555555555557,0.0
v1.0,v1.0,v1.0,A1_grid_cap_plus_attack,D0_weak,P_alpha0.75,36,0.5791359217171717,0.9733996100750448,0.6556873239705523,,0.26875,0.49722222222222223,1.0
v1.0,v1.0,v1.0,A1_grid_cap_plus_attack,D0_weak,P_alpha0.75,37,0.5940445075757576,0.9804263027833783,0.624825873528633,,0.23055555555555557,0.49236111111111114,0.0
v1.0,v1.0,v1.0,A1_grid_cap_plus_attack,D0_weak,P_alpha0.75,38,0.5624771464646465,0.9733996100750448,0.6949641547786329,,0.23055555555555557,0.5784722222222223,0.0
v1.0,v1.0,v1.0,A1_grid_cap_plus_attack,D0_weak,P_alpha0.75,39,0.6074915404040404,0.9873544956877239,0.5752872314373575,,0.4583333333333333,0.34791666666666665,0.0
v1.0,v1.0,v1.0,A1_grid_cap_plus_attack,D0_weak,P_alpha0.90,0,0.6667486111111113,0.8369855514571121,0.7314381715847987,,0.23680555555555555,0.5111111111111111,0.0
v1.0,v1.0,v1.0,A1_grid_cap_plus_attack,D0_weak,P_alpha0.90,1,0.700873888888889,0.8947255991619835,0.5956984476722863,,0.2951388888888889,0.40208333333333335,0.0
v1.0,v1.0,v1.0,A1_grid_cap_plus_attack,D0_weak,P_alpha0.90,2,0.6189018181818183,0.7643856002438706,0.9114396281922036,,0.17430555555555555,0.6576388888888889,0.0
v1.0,v1.0,v1.0,A1_grid_cap_plus_attack,D0_weak,P_alpha0.90,3,0.6501653535353538,0.869574162199109,0.705963707381271,,0.3458333333333333,0.47152777777777777,0.0
v1.0,v1.0,v1.0,A1_grid_cap_plus_attack,D0_weak,P_alpha0.90,4,0.6787172979797981,0.820286480225644,0.7429111479716514,,0.11527777777777778,0.5555555555555556,0.0
v1.0,v1.0,v1.0,A1_grid_cap_plus_attack,D0_weak,P_alpha0.90,5,0.6639189646464647,0.9256661855958798,0.5927816126384796,,0.5763888888888888,0.3138888888888889,0.0
v1.0,v1.0,v1.0,A1_grid_cap_plus_attack,D0_weak,P_alpha0.90,6,0.6603517676767677,0.850707397755275,0.7224451883502356,,0.23055555555555557,0.5159722222222223,0.0
v1.0,v1.0,v1.0,A1_grid_cap_plus_attack,D0_weak,P_alpha0.90,7,0.6880393560606062,0.8804456192341766,0.6325092341917152,,0.2881944444444444,0.4236111111111111,0.0
v1.0,v1.0,v1.0,A1_grid_cap_plus_attack,D0_weak,P_alpha0.90,8,0.6568835606060607,0.8805931671936098,0.6818907498727186,,0.3458333333333333,0.4597222222222222,0.0
v1.0,v1.0,v1.0,A1_grid_cap_plus_attack,D0_weak,P_alpha0.90,9,0.7038936616161617,0.8804621811741413,0.6108711654193131,,0.23055555555555557,0.4236111111111111,0.0
v1.0,v1.0,v1.0,A1_grid_cap_plus_attack,D0_weak,P_alpha0.90,10,0.6380313762626264,0.8489894505793832,0.7536673941532248,,0.27708333333333335,0.5222222222222223,0.0
v1.0,v1.0,v1.0,A1_grid_cap_plus_attack,D0_weak,P_alpha0.90,11,0.7191656565656568,0.9501721043601342,0.48344031820218214,,0.47291666666666665,0.27291666666666664,0.0
v1.0,v1.0,v1.0,A1_grid_cap_plus_attack,D0_weak,P_alpha0.90,12,0.7277315151515152,0.9324600576964204,0.4943928045016692,,0.3486111111111111,0.3034722222222222,0.0
v1.0,v1.0,v1.0,A1_grid_cap_plus_attack,D0_weak,P_alpha0.90,13,0.7107980303030305,0.9117468224711842,0.5514599493982152,,0.3458333333333333,0.34791666666666665,0.0
v1.0,v1.0,v1.0,A1_grid_cap_plus_attack,D0_weak,P_alpha0.90,14,0.6974025000000001,0.9263488047816888,0.5445553231508622,,0.3909722222222222,0.32708333333333334,0.0
v1.0,v1.0,v1.0,A1_grid_cap_plus_attack,D0_weak,P_alpha0.90,15,0.681242234848485,0.8826361427404088,0.6383096716408022,,0.33125,0.41597222222222224,0.0
v1.0,v1.0,v1.0,A1_grid_cap_plus_attack,D0_weak,P_alpha0.90,16,0.6797867929292931,0.8436611352690218,0.7035142891923252,,0.17291666666666666,0.5097222222222222,0.0
v1.0,v1.0,v1.0,A1_grid_cap_plus_attack,D0_weak,P_alpha0.90,17,0.6319889898989901,0.8106204803962,0.8218636558477921,,0.25833333333333336,0.5736111111111111,0.0
v1.0,v1.0,v1.0,A1_grid_cap_plus_attack,D0_weak,P_alpha0.90,18,0.6545282323232325,0.8897792025853298,0.6662783912410383,,0.46111111111111114,0.40694444444444444,0.0
v1.0,v1.0,v1.0,A1_grid_cap_plus_attack,D0_weak,P_alpha0.90,19,0.6498604545454547,0.8148024048575477,0.787689159625488,,0.23055555555555557,0.5493055555555556,0.0
v1.0,v1.0,v1.0,A1_grid_cap_plus_attack,D0_weak,P_alpha0.90,20,0.6713289393939396,0.9054244428152499,0.621293673672205,,0.40347222222222223,0.39652777777777776,0.0
v1.0,v1.0,v1.0,A1_grid_cap_plus_attack,D0_weak,P_alpha0.90,21,0.6563852272727274,0.8591268095521757,0.7189681568202173,,0.2881944444444444,0.5013888888888889,1.0
v1.0,v1.0,v1.0,A1_grid_cap_plus_attack,D0_weak,P_alpha0.90,22,0.7082348989898991,0.9370483153485468,0.5147376781474002,,0.42916666666666664,0.2986111111111111,0.0
v1.0,v1.0,v1.0,A1_grid_cap_plus_attack,D0_weak,P_alpha0.90,23,0.6656363131313133,0.85292863268522,0.7071340498686448,,0.2881944444444444,0.47847222222222224,0.0
v1.0,v1.0,v1.0,A1_grid_cap_plus_attack,D0_weak,P_alpha0.90,24,0.6890184343434345,0.8925222912720967,0.6120034272411606,,0.28888888888888886,0.40902777777777777,0.0
v1.0,v1.0,v1.0,A1_grid_cap_plus_attack,D0_weak,P_alpha0.90,25,0.702207335858586,0.9110048218704185,0.5604202112302451,,0.3236111111111111,0.3527777777777778,0.0
v1.0,v1.0,v1.0,A1_grid_cap_plus_attack,D0_weak,P_alpha0.90,26,0.6960801262626264,0.9240311459733432,0.5497699985693617,,0.44583333333333336,0.3145833333333333,0.0
v1.0,v1.0,v1.0,A1_grid_cap_plus_attack,D0_weak,P_alpha0.90,27,0.6450030681818183,0.8670253537262756,0.7105040073466509,,0.4305555555555556,0.43680555555555556,0.0
v1.0,v1.0,v1.0,A1_grid_cap_plus_attack,D0_weak,P_alpha0.90,28,0.653375580808081,0.8312902570564522,0.7601177773908431,,0.2875,0.5208333333333334,0.0
v1.0,v1.0,v1.0,A1_grid_cap_plus_attack,D0_weak,P_alpha0.90,29,0.6976472727272729,0.9015059392182925,0.5886775446552206,,0.36527777777777776,0.3645833333333333,2.0
v1.0,v1.0,v1.0,A1_grid_cap_plus_attack,D0_weak,P_alpha0.90,30,0.679000580808081,0.8531435652136288,0.6893799187133421,,0.2881944444444444,0.4666666666666667,0.0
v1.0,v1.0,v1.0,A1_grid_cap_plus_attack,D0_weak,P_alpha0.90,31,0.6751602272727275,0.9061131922170306,0.6135317198446135,,0.40347222222222223,0.3819444444444444,1.0
v1.0,v1.0,v1.0,A1_grid_cap_plus_attack,D0_weak,P_alpha0.90,32,0.7027116035353538,0.8800293147325069,0.6147254410078602,,0.2520833333333333,0.4236111111111111,0.0
v1.0,v1.0,v1.0,A1_grid_cap_plus_attack,D0_weak,P_alpha0.90,33,0.675948686868687,0.9321400029401891,0.5683305318253082,,0.5104166666666666,0.3194444444444444,0.0
v1.0,v1.0,v1.0,A1_grid_cap_plus_attack,D0_weak,P_alpha0.90,34,0.6347860101010103,0.8516707227771676,0.7529660670108329,,0.40347222222222223,0.4840277777777778,0.0
v1.0,v1.0,v1.0,A1_grid_cap_plus_attack,D0_weak,P_alpha0.90,35,0.7129331186868687,0.9401289571750788,0.5004399104808145,,0.38958333333333334,0.29305555555555557,0.0
v1.0,v1.0,v1.0,A1_grid_cap_plus_attack,D0_weak,P_alpha0.90,36,0.6554785732323234,0.8467247654340793,0.7313544860245592,,0.26875,0.49722222222222223,1.0
v1.0,v1.0,v1.0,A1_grid_cap_plus_attack,D0_weak,P_alpha0.90,37,0.6774007575757577,0.8458393348810694,0.7029739850114034,,0.23055555555555557,0.49236111111111114,0.0
v1.0,v1.0,v1.0,A1_grid_cap_plus_attack,D0_weak,P_alpha0.90,38,0.6414971969696972,0.8079537446796601,0.8144791427480441,,0.23055555555555557,0.5784722222222223,0.0
v1.0,v1.0,v1.0,A1_grid_cap_plus_attack,D0_weak,P_alpha0.90,39,0.675738585858586,0.9220657110036866,0.5853867276036566,,0.4583333333333333,0.34791666666666665,0.0
v1.0,v1.0,v1.0,A1_grid_cap_plus_attack,D0_weak,P_alpha1.00,0,0.7043623737373739,0.5707130185422774,1.0133514484563377,,0.23680555555555555,0.5111111111111111,0.0
v1.0,v1.0,v1.0,A1_grid_cap_plus_attack,D0_weak,P_alpha1.00,1,0.7298981060606061,0.6260414291605569,0.889095234502281,,0.2951388888888889,0.40208333333333335,0.0
v1.0,v1.0,v1.0,A1_grid_cap_plus_attack,D0_weak,P_alpha1.00,2,0.6633258838383839,0.5014312687102882,1.182560760375937,,0.17430555555555555,0.6576388888888889,0.0
v1.0,v1.0,v1.0,A1_grid_cap_plus_attack,D0_weak,P_alpha1.00,3,0.6848130050505051,0.563979731411901,1.038029372810769,,0.3458333333333333,0.47152777777777777,0.0
v1.0,v1.0,v1.0,A1_grid_cap_plus_attack,D0_weak,P_alpha1.00,4,0.714253787878788,0.5844828858137827,0.9903389713668949,,0.11527777777777778,0.5555555555555556,0.0
v1.0,v1.0,v1.0,A1_grid_cap_plus_attack,D0_weak,P_alpha1.00,5,0.6898539141414143,0.5974283121028835,0.9607321113351255,,0.5763888888888888,0.3138888888888889,0.0
v1.0,v1.0,v1.0,A1_grid_cap_plus_attack,D0_weak,P_alpha1.00,6,0.6934772727272728,0.5751762451887827,1.0199570663795212,,0.23055555555555557,0.5159722222222223,0.0
v1.0,v1.0,v1.0,A1_grid_cap_plus_attack,D0_weak,P_alpha1.00,7,0.7217636363636364,0.6070859100073311,0.9268166049608995,,0.2881944444444444,0.4236111111111111,0.0
v1.0,v1.0,v1.0,A1_grid_cap_plus_attack,D0_weak,P_alpha1.00,8,0.6900880050505052,0.575473254597385,1.014830200543744,,0.3458333333333333,0.4597222222222222,0.0
v1.0,v1.0,v1.0,A1_grid_cap_plus_attack,D0_weak,P_alpha1.00,9,0.7348986111111112,0.6267623170973848,0.8843060528164715,,0.23055555555555557,0.4236111111111111,0.0
v1.0,v1.0,v1.0,A1_grid_cap_plus_attack,D0_weak,P_alpha1.00,10,0.6715375631313132,0.5530017660221161,1.0753464287532586,,0.27708333333333335,0.5222222222222223,0.0
v1.0,v1.0,v1.0,A1_grid_cap_plus_attack,D0_weak,P_alpha1.00,11,0.7452746212121213,0.6572158861803515,0.8088788153714567,,0.47291666666666665,0.27291666666666664,0.0
v1.0,v1.0,v1.0,A1_grid_cap_plus_attack,D0_weak,P_alpha1.00,12,0.7531002525252526,0.6693668491874386,0.7847359173387098,,0.3486111111111111,0.3034722222222222,0.0
v1.0,v1.0,v1.0,A1_grid_cap_plus_attack,D0_weak,P_alpha1.00,13,0.7374218434343435,0.6451267454026145,0.8447802287491857,,0.3458333333333333,0.34791666666666665,0.0
v1.0,v1.0,v1.0,A1_grid_cap_plus_attack,D0_weak,P_alpha1.00,14,0.7225280303030303,0.6399686973057181,0.8630859218189969,,0.3909722222222222,0.32708333333333334,0.0
v1.0,v1.0,v1.0,A1_grid_cap_plus_attack,D0_weak,P_alpha1.00,15,0.7048582702020203,0.6115419530486312,0.9400066639174,,0.33125,0.41597222222222224,0.0
v1.0,v1.0,v1.0,A1_grid_cap_plus_attack,D0_weak,P_alpha1.00,16,0.7140948232323233,0.5920774380651267,0.9711066955339691,,0.17291666666666666,0.5097222222222222,0.0
v1.0,v1.0,v1.0,A1_grid_cap_plus_attack,D0_weak,P_alpha1.00,17,0.6721303030303031,0.5293729941807183,1.1192193261750574,,0.25833333333333336,0.5736111111111111,0.0
v1.0,v1.0,v1.0,A1_grid_cap_plus_attack,D0_weak,P_alpha1.00,18,0.6834891414141415,0.5703927572091885,1.020581216601499,,0.46111111111111114,0.40694444444444444,0.0
v1.0,v1.0,v1.0,A1_grid_cap_plus_attack,D0_weak,P_alpha1.00,19,0.6900962121212122,0.5482827094024926,1.0672770365957969,,0.23055555555555557,0.5493055555555556,0.0
v1.0,v1.0,v1.0,A1_grid_cap_plus_attack,D0_weak,P_alpha1.00,20,0.700976388888889,0.6012380437438903,0.9566699030628869,,0.40347222222222223,0.39652777777777776,0.0
v1.0,v1.0,v1.0,A1_grid_cap_plus_attack,D0_weak,P_alpha1.00,21,0.6873030303030304,0.5731352295637827,1.0312402497759858,,0.2881944444444444,0.5013888888888889,1.0
v1.0,v1.0,v1.0,A1_grid_cap_plus_attack,D0_weak,P_alpha1.00,22,0.7341270202020203,0.6482614327498775,0.8353898160536825,,0.42916666666666664,0.2986111111111111,0.0
v1.0,v1.0,v1.0,A1_grid_cap_plus_attack,D0_weak,P_alpha1.00,23,0.7022606060606061,0.5717816887371698,1.0078860896770123,,0.2881944444444444,0.47847222222222224,0.0
v1.0,v1.0,v1.0,A1_grid_cap_plus_attack,D0_weak,P_alpha1.00,24,0.7156300505050507,0.6234249431054494,0.908308628879521,,0.28888888888888886,0.40902777777777777,0.0
v1.0,v1.0,v1.0,A1_grid_cap_plus_attack,D0_weak,P_alpha1.00,25,0.7277760732323233,0.6404697137707719,0.8594936035760836,,0.3236111111111111,0.3527777777777778,0.0
v1.0,v1.0,v1.0,A1_grid_cap_plus_attack,D0_weak,P_alpha1.00,26,0.7220901515151515,0.6317906238544719,0.8744485998594821,,0.44583333333333336,0.3145833333333333,0.0
v1.0,v1.0,v1.0,A1_grid_cap_plus_attack,D0_weak,P_alpha1.00,27,0.6802934974747475,0.5591554221652003,1.044657495927012,,0.4305555555555556,0.43680555555555556,0.0
v1.0,v1.0,v1.0,A1_grid_cap_plus_attack,D0_weak,P_alpha1.00,28,0.6938073232323234,0.5522774254643205,1.0545014328771587,,0.2875,0.5208333333333334,0.0
v1.0,v1.0,v1.0,A1_grid_cap_plus_attack,D0_weak,P_alpha1.00,29,0.7273113636363637,0.6247983092008795,0.8910626097670253,,0.36527777777777776,0.3645833333333333,2.0
v1.0,v1.0,v1.0,A1_grid_cap_plus_attack,D0_weak,P_alpha1.00,30,0.7139462121212122,0.5857705026576243,0.9752819624674163,,0.2881944444444444,0.4666666666666667,0.0
v1.0,v1.0,v1.0,A1_grid_cap_plus_attack,D0_weak,P_alpha1.00,31,0.697608585858586,0.6126372476020281,0.943254494796758,,0.40347222222222223,0.3819444444444444,1.0
v1.0,v1.0,v1.0,A1_grid_cap_plus_attack,D0_weak,P_alpha1.00,32,0.7355067550505052,0.6219046810086752,0.8916798499613067,,0.2520833333333333,0.4236111111111111,0.0
v1.0,v1.0,v1.0,A1_grid_cap_plus_attack,D0_weak,P_alpha1.00,33,0.6943672979797981,0.6206522459982892,0.9236972290444769,,0.5104166666666666,0.3194444444444444,0.0
v1.0,v1.0,v1.0,A1_grid_cap_plus_attack,D0_weak,P_alpha1.00,34,0.6691986111111112,0.5443787794782502,1.0873037979594329,,0.40347222222222223,0.4840277777777778,0.0
v1.0,v1.0,v1.0,A1_grid_cap_plus_attack,D0_weak,P_alpha1.00,35,0.7359860479797982,0.6613293743890515,0.8119464805311178,,0.38958333333333334,0.29305555555555557,0.0
v1.0,v1.0,v1.0,A1_grid_cap_plus_attack,D0_weak,P_alpha1.00,36,0.6909671085858586,0.5666614056390517,1.031941982425057,,0.26875,0.49722222222222223,1.0
v1.0,v1.0,v1.0,A1_grid_cap_plus_attack,D0_weak,P_alpha1.00,37,0.7148276515151516,0.5841814115194279,0.9795365991059793,,0.23055555555555557,0.49236111111111114,0.0
v1.0,v1.0,v1.0,A1_grid_cap_plus_attack,D0_weak,P_alpha1.00,38,0.6800753787878788,0.5355723904875365,1.1027585859604108,,0.23055555555555557,0.5784722222222223,0.0
v1.0,v1.0,v1.0,A1_grid_cap_plus_attack,D0_weak,P_alpha1.00,39,0.7056381313131314,0.607801514005987,0.9326042185463509,,0.4583333333333333,0.34791666666666665,0.0
v1.0,v1.0,v1.0,A1_grid_cap_plus_attack,D0_weak,P_availability_first,0,0.7043623737373739,0.5707130185422774,1.0133514484563377,,0.23680555555555555,0.5111111111111111,0.0
v1.0,v1.0,v1.0,A1_grid_cap_plus_attack,D0_weak,P_availability_first,1,0.7298981060606061,0.6260414291605569,0.889095234502281,,0.2951388888888889,0.40208333333333335,0.0
v1.0,v1.0,v1.0,A1_grid_cap_plus_attack,D0_weak,P_availability_first,2,0.6633258838383839,0.5014312687102882,1.182560760375937,,0.17430555555555555,0.6576388888888889,0.0
v1.0,v1.0,v1.0,A1_grid_cap_plus_attack,D0_weak,P_availability_first,3,0.6848130050505051,0.563979731411901,1.038029372810769,,0.3458333333333333,0.47152777777777777,0.0
v1.0,v1.0,v1.0,A1_grid_cap_plus_attack,D0_weak,P_availability_first,4,0.714253787878788,0.5844828858137827,0.9903389713668949,,0.11527777777777778,0.5555555555555556,0.0
v1.0,v1.0,v1.0,A1_grid_cap_plus_attack,D0_weak,P_availability_first,5,0.6898539141414143,0.5974283121028835,0.9607321113351255,,0.5763888888888888,0.3138888888888889,0.0
v1.0,v1.0,v1.0,A1_grid_cap_plus_attack,D0_weak,P_availability_first,6,0.6934772727272728,0.5751762451887827,1.0199570663795212,,0.23055555555555557,0.5159722222222223,0.0
v1.0,v1.0,v1.0,A1_grid_cap_plus_attack,D0_weak,P_availability_first,7,0.7217636363636364,0.6070859100073311,0.9268166049608995,,0.2881944444444444,0.4236111111111111,0.0
v1.0,v1.0,v1.0,A1_grid_cap_plus_attack,D0_weak,P_availability_first,8,0.6900880050505052,0.575473254597385,1.014830200543744,,0.3458333333333333,0.4597222222222222,0.0
v1.0,v1.0,v1.0,A1_grid_cap_plus_attack,D0_weak,P_availability_first,9,0.7348986111111112,0.6267623170973848,0.8843060528164715,,0.23055555555555557,0.4236111111111111,0.0
v1.0,v1.0,v1.0,A1_grid_cap_plus_attack,D0_weak,P_availability_first,10,0.6715375631313132,0.5530017660221161,1.0753464287532586,,0.27708333333333335,0.5222222222222223,0.0
v1.0,v1.0,v1.0,A1_grid_cap_plus_attack,D0_weak,P_availability_first,11,0.7452746212121213,0.6572158861803515,0.8088788153714567,,0.47291666666666665,0.27291666666666664,0.0
v1.0,v1.0,v1.0,A1_grid_cap_plus_attack,D0_weak,P_availability_first,12,0.7531002525252526,0.6693668491874386,0.7847359173387098,,0.3486111111111111,0.3034722222222222,0.0
v1.0,v1.0,v1.0,A1_grid_cap_plus_attack,D0_weak,P_availability_first,13,0.7374218434343435,0.6451267454026145,0.8447802287491857,,0.3458333333333333,0.34791666666666665,0.0
v1.0,v1.0,v1.0,A1_grid_cap_plus_attack,D0_weak,P_availability_first,14,0.7225280303030303,0.6399686973057181,0.8630859218189969,,0.3909722222222222,0.32708333333333334,0.0
v1.0,v1.0,v1.0,A1_grid_cap_plus_attack,D0_weak,P_availability_first,15,0.7048582702020203,0.6115419530486312,0.9400066639174,,0.33125,0.41597222222222224,0.0
v1.0,v1.0,v1.0,A1_grid_cap_plus_attack,D0_weak,P_availability_first,16,0.7140948232323233,0.5920774380651267,0.9711066955339691,,0.17291666666666666,0.5097222222222222,0.0
v1.0,v1.0,v1.0,A1_grid_cap_plus_attack,D0_weak,P_availability_first,17,0.6721303030303031,0.5293729941807183,1.1192193261750574,,0.25833333333333336,0.5736111111111111,0.0
v1.0,v1.0,v1.0,A1_grid_cap_plus_attack,D0_weak,P_availability_first,18,0.6834891414141415,0.5703927572091885,1.020581216601499,,0.46111111111111114,0.40694444444444444,0.0
v1.0,v1.0,v1.0,A1_grid_cap_plus_attack,D0_weak,P_availability_first,19,0.6900962121212122,0.5482827094024926,1.0672770365957969,,0.23055555555555557,0.5493055555555556,0.0
v1.0,v1.0,v1.0,A1_grid_cap_plus_attack,D0_weak,P_availability_first,20,0.700976388888889,0.6012380437438903,0.9566699030628869,,0.40347222222222223,0.39652777777777776,0.0
v1.0,v1.0,v1.0,A1_grid_cap_plus_attack,D0_weak,P_availability_first,21,0.6873030303030304,0.5731352295637827,1.0312402497759858,,0.2881944444444444,0.5013888888888889,1.0
v1.0,v1.0,v1.0,A1_grid_cap_plus_attack,D0_weak,P_availability_first,22,0.7341270202020203,0.6482614327498775,0.8353898160536825,,0.42916666666666664,0.2986111111111111,0.0
v1.0,v1.0,v1.0,A1_grid_cap_plus_attack,D0_weak,P_availability_first,23,0.7022606060606061,0.5717816887371698,1.0078860896770123,,0.2881944444444444,0.47847222222222224,0.0
v1.0,v1.0,v1.0,A1_grid_cap_plus_attack,D0_weak,P_availability_first,24,0.7156300505050507,0.6234249431054494,0.908308628879521,,0.28888888888888886,0.40902777777777777,0.0
v1.0,v1.0,v1.0,A1_grid_cap_plus_attack,D0_weak,P_availability_first,25,0.7277760732323233,0.6404697137707719,0.8594936035760836,,0.3236111111111111,0.3527777777777778,0.0
v1.0,v1.0,v1.0,A1_grid_cap_plus_attack,D0_weak,P_availability_first,26,0.7220901515151515,0.6317906238544719,0.8744485998594821,,0.44583333333333336,0.3145833333333333,0.0
v1.0,v1.0,v1.0,A1_grid_cap_plus_attack,D0_weak,P_availability_first,27,0.6802934974747475,0.5591554221652003,1.044657495927012,,0.4305555555555556,0.43680555555555556,0.0
v1.0,v1.0,v1.0,A1_grid_cap_plus_attack,D0_weak,P_availability_first,28,0.6938073232323234,0.5522774254643205,1.0545014328771587,,0.2875,0.5208333333333334,0.0
v1.0,v1.0,v1.0,A1_grid_cap_plus_attack,D0_weak,P_availability_first,29,0.7273113636363637,0.6247983092008795,0.8910626097670253,,0.36527777777777776,0.3645833333333333,2.0
v1.0,v1.0,v1.0,A1_grid_cap_plus_attack,D0_weak,P_availability_first,30,0.7139462121212122,0.5857705026576243,0.9752819624674163,,0.2881944444444444,0.4666666666666667,0.0
v1.0,v1.0,v1.0,A1_grid_cap_plus_attack,D0_weak,P_availability_first,31,0.697608585858586,0.6126372476020281,0.943254494796758,,0.40347222222222223,0.3819444444444444,1.0
v1.0,v1.0,v1.0,A1_grid_cap_plus_attack,D0_weak,P_availability_first,32,0.7355067550505052,0.6219046810086752,0.8916798499613067,,0.2520833333333333,0.4236111111111111,0.0
v1.0,v1.0,v1.0,A1_grid_cap_plus_attack,D0_weak,P_availability_first,33,0.6943672979797981,0.6206522459982892,0.9236972290444769,,0.5104166666666666,0.3194444444444444,0.0
v1.0,v1.0,v1.0,A1_grid_cap_plus_attack,D0_weak,P_availability_first,34,0.6691986111111112,0.5443787794782502,1.0873037979594329,,0.40347222222222223,0.4840277777777778,0.0
v1.0,v1.0,v1.0,A1_grid_cap_plus_attack,D0_weak,P_availability_first,35,0.7359860479797982,0.6613293743890515,0.8119464805311178,,0.38958333333333334,0.29305555555555557,0.0
v1.0,v1.0,v1.0,A1_grid_cap_plus_attack,D0_weak,P_availability_first,36,0.6909671085858586,0.5666614056390517,1.031941982425057,,0.26875,0.49722222222222223,1.0
v1.0,v1.0,v1.0,A1_grid_cap_plus_attack,D0_weak,P_availability_first,37,0.7148276515151516,0.5841814115194279,0.9795365991059793,,0.23055555555555557,0.49236111111111114,0.0
v1.0,v1.0,v1.0,A1_grid_cap_plus_attack,D0_weak,P_availability_first,38,0.6800753787878788,0.5355723904875365,1.1027585859604108,,0.23055555555555557,0.5784722222222223,0.0
v1.0,v1.0,v1.0,A1_grid_cap_plus_attack,D0_weak,P_availability_first,39,0.7056381313131314,0.607801514005987,0.9326042185463509,,0.4583333333333333,0.34791666666666665,0.0
v1.0,v1.0,v1.0,A1_grid_cap_plus_attack,D0_weak,P_heat_first,0,0.5263087121212121,1.0,0.6762607323232324,,0.23680555555555555,0.5111111111111111,0.0
v1.0,v1.0,v1.0,A1_grid_cap_plus_attack,D0_weak,P_heat_first,1,0.5767759469696969,1.0,0.5934671085858586,,0.2951388888888889,0.40208333333333335,0.0
v1.0,v1.0,v1.0,A1_grid_cap_plus_attack,D0_weak,P_heat_first,2,0.46069236111111117,1.0,0.7869118055555555,,0.17430555555555555,0.6576388888888889,0.0
v1.0,v1.0,v1.0,A1_grid_cap_plus_attack,D0_weak,P_heat_first,3,0.5212243055555557,1.0,0.6783937499999999,,0.3458333333333333,0.47152777777777777,0.0
v1.0,v1.0,v1.0,A1_grid_cap_plus_attack,D0_weak,P_heat_first,4,0.5299608585858586,1.0,0.6760113636363636,,0.11527777777777778,0.5555555555555556,0.0
v1.0,v1.0,v1.0,A1_grid_cap_plus_attack,D0_weak,P_heat_first,5,0.5667263888888889,1.0,0.600773611111111,,0.5763888888888888,0.3138888888888889,0.0
v1.0,v1.0,v1.0,A1_grid_cap_plus_attack,D0_weak,P_heat_first,6,0.5240770202020203,1.0,0.679568813131313,,0.23055555555555557,0.5159722222222223,0.0
v1.0,v1.0,v1.0,A1_grid_cap_plus_attack,D0_weak,P_heat_first,7,0.5576954545454545,1.0,0.6193878787878788,,0.2881944444444444,0.4236111111111111,0.0
v1.0,v1.0,v1.0,A1_grid_cap_plus_attack,D0_weak,P_heat_first,8,0.5305700126262626,1.0,0.6649160984848485,,0.3458333333333333,0.4597222222222222,0.0
v1.0,v1.0,v1.0,A1_grid_cap_plus_attack,D0_weak,P_heat_first,9,0.5728743055555555,1.0,0.598445138888889,,0.23055555555555557,0.4236111111111111,0.0
v1.0,v1.0,v1.0,A1_grid_cap_plus_attack,D0_weak,P_heat_first,10,0.5053049242424243,1.0,0.7051811868686868,,0.27708333333333335,0.5222222222222223,0.0
v1.0,v1.0,v1.0,A1_grid_cap_plus_attack,D0_weak,P_heat_first,11,0.6187054924242423,1.0,0.5241070075757577,,0.47291666666666665,0.27291666666666664,0.0
v1.0,v1.0,v1.0,A1_grid_cap_plus_attack,D0_weak,P_heat_first,12,0.6156753787878787,1.0,0.5254010101010101,,0.3486111111111111,0.3034722222222222,0.0
v1.0,v1.0,v1.0,A1_grid_cap_plus_attack,D0_weak,P_heat_first,13,0.5945427398989899,1.0,0.5618114267676768,,0.3458333333333333,0.34791666666666665,0.0
v1.0,v1.0,v1.0,A1_grid_cap_plus_attack,D0_weak,P_heat_first,14,0.5888181186868687,1.0,0.5647582702020202,,0.3909722222222222,0.32708333333333334,0.0
v1.0,v1.0,v1.0,A1_grid_cap_plus_attack,D0_weak,P_heat_first,15,0.5664207702020202,1.0,0.6122945075757575,,0.33125,0.41597222222222224,0.0
v1.0,v1.0,v1.0,A1_grid_cap_plus_attack,D0_weak,P_heat_first,16,0.5385029671717171,1.0,0.6571914772727273,,0.17291666666666666,0.5097222222222222,0.0
v1.0,v1.0,v1.0,A1_grid_cap_plus_attack,D0_weak,P_heat_first,17,0.4880857954545455,1.0,0.7385114267676768,,0.25833333333333336,0.5736111111111111,0.0
v1.0,v1.0,v1.0,A1_grid_cap_plus_attack,D0_weak,P_heat_first,18,0.5426665404040404,1.0,0.6458751262626262,,0.46111111111111114,0.40694444444444444,0.0
v1.0,v1.0,v1.0,A1_grid_cap_plus_attack,D0_weak,P_heat_first,19,0.5044131313131314,1.0,0.7108993686868686,,0.23055555555555557,0.5493055555555556,0.0
v1.0,v1.0,v1.0,A1_grid_cap_plus_attack,D0_weak,P_heat_first,20,0.5555524621212121,1.0,0.6235794823232323,,0.40347222222222223,0.39652777777777776,0.0
v1.0,v1.0,v1.0,A1_grid_cap_plus_attack,D0_weak,P_heat_first,21,0.5269968434343435,1.0,0.679308712121212,,0.2881944444444444,0.5013888888888889,1.0
v1.0,v1.0,v1.0,A1_grid_cap_plus_attack,D0_weak,P_heat_first,22,0.6023138888888888,1.0,0.5451166666666667,,0.42916666666666664,0.2986111111111111,0.0
v1.0,v1.0,v1.0,A1_grid_cap_plus_attack,D0_weak,P_heat_first,23,0.5302795454545455,1.0,0.6660051767676768,,0.2881944444444444,0.47847222222222224,0.0
v1.0,v1.0,v1.0,A1_grid_cap_plus_attack,D0_weak,P_heat_first,24,0.5680006313131314,1.0,0.6040479797979798,,0.28888888888888886,0.40902777777777777,0.0
v1.0,v1.0,v1.0,A1_grid_cap_plus_attack,D0_weak,P_heat_first,25,0.5874013888888889,1.0,0.5684319444444444,,0.3236111111111111,0.3527777777777778,0.0
v1.0,v1.0,v1.0,A1_grid_cap_plus_attack,D0_weak,P_heat_first,26,0.590165909090909,1.0,0.5645215909090909,,0.44583333333333336,0.3145833333333333,0.0
v1.0,v1.0,v1.0,A1_grid_cap_plus_attack,D0_weak,P_heat_first,27,0.5259450126262627,1.0,0.6699924873737373,,0.4305555555555556,0.43680555555555556,0.0
v1.0,v1.0,v1.0,A1_grid_cap_plus_attack,D0_weak,P_heat_first,28,0.5123439393939394,1.0,0.6986977272727272,,0.2875,0.5208333333333334,0.0
v1.0,v1.0,v1.0,A1_grid_cap_plus_attack,D0_weak,P_heat_first,29,0.5800231691919192,1.0,0.5881087752525253,,0.36527777777777776,0.3645833333333333,2.0
v1.0,v1.0,v1.0,A1_grid_cap_plus_attack,D0_weak,P_heat_first,30,0.5478300505050506,1.0,0.6443227272727272,,0.2881944444444444,0.4666666666666667,0.0
v1.0,v1.0,v1.0,A1_grid_cap_plus_attack,D0_weak,P_heat_first,31,0.5676496212121213,1.0,0.6083781565656565,,0.40347222222222223,0.3819444444444444,1.0
v1.0,v1.0,v1.0,A1_grid_cap_plus_attack,D0_weak,P_heat_first,32,0.5709546717171717,1.0,0.6025175505050505,,0.2520833333333333,0.4236111111111111,0.0
v1.0,v1.0,v1.0,A1_grid_cap_plus_attack,D0_weak,P_heat_first,33,0.5835607954545455,1.0,0.5792864267676766,,0.5104166666666666,0.3194444444444444,0.0
v1.0,v1.0,v1.0,A1_grid_cap_plus_attack,D0_weak,P_heat_first,34,0.5108365530303031,1.0,0.6989203914141413,,0.40347222222222223,0.4840277777777778,0.0
v1.0,v1.0,v1.0,A1_grid_cap_plus_attack,D0_weak,P_heat_first,35,0.6077180555555556,1.0,0.5338097222222222,,0.38958333333333334,0.29305555555555557,0.0
v1.0,v1.0,v1.0,A1_grid_cap_plus_attack,D0_weak,P_heat_first,36,0.5203695707070707,1.0,0.6825332070707071,,0.26875,0.49722222222222223,1.0
v1.0,v1.0,v1.0,A1_grid_cap_plus_attack,D0_weak,P_heat_first,37,0.5361594065656566,1.0,0.6592225378787878,,0.23055555555555557,0.49236111111111114,0.0
v1.0,v1.0,v1.0,A1_grid_cap_plus_attack,D0_weak,P_heat_first,38,0.49623289141414145,1.0,0.729287941919192,,0.23055555555555557,0.5784722222222223,0.0
v1.0,v1.0,v1.0,A1_grid_cap_plus_attack,D0_weak,P_heat_first,39,0.5650933080808082,1.0,0.6025108585858585,,0.4583333333333333,0.34791666666666665,0.0
v1.0,v1.0,v1.0,A1_grid_cap_plus_attack,D0_weak,P_balanced,0,0.5856063762626263,0.9812712043570788,0.6394376229533234,,0.23680555555555555,0.5111111111111111,0.0
v1.0,v1.0,v1.0,A1_grid_cap_plus_attack,D0_weak,P_balanced,1,0.6257308712121213,0.9757653344814069,0.5735937829657459,,0.2951388888888889,0.40208333333333335,0.0
v1.0,v1.0,v1.0,A1_grid_cap_plus_attack,D0_weak,P_balanced,2,0.536185542929293,0.9702594646057348,0.747107266210492,,0.17430555555555555,0.6576388888888889,0.0
v1.0,v1.0,v1.0,A1_grid_cap_plus_attack,D0_weak,P_balanced,3,0.5772292297979799,0.9772861573140681,0.649645436980694,,0.3458333333333333,0.47152777777777777,0.0
v1.0,v1.0,v1.0,A1_grid_cap_plus_attack,D0_weak,P_balanced,4,0.5957913510101011,0.9594447244623656,0.6588472018572824,,0.11527777777777778,0.5555555555555556,0.0
v1.0,v1.0,v1.0,A1_grid_cap_plus_attack,D0_weak,P_balanced,5,0.6039373106060607,0.9917479838709679,0.5734651087487779,,0.5763888888888888,0.3138888888888889,0.0
v1.0,v1.0,v1.0,A1_grid_cap_plus_attack,D0_weak,P_balanced,6,0.5858592171717173,0.9594447244623656,0.6664529468067772,,0.23055555555555557,0.5159722222222223,0.0
v1.0,v1.0,v1.0,A1_grid_cap_plus_attack,D0_weak,P_balanced,7,0.6086778409090909,0.9808347439236113,0.591403799715909,,0.2881944444444444,0.4236111111111111,0.0
v1.0,v1.0,v1.0,A1_grid_cap_plus_attack,D0_weak,P_balanced,8,0.5855011363636364,0.9733996100750447,0.641905442657421,,0.3458333333333333,0.4597222222222222,0.0
v1.0,v1.0,v1.0,A1_grid_cap_plus_attack,D0_weak,P_balanced,9,0.6241122474747474,0.9733996100750447,0.5791276648796434,,0.23055555555555557,0.4236111111111111,0.0
v1.0,v1.0,v1.0,A1_grid_cap_plus_attack,D0_weak,P_balanced,10,0.5677263257575759,0.9594447244623656,0.6914261159986965,,0.27708333333333335,0.5222222222222223,0.0
v1.0,v1.0,v1.0,A1_grid_cap_plus_attack,D0_weak,P_balanced,11,0.6518304924242424,0.9972538537466398,0.49427738307978986,,0.47291666666666665,0.27291666666666664,0.0
v1.0,v1.0,v1.0,A1_grid_cap_plus_attack,D0_weak,P_balanced,12,0.6544258838383838,0.9789759604614697,0.5118793524967413,,0.3486111111111111,0.3034722222222222,0.0
v1.0,v1.0,v1.0,A1_grid_cap_plus_attack,D0_weak,P_balanced,13,0.6375416035353535,0.9769481966845878,0.5464747271098078,,0.3458333333333333,0.34791666666666665,0.0
v1.0,v1.0,v1.0,A1_grid_cap_plus_attack,D0_weak,P_balanced,14,0.6301839015151516,0.9733996100750448,0.5553129552836835,,0.3909722222222222,0.32708333333333334,0.0
v1.0,v1.0,v1.0,A1_grid_cap_plus_attack,D0_weak,P_balanced,15,0.6164463383838383,0.9594447244623656,0.6109352700391006,,0.33125,0.41597222222222224,0.0
v1.0,v1.0,v1.0,A1_grid_cap_plus_attack,D0_weak,P_balanced,16,0.5995065656565657,0.9635002520161291,0.6399875763685238,,0.17291666666666666,0.5097222222222222,0.0
v1.0,v1.0,v1.0,A1_grid_cap_plus_attack,D0_weak,P_balanced,17,0.5546646464646465,0.9733996100750448,0.7038530436675219,,0.25833333333333336,0.5736111111111111,0.0
v1.0,v1.0,v1.0,A1_grid_cap_plus_attack,D0_weak,P_balanced,18,0.5899391414141415,0.9907341019825269,0.6097216028734929,,0.46111111111111114,0.40694444444444444,0.0
v1.0,v1.0,v1.0,A1_grid_cap_plus_attack,D0_weak,P_balanced,19,0.568360984848485,0.9776241179435484,0.6738025736192569,,0.23055555555555557,0.5493055555555556,0.0
v1.0,v1.0,v1.0,A1_grid_cap_plus_attack,D0_weak,P_balanced,20,0.6039972853535354,0.9740755313340054,0.6062440214901026,,0.40347222222222223,0.39652777777777776,0.0
v1.0,v1.0,v1.0,A1_grid_cap_plus_attack,D0_weak,P_balanced,21,0.5866972853535355,0.9594447244623656,0.6682746008471813,,0.2881944444444444,0.5013888888888889,1.0
v1.0,v1.0,v1.0,A1_grid_cap_plus_attack,D0_weak,P_balanced,22,0.639307702020202,0.9861716334845431,0.5247168933539018,,0.42916666666666664,0.2986111111111111,0.0
v1.0,v1.0,v1.0,A1_grid_cap_plus_attack,D0_weak,P_balanced,23,0.5860300505050505,0.9873544956877242,0.6254292768919028,,0.2881944444444444,0.47847222222222224,0.0
v1.0,v1.0,v1.0,A1_grid_cap_plus_attack,D0_weak,P_balanced,24,0.6188453282828282,0.9594447244623656,0.6018696134734441,,0.28888888888888886,0.40902777777777777,0.0
v1.0,v1.0,v1.0,A1_grid_cap_plus_attack,D0_weak,P_balanced,25,0.6314647095959596,0.9713718462981632,0.558722408179578,,0.3236111111111111,0.3527777777777778,0.0
v1.0,v1.0,v1.0,A1_grid_cap_plus_attack,D0_weak,P_balanced,26,0.6283232954545455,0.9873544956877242,0.5415388097201855,,0.44583333333333336,0.3145833333333333,0.0
v1.0,v1.0,v1.0,A1_grid_cap_plus_attack,D0_weak,P_balanced,27,0.576961994949495,0.9893822594646057,0.6317167936929783,,0.4305555555555556,0.43680555555555556,0.0
v1.0,v1.0,v1.0,A1_grid_cap_plus_attack,D0_weak,P_balanced,28,0.5724268308080809,0.9873544956877242,0.6537894410333168,,0.2875,0.5208333333333334,0.0
v1.0,v1.0,v1.0,A1_grid_cap_plus_attack,D0_weak,P_balanced,29,0.6241375631313132,0.9870165350582438,0.5595745392432386,,0.36527777777777776,0.3645833333333333,2.0
v1.0,v1.0,v1.0,A1_grid_cap_plus_attack,D0_weak,P_balanced,30,0.6019438762626264,0.9873544956877239,0.6053835066898827,,0.2881944444444444,0.4666666666666667,0.0
v1.0,v1.0,v1.0,A1_grid_cap_plus_attack,D0_weak,P_balanced,31,0.6144075126262627,0.9602896260360663,0.6092727139082355,,0.40347222222222223,0.3819444444444444,1.0
v1.0,v1.0,v1.0,A1_grid_cap_plus_attack,D0_weak,P_balanced,32,0.6215049873737374,0.9811022240423388,0.5746445659976782,,0.2520833333333333,0.4236111111111111,0.0
v1.0,v1.0,v1.0,A1_grid_cap_plus_attack,D0_weak,P_balanced,33,0.6227039772727273,0.9663729173667115,0.580495744109441,,0.5104166666666666,0.3194444444444444,0.0
v1.0,v1.0,v1.0,A1_grid_cap_plus_attack,D0_weak,P_balanced,34,0.5667119318181819,0.9807642634128584,0.6661278965308324,,0.40347222222222223,0.4840277777777778,0.0
v1.0,v1.0,v1.0,A1_grid_cap_plus_attack,D0_weak,P_balanced,35,0.6456037247474747,0.9733996100750448,0.5278445209402493,,0.38958333333333334,0.29305555555555557,0.0
v1.0,v1.0,v1.0,A1_grid_cap_plus_attack,D0_weak,P_balanced,36,0.5791359217171717,0.9733996100750448,0.6556873239705523,,0.26875,0.49722222222222223,1.0
v1.0,v1.0,v1.0,A1_grid_cap_plus_attack,D0_weak,P_balanced,37,0.5940445075757576,0.9804263027833783,0.624825873528633,,0.23055555555555557,0.49236111111111114,0.0
v1.0,v1.0,v1.0,A1_grid_cap_plus_attack,D0_weak,P_balanced,38,0.5624771464646465,0.9733996100750448,0.6949641547786329,,0.23055555555555557,0.5784722222222223,0.0
v1.0,v1.0,v1.0,A1_grid_cap_plus_attack,D0_weak,P_balanced,39,0.6074915404040404,0.9873544956877239,0.5752872314373575,,0.4583333333333333,0.34791666666666665,0.0
v1.0,v1.0,v1.0,A1_grid_cap_plus_attack,D0_weak,P_no_containment,0,0.5338484848484849,0.9166013858977872,0.8280006854075039,,0.0,0.7479166666666667,0.0
v1.0,v1.0,v1.0,A1_grid_cap_plus_attack,D0_weak,P_no_containment,1,0.5567761994949496,0.9221908061206812,0.7806226109380108,,0.0,0.6972222222222222,0.0
v1.0,v1.0,v1.0,A1_grid_cap_plus_attack,D0_weak,P_no_containment,2,0.4958450126262627,0.9073367304598393,0.9065314663774857,,0.0,0.8319444444444445,0.0
v1.0,v1.0,v1.0,A1_grid_cap_plus_attack,D0_weak,P_no_containment,3,0.5024406565656566,0.9089446458664254,0.8929021572835217,,0.0,0.8173611111111111,0.0
v1.0,v1.0,v1.0,A1_grid_cap_plus_attack,D0_weak,P_no_containment,4,0.5687111742424242,0.9251003673325987,0.7559600516251239,,0.0,0.6708333333333333,0.0
v1.0,v1.0,v1.0,A1_grid_cap_plus_attack,D0_weak,P_no_containment,5,0.48767897727272735,0.9053459780516853,0.9234058490652503,,0.0,0.85,0.0
v1.0,v1.0,v1.0,A1_grid_cap_plus_attack,D0_weak,P_no_containment,6,0.5344766414141415,0.9167545206984142,0.8267026559699836,,0.0,0.7465277777777778,0.0
v1.0,v1.0,v1.0,A1_grid_cap_plus_attack,D0_weak,P_no_containment,7,0.5501805555555557,0.9205828907140952,0.7942519200319745,,0.0,0.7118055555555556,0.0
v1.0,v1.0,v1.0,A1_grid_cap_plus_attack,D0_weak,P_no_containment,8,0.5077799873737375,0.9102462916717569,0.8818689070645986,,0.0,0.8055555555555556,0.0
v1.0,v1.0,v1.0,A1_grid_cap_plus_attack,D0_weak,P_no_containment,9,0.576249053030303,0.9269379849401257,0.7403836983748795,,0.0,0.6541666666666667,0.0
v1.0,v1.0,v1.0,A1_grid_cap_plus_attack,D0_weak,P_no_containment,10,0.510606691919192,0.9109353982745794,0.8760277745957572,,0.0,0.7993055555555556,0.0
v1.0,v1.0,v1.0,A1_grid_cap_plus_attack,D0_weak,P_no_containment,11,0.5608592171717173,0.9231861823247582,0.7721854195941285,,0.0,0.6881944444444444,0.0
v1.0,v1.0,v1.0,A1_grid_cap_plus_attack,D0_weak,P_no_containment,12,0.5771912878787878,0.9271676871410663,0.7384366542185992,,0.0,0.6520833333333333,0.0
v1.0,v1.0,v1.0,A1_grid_cap_plus_attack,D0_weak,P_no_containment,13,0.5627436868686869,0.9236455867266399,0.7682913312815675,,0.0,0.6840277777777778,0.0
v1.0,v1.0,v1.0,A1_grid_cap_plus_attack,D0_weak,P_no_containment,14,0.547353851010101,0.9198937841112726,0.8000930525008162,,0.0,0.7180555555555556,0.0
v1.0,v1.0,v1.0,A1_grid_cap_plus_attack,D0_weak,P_no_containment,15,0.5520650252525253,0.9210422951159769,0.7903578317194134,,0.0,0.7076388888888889,0.0
v1.0,v1.0,v1.0,A1_grid_cap_plus_attack,D0_weak,P_no_containment,16,0.5633718434343434,0.9237987215272673,0.7669933018440469,,0.0,0.6826388888888889,0.0
v1.0,v1.0,v1.0,A1_grid_cap_plus_attack,D0_weak,P_no_containment,17,0.4958450126262627,0.9073367304598393,0.9065314663774857,,0.0,0.8319444444444445,0.0
v1.0,v1.0,v1.0,A1_grid_cap_plus_attack,D0_weak,P_no_containment,18,0.5055814393939394,0.9097103198695616,0.8864120100959199,,0.0,0.8104166666666667,0.0
v1.0,v1.0,v1.0,A1_grid_cap_plus_attack,D0_weak,P_no_containment,19,0.5194008838383839,0.9130792854833607,0.8578553624704721,,0.0,0.7798611111111111,0.0
v1.0,v1.0,v1.0,A1_grid_cap_plus_attack,D0_weak,P_no_containment,20,0.5102926136363637,0.9108588308742659,0.8766767893145173,,0.0,0.8,0.0
v1.0,v1.0,v1.0,A1_grid_cap_plus_attack,D0_weak,P_no_containment,21,0.5219135101010102,0.9136918246858697,0.8546632447203906,,0.0,0.7743055555555556,1.0
v1.0,v1.0,v1.0,A1_grid_cap_plus_attack,D0_weak,P_no_containment,22,0.5476679292929294,0.9199703515115863,0.799444037782056,,0.0,0.7173611111111111,0.0
v1.0,v1.0,v1.0,A1_grid_cap_plus_attack,D0_weak,P_no_containment,23,0.5253683712121213,0.9145340660893194,0.8455240828140287,,0.0,0.7666666666666667,0.0
v1.0,v1.0,v1.0,A1_grid_cap_plus_attack,D0_weak,P_no_containment,24,0.5564621212121211,0.9221142387203675,0.7812716256567712,,0.0,0.6979166666666666,0.0
v1.0,v1.0,v1.0,A1_grid_cap_plus_attack,D0_weak,P_no_containment,25,0.566198547979798,0.9244878281300898,0.7611521693752055,,0.0,0.6763888888888889,0.0
v1.0,v1.0,v1.0,A1_grid_cap_plus_attack,D0_weak,P_no_containment,26,0.5379315025252526,0.9175967621018641,0.8195634940636216,,0.0,0.7388888888888889,0.0
v1.0,v1.0,v1.0,A1_grid_cap_plus_attack,D0_weak,P_no_containment,27,0.5058955176767678,0.9097868872698751,0.8857629953771599,,0.0,0.8097222222222222,0.0
v1.0,v1.0,v1.0,A1_grid_cap_plus_attack,D0_weak,P_no_containment,28,0.5065236742424243,0.9099400220705023,0.8844649659396395,,0.0,0.8083333333333333,0.0
v1.0,v1.0,v1.0,A1_grid_cap_plus_attack,D0_weak,P_no_containment,29,0.5420145202020202,0.9185921383059412,0.8151263027197392,,0.0,0.7298611111111111,2.0
v1.0,v1.0,v1.0,A1_grid_cap_plus_attack,D0_weak,P_no_containment,30,0.5567761994949496,0.9221908061206812,0.7806226109380108,,0.0,0.6972222222222222,0.0
v1.0,v1.0,v1.0,A1_grid_cap_plus_attack,D0_weak,P_no_containment,31,0.5319640151515153,0.9161419814959054,0.8338947737200648,,0.0,0.7520833333333333,1.0
v1.0,v1.0,v1.0,A1_grid_cap_plus_attack,D0_weak,P_no_containment,32,0.5665126262626262,0.9245643955304034,0.7605031546564452,,0.0,0.6756944444444445,0.0
v1.0,v1.0,v1.0,A1_grid_cap_plus_attack,D0_weak,P_no_containment,33,0.5215994318181818,0.913615257285556,0.8533122594391509,,0.0,0.775,0.0
v1.0,v1.0,v1.0,A1_grid_cap_plus_attack,D0_weak,P_no_containment,34,0.49678724747474756,0.9075664326607803,0.9045844222212049,,0.0,0.8298611111111112,0.0
v1.0,v1.0,v1.0,A1_grid_cap_plus_attack,D0_weak,P_no_containment,35,0.5633718434343434,0.9237987215272673,0.7669933018440469,,0.0,0.6826388888888889,0.0
v1.0,v1.0,v1.0,A1_grid_cap_plus_attack,D0_weak,P_no_containment,36,0.5256824494949495,0.9146106334896331,0.8468750680952686,,0.0,0.7659722222222223,1.0
v1.0,v1.0,v1.0,A1_grid_cap_plus_attack,D0_weak,P_no_containment,37,0.545155303030303,0.9193578123090773,0.8046361555321375,,0.0,0.7229166666666667,0.0
v1.0,v1.0,v1.0,A1_grid_cap_plus_attack,D0_weak,P_no_containment,38,0.5159460227272729,0.9122370440799108,0.8649945243768342,,0.0,0.7875,0.0
v1.0,v1.0,v1.0,A1_grid_cap_plus_attack,D0_weak,P_no_containment,39,0.507465909090909,0.9101697242714432,0.8825179217833592,,0.0,0.80625,0.0
v1.0,v1.0,v1.0,A1_grid_cap_plus_attack,D0_weak,P_aggressive,0,0.660016351010101,0.9946206492215501,0.45560553659070546,,0.7027777777777777,0.1111111111111111,0.0
v1.0,v1.0,v1.0,A1_grid_cap_plus_attack,D0_weak,P_aggressive,1,0.661091792929293,0.9945501687107975,0.4432605046177501,,0.6840277777777778,0.08402777777777778,0.0
v1.0,v1.0,v1.0,A1_grid_cap_plus_attack,D0_weak,P_aggressive,2,0.6177766414141413,0.9967469128024193,0.5051895632229555,,0.81875,0.10625,0.0
v1.0,v1.0,v1.0,A1_grid_cap_plus_attack,D0_weak,P_aggressive,3,0.6500111111111112,0.9982677356350808,0.45283149501568076,,0.8229166666666666,0.05277777777777778,0.0
v1.0,v1.0,v1.0,A1_grid_cap_plus_attack,D0_weak,P_aggressive,4,0.6751623737373738,0.9950574036738351,0.4193798529651352,,0.7208333333333333,0.04722222222222222,0.0
v1.0,v1.0,v1.0,A1_grid_cap_plus_attack,D0_weak,P_aggressive,5,0.6315767676767677,0.9982677356350808,0.48043250511669094,,0.8756944444444444,0.06388888888888888,0.0
v1.0,v1.0,v1.0,A1_grid_cap_plus_attack,D0_weak,P_aggressive,6,0.6434900252525252,0.9992816175235215,0.4616775892748045,,0.7076388888888889,0.09583333333333334,0.0
v1.0,v1.0,v1.0,A1_grid_cap_plus_attack,D0_weak,P_aggressive,7,0.669043244949495,0.9938863862287186,0.4421472582427094,,0.6861111111111111,0.10069444444444445,0.0
v1.0,v1.0,v1.0,A1_grid_cap_plus_attack,D0_weak,P_aggressive,8,0.643986553030303,0.999211431031586,0.454355563065127,,0.8791666666666667,0.027083333333333334,0.0
v1.0,v1.0,v1.0,A1_grid_cap_plus_attack,D0_weak,P_aggressive,9,0.6876373737373737,0.99742283406138,0.4079205031667481,,0.6694444444444444,0.07291666666666667,0.0
v1.0,v1.0,v1.0,A1_grid_cap_plus_attack,D0_weak,P_aggressive,10,0.6494291035353535,0.9992816175235215,0.45313434432530947,,0.8444444444444444,0.049305555555555554,0.0
v1.0,v1.0,v1.0,A1_grid_cap_plus_attack,D0_weak,P_aggressive,11,0.6560828914141413,0.99445166890681,0.44870010589768666,,0.7138888888888889,0.0763888888888889,0.0
v1.0,v1.0,v1.0,A1_grid_cap_plus_attack,D0_weak,P_aggressive,12,0.6719804924242423,0.9965779324876791,0.41775098859054277,,0.6763888888888889,0.05138888888888889,0.0
v1.0,v1.0,v1.0,A1_grid_cap_plus_attack,D0_weak,P_aggressive,13,0.6751505681818182,0.9947191490255376,0.42201978632087,,0.7236111111111111,0.05277777777777778,0.0
v1.0,v1.0,v1.0,A1_grid_cap_plus_attack,D0_weak,P_aggressive,14,0.6710361742424242,0.9960709915434589,0.43041474701653615,,0.7631944444444444,0.058333333333333334,0.0
v1.0,v1.0,v1.0,A1_grid_cap_plus_attack,D0_weak,P_aggressive,15,0.6736272095959596,0.9956345311099911,0.4286599641831622,,0.7444444444444445,0.06458333333333334,0.0
v1.0,v1.0,v1.0,A1_grid_cap_plus_attack,D0_weak,P_aggressive,16,0.6756801136363636,0.9977607946908602,0.41419443273460416,,0.7284722222222222,0.04097222222222222,0.0
v1.0,v1.0,v1.0,A1_grid_cap_plus_attack,D0_weak,P_aggressive,17,0.6378442550505051,0.9943811883960573,0.47605109665200396,,0.8430555555555556,0.06527777777777778,0.0
v1.0,v1.0,v1.0,A1_grid_cap_plus_attack,D0_weak,P_aggressive,18,0.646225,0.998774676579301,0.46437733254928326,,0.8361111111111111,0.07291666666666667,0.0
v1.0,v1.0,v1.0,A1_grid_cap_plus_attack,D0_weak,P_aggressive,19,0.662609090909091,0.998605696264561,0.4379182402401025,,0.7965277777777777,0.05486111111111111,0.0
v1.0,v1.0,v1.0,A1_grid_cap_plus_attack,D0_weak,P_aggressive,20,0.6484626262626263,0.9960709915434589,0.452502183885223,,0.7826388888888889,0.05138888888888889,0.0
v1.0,v1.0,v1.0,A1_grid_cap_plus_attack,D0_weak,P_aggressive,21,0.6519038510101011,0.9992816175235215,0.44915265240611757,,0.8993055555555556,0.02361111111111111,1.0
v1.0,v1.0,v1.0,A1_grid_cap_plus_attack,D0_weak,P_aggressive,22,0.6741981691919193,0.9987163348454301,0.42140472899356457,,0.7729166666666667,0.04791666666666667,0.0
v1.0,v1.0,v1.0,A1_grid_cap_plus_attack,D0_weak,P_aggressive,23,0.6497643939393939,0.9969158931171594,0.46786014543112586,,0.675,0.1326388888888889,0.0
v1.0,v1.0,v1.0,A1_grid_cap_plus_attack,D0_weak,P_aggressive,24,0.6717471590909091,0.9888753185203853,0.440908014240184,,0.7013888888888888,0.08333333333333333,0.0
v1.0,v1.0,v1.0,A1_grid_cap_plus_attack,D0_weak,P_aggressive,25,0.6825946338383839,0.9844818303371417,0.4330063364237128,,0.6854166666666667,0.08125,0.0
v1.0,v1.0,v1.0,A1_grid_cap_plus_attack,D0_weak,P_aggressive,26,0.6727545454545455,0.9992816175235215,0.4224477912950065,,0.7902777777777777,0.04375,0.0
v1.0,v1.0,v1.0,A1_grid_cap_plus_attack,D0_weak,P_aggressive,27,0.6333070707070707,0.9928603655633961,0.486822990616854,,0.83125,0.08125,0.0
v1.0,v1.0,v1.0,A1_grid_cap_plus_attack,D0_weak,P_aggressive,28,0.6440121212121213,0.9959724917394712,0.4722444998116244,,0.7715277777777778,0.09791666666666667,0.0
v1.0,v1.0,v1.0,A1_grid_cap_plus_attack,D0_weak,P_aggressive,29,0.6612342171717173,0.9947191490255376,0.4509083595531932,,0.7895833333333333,0.06527777777777778,2.0
v1.0,v1.0,v1.0,A1_grid_cap_plus_attack,D0_weak,P_aggressive,30,0.6786381313131313,0.998605696264561,0.41053503316939555,,0.7534722222222222,0.034722222222222224,0.0
v1.0,v1.0,v1.0,A1_grid_cap_plus_attack,D0_weak,P_aggressive,31,0.6497347853535353,0.9887063382056452,0.474671775466357,,0.7652777777777777,0.09236111111111112,1.0
v1.0,v1.0,v1.0,A1_grid_cap_plus_attack,D0_weak,P_aggressive,32,0.6932558080808081,0.9992816175235215,0.38583541755763273,,0.73125,0.014583333333333334,0.0
v1.0,v1.0,v1.0,A1_grid_cap_plus_attack,D0_weak,P_aggressive,33,0.6656090909090909,0.9977607946908602,0.4348557332396546,,0.8173611111111111,0.04583333333333333,0.0
v1.0,v1.0,v1.0,A1_grid_cap_plus_attack,D0_weak,P_aggressive,34,0.6513174873737374,0.9970848734318997,0.46096538673020526,,0.8472222222222222,0.06875,0.0
v1.0,v1.0,v1.0,A1_grid_cap_plus_attack,D0_weak,P_aggressive,35,0.6929878787878788,0.998605696264561,0.39503945236131466,,0.7298611111111111,0.03819444444444445,0.0
v1.0,v1.0,v1.0,A1_grid_cap_plus_attack,D0_weak,P_aggressive,36,0.6422405934343435,0.9991126372087813,0.4688450752484523,,0.8444444444444444,0.06736111111111111,1.0
v1.0,v1.0,v1.0,A1_grid_cap_plus_attack,D0_weak,P_aggressive,37,0.6610452651515152,0.9992816175235215,0.4334973493758145,,0.7569444444444444,0.05138888888888889,0.0
v1.0,v1.0,v1.0,A1_grid_cap_plus_attack,D0_weak,P_aggressive,38,0.6447666666666667,0.998774676579301,0.4681967769937277,,0.7916666666666666,0.09236111111111112,0.0
v1.0,v1.0,v1.0,A1_grid_cap_plus_attack,D0_weak,P_aggressive,39,0.6277152146464647,0.9979297750056004,0.4950121109023703,,0.7916666666666666,0.11736111111111111,0.0
v1.0,v1.0,v1.0,A1_grid_cap_plus_attack,D0_weak,P_conservative,0,0.562895643939394,0.9721356546818984,0.7021040704423279,,0.12083333333333333,0.6270833333333333,0.0
v1.0,v1.0,v1.0,A1_grid_cap_plus_attack,D0_weak,P_conservative,1,0.5567761994949496,0.9221908061206812,0.7806226109380108,,0.0,0.6972222222222222,0.0
v1.0,v1.0,v1.0,A1_grid_cap_plus_attack,D0_weak,P_conservative,2,0.5095654671717172,0.9414239805438446,0.836802145064558,,0.06041666666666667,0.7715277777777778,0.0
v1.0,v1.0,v1.0,A1_grid_cap_plus_attack,D0_weak,P_conservative,3,0.5468145202020203,0.9740755313340054,0.7250587310860621,,0.18125,0.6361111111111111,0.0
v1.0,v1.0,v1.0,A1_grid_cap_plus_attack,D0_weak,P_conservative,4,0.5687111742424242,0.9251003673325987,0.7559600516251239,,0.0,0.6708333333333333,0.0
v1.0,v1.0,v1.0,A1_grid_cap_plus_attack,D0_weak,P_conservative,5,0.5316291666666668,0.9856646925403225,0.7377607022849461,,0.18125,0.66875,0.0
v1.0,v1.0,v1.0,A1_grid_cap_plus_attack,D0_weak,P_conservative,6,0.5491089015151516,0.9250237999322852,0.7870430941216617,,0.06041666666666667,0.6861111111111111,0.0
v1.0,v1.0,v1.0,A1_grid_cap_plus_attack,D0_weak,P_conservative,7,0.5655072601010102,0.9465037423758733,0.7327160268257197,,0.06041666666666667,0.6513888888888889,0.0
v1.0,v1.0,v1.0,A1_grid_cap_plus_attack,D0_weak,P_conservative,8,0.5480404040404041,0.9594447244623656,0.7400356488269793,,0.1701388888888889,0.6354166666666666,0.0
v1.0,v1.0,v1.0,A1_grid_cap_plus_attack,D0_weak,P_conservative,9,0.5915757575757576,0.9385901511333072,0.6959702277309403,,0.06041666666666667,0.59375,0.0
v1.0,v1.0,v1.0,A1_grid_cap_plus_attack,D0_weak,P_conservative,10,0.5488737373737375,0.9594447244623656,0.7382300932714237,,0.16527777777777777,0.6340277777777777,0.0
v1.0,v1.0,v1.0,A1_grid_cap_plus_attack,D0_weak,P_conservative,11,0.5773495580808081,0.9593155191023115,0.695673207885307,,0.06666666666666667,0.6215277777777778,0.0
v1.0,v1.0,v1.0,A1_grid_cap_plus_attack,D0_weak,P_conservative,12,0.5925179924242424,0.9557823191593333,0.6736682245845576,,0.06041666666666667,0.5916666666666667,0.0
v1.0,v1.0,v1.0,A1_grid_cap_plus_attack,D0_weak,P_conservative,13,0.6064231060606061,0.9740755313340054,0.6187834785608096,,0.18125,0.5027777777777778,0.0
v1.0,v1.0,v1.0,A1_grid_cap_plus_attack,D0_weak,P_conservative,14,0.5917277146464647,0.9740755313340054,0.6453885921971733,,0.18125,0.5368055555555555,0.0
v1.0,v1.0,v1.0,A1_grid_cap_plus_attack,D0_weak,P_conservative,15,0.5520650252525253,0.9210422951159769,0.7903578317194134,,0.0,0.7076388888888889,0.0
v1.0,v1.0,v1.0,A1_grid_cap_plus_attack,D0_weak,P_conservative,16,0.5927042297979798,0.96451413390457,0.658594087294314,,0.12083333333333333,0.5618055555555556,0.0
v1.0,v1.0,v1.0,A1_grid_cap_plus_attack,D0_weak,P_conservative,17,0.4958450126262627,0.9073367304598393,0.9065314663774857,,0.0,0.8319444444444445,0.0
v1.0,v1.0,v1.0,A1_grid_cap_plus_attack,D0_weak,P_conservative,18,0.5332637626262626,0.9443046857498868,0.7880497811405399,,0.11666666666666667,0.69375,0.0
v1.0,v1.0,v1.0,A1_grid_cap_plus_attack,D0_weak,P_conservative,19,0.5473020202020202,0.9794829014056899,0.7200615536667074,,0.12083333333333333,0.6590277777777778,0.0
v1.0,v1.0,v1.0,A1_grid_cap_plus_attack,D0_weak,P_conservative,20,0.5750919823232323,0.9766102360551076,0.6661354566328608,,0.2673611111111111,0.5326388888888889,0.0
v1.0,v1.0,v1.0,A1_grid_cap_plus_attack,D0_weak,P_conservative,21,0.5657724116161618,0.9594447244623656,0.7144772523623327,,0.18125,0.6041666666666666,1.0
v1.0,v1.0,v1.0,A1_grid_cap_plus_attack,D0_weak,P_conservative,22,0.5629946338383839,0.9425151750621116,0.7419593783093044,,0.06041666666666667,0.6569444444444444,0.0
v1.0,v1.0,v1.0,A1_grid_cap_plus_attack,D0_weak,P_conservative,23,0.5550187500000001,0.9614724882392474,0.7293392641129031,,0.12083333333333333,0.6458333333333334,0.0
v1.0,v1.0,v1.0,A1_grid_cap_plus_attack,D0_weak,P_conservative,24,0.6014970328282828,0.9599516654065859,0.6455193020171475,,0.18125,0.5166666666666667,0.0
v1.0,v1.0,v1.0,A1_grid_cap_plus_attack,D0_weak,P_conservative,25,0.603873106060606,0.9712028659834229,0.6297459547592866,,0.15069444444444444,0.5256944444444445,0.0
v1.0,v1.0,v1.0,A1_grid_cap_plus_attack,D0_weak,P_conservative,26,0.5731166035353535,0.9740755313340054,0.6771941477527289,,0.15763888888888888,0.58125,0.0
v1.0,v1.0,v1.0,A1_grid_cap_plus_attack,D0_weak,P_conservative,27,0.5196159722222222,0.9438741373538805,0.8160336740642324,,0.06041666666666667,0.7493055555555556,0.0
v1.0,v1.0,v1.0,A1_grid_cap_plus_attack,D0_weak,P_conservative,28,0.5065236742424243,0.9099400220705023,0.8844649659396395,,0.0,0.8083333333333333,0.0
v1.0,v1.0,v1.0,A1_grid_cap_plus_attack,D0_weak,P_conservative,29,0.5420145202020202,0.9185921383059412,0.8151263027197392,,0.0,0.7298611111111111,2.0
v1.0,v1.0,v1.0,A1_grid_cap_plus_attack,D0_weak,P_conservative,30,0.5704966540404041,0.9569419296925894,0.7100966414395997,,0.06041666666666667,0.6368055555555555,0.0
v1.0,v1.0,v1.0,A1_grid_cap_plus_attack,D0_weak,P_conservative,31,0.5465962752525253,0.9402460975684234,0.7752334076653667,,0.06041666666666667,0.6916666666666667,1.0
v1.0,v1.0,v1.0,A1_grid_cap_plus_attack,D0_weak,P_conservative,32,0.5818393308080808,0.9489886007249909,0.700763237210819,,0.06041666666666667,0.6152777777777778,0.0
v1.0,v1.0,v1.0,A1_grid_cap_plus_attack,D0_weak,P_conservative,33,0.5668851010101009,0.9594447244623656,0.7077187296350603,,0.18125,0.59375,0.0
v1.0,v1.0,v1.0,A1_grid_cap_plus_attack,D0_weak,P_conservative,34,0.538999494949495,0.9757653344814069,0.7352209925617056,,0.18125,0.6486111111111111,0.0
v1.0,v1.0,v1.0,A1_grid_cap_plus_attack,D0_weak,P_conservative,35,0.578698547979798,0.9370448817815237,0.720667038326818,,0.06041666666666667,0.6222222222222222,0.0
v1.0,v1.0,v1.0,A1_grid_cap_plus_attack,D0_weak,P_conservative,36,0.5256824494949495,0.9146106334896331,0.8468750680952686,,0.0,0.7659722222222223,1.0
v1.0,v1.0,v1.0,A1_grid_cap_plus_attack,D0_weak,P_conservative,37,0.5742024621212121,0.9740755313340054,0.6797194002779814,,0.12083333333333333,0.6020833333333333,0.0
v1.0,v1.0,v1.0,A1_grid_cap_plus_attack,D0_weak,P_conservative,38,0.5312727272727273,0.9362768101249368,0.8057159339106819,,0.06041666666666667,0.7270833333333333,0.0
v1.0,v1.0,v1.0,A1_grid_cap_plus_attack,D0_weak,P_conservative,39,0.5374248737373738,0.9594447244623656,0.7632206235744541,,0.12083333333333333,0.6854166666666667,0.0
v1.0,v1.0,v1.0,A1_grid_cap_plus_attack,D1_improved,P_alpha0.15,0,0.6915302398989899,1.0,0.39808781565656565,,0.8159722222222222,0.022916666666666665,0.0
v1.0,v1.0,v1.0,A1_grid_cap_plus_attack,D1_improved,P_alpha0.15,1,0.7023334595959595,1.0,0.3807915404040405,,0.7729166666666667,0.016666666666666666,0.0
v1.0,v1.0,v1.0,A1_grid_cap_plus_attack,D1_improved,P_alpha0.15,2,0.6635013257575758,1.0,0.436151452020202,,0.8993055555555556,0.027777777777777776,0.0
v1.0,v1.0,v1.0,A1_grid_cap_plus_attack,D1_improved,P_alpha0.15,3,0.6759311237373737,1.0,0.42254109848484844,,0.8729166666666667,0.03194444444444444,0.0
v1.0,v1.0,v1.0,A1_grid_cap_plus_attack,D1_improved,P_alpha0.15,4,0.7091376893939394,1.0,0.37284147727272726,,0.7493055555555556,0.02013888888888889,0.0
v1.0,v1.0,v1.0,A1_grid_cap_plus_attack,D1_improved,P_alpha0.15,5,0.6683403409090909,1.0,0.430548547979798,,0.90625,0.02361111111111111,0.0
v1.0,v1.0,v1.0,A1_grid_cap_plus_attack,D1_improved,P_alpha0.15,6,0.6936746843434344,1.0,0.3937905934343434,,0.8090277777777778,0.01875,0.0
v1.0,v1.0,v1.0,A1_grid_cap_plus_attack,D1_improved,P_alpha0.15,7,0.6995458333333333,1.0,0.3867388888888889,,0.7729166666666667,0.025694444444444443,0.0
v1.0,v1.0,v1.0,A1_grid_cap_plus_attack,D1_improved,P_alpha0.15,8,0.6786399621212121,1.0,0.41563087121212117,,0.8576388888888888,0.024305555555555556,0.0
v1.0,v1.0,v1.0,A1_grid_cap_plus_attack,D1_improved,P_alpha0.15,9,0.709367297979798,1.0,0.37028547979797977,,0.7333333333333333,0.018055555555555554,0.0
v1.0,v1.0,v1.0,A1_grid_cap_plus_attack,D1_improved,P_alpha0.15,10,0.6757046085858587,1.0,0.42196900252525243,,0.8625,0.03263888888888889,0.0
v1.0,v1.0,v1.0,A1_grid_cap_plus_attack,D1_improved,P_alpha0.15,11,0.7086007575757576,1.0,0.3732742424242424,,0.7701388888888889,0.013888888888888888,0.0
v1.0,v1.0,v1.0,A1_grid_cap_plus_attack,D1_improved,P_alpha0.15,12,0.71090625,1.0,0.36648958333333337,,0.7277777777777777,0.013194444444444444,0.0
v1.0,v1.0,v1.0,A1_grid_cap_plus_attack,D1_improved,P_alpha0.15,13,0.712024053030303,1.0,0.3678370580808081,,0.7597222222222222,0.011111111111111112,0.0
v1.0,v1.0,v1.0,A1_grid_cap_plus_attack,D1_improved,P_alpha0.15,14,0.6912118686868687,1.0,0.397329797979798,,0.7930555555555555,0.02638888888888889,0.0
v1.0,v1.0,v1.0,A1_grid_cap_plus_attack,D1_improved,P_alpha0.15,15,0.6979089015151515,1.0,0.3886883207070707,,0.7541666666666667,0.03194444444444444,0.0
v1.0,v1.0,v1.0,A1_grid_cap_plus_attack,D1_improved,P_alpha0.15,16,0.7089053661616161,1.0,0.37217102272727276,,0.7597222222222222,0.014583333333333334,0.0
v1.0,v1.0,v1.0,A1_grid_cap_plus_attack,D1_improved,P_alpha0.15,17,0.6701106691919192,1.0,0.4261046085858586,,0.9013888888888889,0.017361111111111112,0.0
v1.0,v1.0,v1.0,A1_grid_cap_plus_attack,D1_improved,P_alpha0.15,18,0.6755145833333334,1.0,0.42191597222222216,,0.8868055555555555,0.025,0.0
v1.0,v1.0,v1.0,A1_grid_cap_plus_attack,D1_improved,P_alpha0.15,19,0.6778030934343434,1.0,0.41198857323232324,,0.8347222222222223,0.018055555555555554,0.0
v1.0,v1.0,v1.0,A1_grid_cap_plus_attack,D1_improved,P_alpha0.15,20,0.6797260732323233,1.0,0.4134683712121212,,0.8736111111111111,0.016666666666666666,0.0
v1.0,v1.0,v1.0,A1_grid_cap_plus_attack,D1_improved,P_alpha0.15,21,0.6794469065656565,1.0,0.41984476010101013,,0.8270833333333333,0.041666666666666664,1.0
v1.0,v1.0,v1.0,A1_grid_cap_plus_attack,D1_improved,P_alpha0.15,22,0.7009078282828283,1.0,0.3808630050505051,,0.78125,0.010416666666666666,0.0
v1.0,v1.0,v1.0,A1_grid_cap_plus_attack,D1_improved,P_alpha0.15,23,0.6833466540404041,1.0,0.4064102904040404,,0.7979166666666667,0.02847222222222222,0.0
v1.0,v1.0,v1.0,A1_grid_cap_plus_attack,D1_improved,P_alpha0.15,24,0.6997017676767676,1.0,0.3831454545454546,,0.7847222222222222,0.0125,0.0
v1.0,v1.0,v1.0,A1_grid_cap_plus_attack,D1_improved,P_alpha0.15,25,0.7143599116161615,1.0,0.36515397727272736,,0.7659722222222223,0.008333333333333333,0.0
v1.0,v1.0,v1.0,A1_grid_cap_plus_attack,D1_improved,P_alpha0.15,26,0.6970206439393939,1.0,0.3895071338383839,,0.8069444444444445,0.016666666666666666,0.0
v1.0,v1.0,v1.0,A1_grid_cap_plus_attack,D1_improved,P_alpha0.15,27,0.6555997474747475,1.0,0.45346275252525253,,0.8354166666666667,0.07291666666666667,0.0
v1.0,v1.0,v1.0,A1_grid_cap_plus_attack,D1_improved,P_alpha0.15,28,0.6836212752525253,1.0,0.41089261363636365,,0.8819444444444444,0.018055555555555554,0.0
v1.0,v1.0,v1.0,A1_grid_cap_plus_attack,D1_improved,P_alpha0.15,29,0.6980458333333333,1.0,0.3883291666666667,,0.7951388888888888,0.013888888888888888,1.0
v1.0,v1.0,v1.0,A1_grid_cap_plus_attack,D1_improved,P_alpha0.15,30,0.6837464015151515,1.0,0.4130938762626262,,0.7229166666666667,0.07013888888888889,0.0
v1.0,v1.0,v1.0,A1_grid_cap_plus_attack,D1_improved,P_alpha0.15,31,0.6887126893939394,1.0,0.40371786616161615,,0.7590277777777777,0.04722222222222222,0.0
v1.0,v1.0,v1.0,A1_grid_cap_plus_attack,D1_improved,P_alpha0.15,32,0.6944431186868687,1.0,0.39277910353535356,,0.7263888888888889,0.041666666666666664,0.0
v1.0,v1.0,v1.0,A1_grid_cap_plus_attack,D1_improved,P_alpha0.15,33,0.6722498106060606,1.0,0.4240696338383838,,0.8368055555555556,0.03611111111111111,0.0
v1.0,v1.0,v1.0,A1_grid_cap_plus_attack,D1_improved,P_alpha0.15,34,0.6714722853535353,1.0,0.4242916035353536,,0.8895833333333333,0.019444444444444445,0.0
v1.0,v1.0,v1.0,A1_grid_cap_plus_attack,D1_improved,P_alpha0.15,35,0.7040225378787878,1.0,0.37576912878787894,,0.7395833333333334,0.016666666666666666,0.0
v1.0,v1.0,v1.0,A1_grid_cap_plus_attack,D1_improved,P_alpha0.15,36,0.6948365530303031,1.0,0.39372594696969687,,0.8194444444444444,0.013194444444444444,1.0
v1.0,v1.0,v1.0,A1_grid_cap_plus_attack,D1_improved,P_alpha0.15,37,0.6885776515151516,1.0,0.40069318181818175,,0.7881944444444444,0.029861111111111113,0.0
v1.0,v1.0,v1.0,A1_grid_cap_plus_attack,D1_improved,P_alpha0.15,38,0.6811970328282828,1.0,0.4133515782828283,,0.8604166666666667,0.024305555555555556,0.0
v1.0,v1.0,v1.0,A1_grid_cap_plus_attack,D1_improved,P_alpha0.15,39,0.6749596590909092,1.0,0.4216722853535353,,0.8666666666666667,0.02847222222222222,0.0
v1.0,v1.0,v1.0,A1_grid_cap_plus_attack,D1_improved,P_alpha0.30,0,0.6915302398989899,1.0,0.39808781565656565,,0.8159722222222222,0.022916666666666665,0.0
v1.0,v1.0,v1.0,A1_grid_cap_plus_attack,D1_improved,P_alpha0.30,1,0.7023334595959595,1.0,0.3807915404040405,,0.7729166666666667,0.016666666666666666,0.0
v1.0,v1.0,v1.0,A1_grid_cap_plus_attack,D1_improved,P_alpha0.30,2,0.6635013257575758,1.0,0.436151452020202,,0.8993055555555556,0.027777777777777776,0.0
v1.0,v1.0,v1.0,A1_grid_cap_plus_attack,D1_improved,P_alpha0.30,3,0.6759311237373737,1.0,0.42254109848484844,,0.8729166666666667,0.03194444444444444,0.0
v1.0,v1.0,v1.0,A1_grid_cap_plus_attack,D1_improved,P_alpha0.30,4,0.7091376893939394,1.0,0.37284147727272726,,0.7493055555555556,0.02013888888888889,0.0
v1.0,v1.0,v1.0,A1_grid_cap_plus_attack,D1_improved,P_alpha0.30,5,0.6683403409090909,1.0,0.430548547979798,,0.90625,0.02361111111111111,0.0
v1.0,v1.0,v1.0,A1_grid_cap_plus_attack,D1_improved,P_alpha0.30,6,0.6936746843434344,1.0,0.3937905934343434,,0.8090277777777778,0.01875,0.0
v1.0,v1.0,v1.0,A1_grid_cap_plus_attack,D1_improved,P_alpha0.30,7,0.6995458333333333,1.0,0.3867388888888889,,0.7729166666666667,0.025694444444444443,0.0
v1.0,v1.0,v1.0,A1_grid_cap_plus_attack,D1_improved,P_alpha0.30,8,0.6786399621212121,1.0,0.41563087121212117,,0.8576388888888888,0.024305555555555556,0.0
v1.0,v1.0,v1.0,A1_grid_cap_plus_attack,D1_improved,P_alpha0.30,9,0.709367297979798,1.0,0.37028547979797977,,0.7333333333333333,0.018055555555555554,0.0
v1.0,v1.0,v1.0,A1_grid_cap_plus_attack,D1_improved,P_alpha0.30,10,0.6757046085858587,1.0,0.42196900252525243,,0.8625,0.03263888888888889,0.0
v1.0,v1.0,v1.0,A1_grid_cap_plus_attack,D1_improved,P_alpha0.30,11,0.7086007575757576,1.0,0.3732742424242424,,0.7701388888888889,0.013888888888888888,0.0
v1.0,v1.0,v1.0,A1_grid_cap_plus_attack,D1_improved,P_alpha0.30,12,0.71090625,1.0,0.36648958333333337,,0.7277777777777777,0.013194444444444444,0.0
v1.0,v1.0,v1.0,A1_grid_cap_plus_attack,D1_improved,P_alpha0.30,13,0.712024053030303,1.0,0.3678370580808081,,0.7597222222222222,0.011111111111111112,0.0
v1.0,v1.0,v1.0,A1_grid_cap_plus_attack,D1_improved,P_alpha0.30,14,0.6912118686868687,1.0,0.397329797979798,,0.7930555555555555,0.02638888888888889,0.0
v1.0,v1.0,v1.0,A1_grid_cap_plus_attack,D1_improved,P_alpha0.30,15,0.6979089015151515,1.0,0.3886883207070707,,0.7541666666666667,0.03194444444444444,0.0
v1.0,v1.0,v1.0,A1_grid_cap_plus_attack,D1_improved,P_alpha0.30,16,0.7089053661616161,1.0,0.37217102272727276,,0.7597222222222222,0.014583333333333334,0.0
v1.0,v1.0,v1.0,A1_grid_cap_plus_attack,D1_improved,P_alpha0.30,17,0.6701106691919192,1.0,0.4261046085858586,,0.9013888888888889,0.017361111111111112,0.0
v1.0,v1.0,v1.0,A1_grid_cap_plus_attack,D1_improved,P_alpha0.30,18,0.6755145833333334,1.0,0.42191597222222216,,0.8868055555555555,0.025,0.0
v1.0,v1.0,v1.0,A1_grid_cap_plus_attack,D1_improved,P_alpha0.30,19,0.6778030934343434,1.0,0.41198857323232324,,0.8347222222222223,0.018055555555555554,0.0
v1.0,v1.0,v1.0,A1_grid_cap_plus_attack,D1_improved,P_alpha0.30,20,0.6797260732323233,1.0,0.4134683712121212,,0.8736111111111111,0.016666666666666666,0.0
v1.0,v1.0,v1.0,A1_grid_cap_plus_attack,D1_improved,P_alpha0.30,21,0.6794469065656565,1.0,0.41984476010101013,,0.8270833333333333,0.041666666666666664,1.0
v1.0,v1.0,v1.0,A1_grid_cap_plus_attack,D1_improved,P_alpha0.30,22,0.7009078282828283,1.0,0.3808630050505051,,0.78125,0.010416666666666666,0.0
v1.0,v1.0,v1.0,A1_grid_cap_plus_attack,D1_improved,P_alpha0.30,23,0.6833466540404041,1.0,0.4064102904040404,,0.7979166666666667,0.02847222222222222,0.0
v1.0,v1.0,v1.0,A1_grid_cap_plus_attack,D1_improved,P_alpha0.30,24,0.6997017676767676,1.0,0.3831454545454546,,0.7847222222222222,0.0125,0.0
v1.0,v1.0,v1.0,A1_grid_cap_plus_attack,D1_improved,P_alpha0.30,25,0.7143599116161615,1.0,0.36515397727272736,,0.7659722222222223,0.008333333333333333,0.0
v1.0,v1.0,v1.0,A1_grid_cap_plus_attack,D1_improved,P_alpha0.30,26,0.6970206439393939,1.0,0.3895071338383839,,0.8069444444444445,0.016666666666666666,0.0
v1.0,v1.0,v1.0,A1_grid_cap_plus_attack,D1_improved,P_alpha0.30,27,0.6555997474747475,1.0,0.45346275252525253,,0.8354166666666667,0.07291666666666667,0.0
v1.0,v1.0,v1.0,A1_grid_cap_plus_attack,D1_improved,P_alpha0.30,28,0.6836212752525253,1.0,0.41089261363636365,,0.8819444444444444,0.018055555555555554,0.0
v1.0,v1.0,v1.0,A1_grid_cap_plus_attack,D1_improved,P_alpha0.30,29,0.6980458333333333,1.0,0.3883291666666667,,0.7951388888888888,0.013888888888888888,1.0
v1.0,v1.0,v1.0,A1_grid_cap_plus_attack,D1_improved,P_alpha0.30,30,0.6837464015151515,1.0,0.4130938762626262,,0.7229166666666667,0.07013888888888889,0.0
v1.0,v1.0,v1.0,A1_grid_cap_plus_attack,D1_improved,P_alpha0.30,31,0.6887126893939394,1.0,0.40371786616161615,,0.7590277777777777,0.04722222222222222,0.0
v1.0,v1.0,v1.0,A1_grid_cap_plus_attack,D1_improved,P_alpha0.30,32,0.6944431186868687,1.0,0.39277910353535356,,0.7263888888888889,0.041666666666666664,0.0
v1.0,v1.0,v1.0,A1_grid_cap_plus_attack,D1_improved,P_alpha0.30,33,0.6722498106060606,1.0,0.4240696338383838,,0.8368055555555556,0.03611111111111111,0.0
v1.0,v1.0,v1.0,A1_grid_cap_plus_attack,D1_improved,P_alpha0.30,34,0.6714722853535353,1.0,0.4242916035353536,,0.8895833333333333,0.019444444444444445,0.0
v1.0,v1.0,v1.0,A1_grid_cap_plus_attack,D1_improved,P_alpha0.30,35,0.7040225378787878,1.0,0.37576912878787894,,0.7395833333333334,0.016666666666666666,0.0
v1.0,v1.0,v1.0,A1_grid_cap_plus_attack,D1_improved,P_alpha0.30,36,0.6948365530303031,1.0,0.39372594696969687,,0.8194444444444444,0.013194444444444444,1.0
v1.0,v1.0,v1.0,A1_grid_cap_plus_attack,D1_improved,P_alpha0.30,37,0.6885776515151516,1.0,0.40069318181818175,,0.7881944444444444,0.029861111111111113,0.0
v1.0,v1.0,v1.0,A1_grid_cap_plus_attack,D1_improved,P_alpha0.30,38,0.6811970328282828,1.0,0.4133515782828283,,0.8604166666666667,0.024305555555555556,0.0
v1.0,v1.0,v1.0,A1_grid_cap_plus_attack,D1_improved,P_alpha0.30,39,0.6749596590909092,1.0,0.4216722853535353,,0.8666666666666667,0.02847222222222222,0.0
v1.0,v1.0,v1.0,A1_grid_cap_plus_attack,D1_improved,P_alpha0.45,0,0.6915883080808081,1.0,0.39802974747474745,,0.8159722222222222,0.022916666666666665,0.0
v1.0,v1.0,v1.0,A1_grid_cap_plus_attack,D1_improved,P_alpha0.45,1,0.7023832323232322,1.0,0.3807417676767678,,0.7729166666666667,0.016666666666666666,0.0
v1.0,v1.0,v1.0,A1_grid_cap_plus_attack,D1_improved,P_alpha0.45,2,0.6635262121212121,1.0,0.4361265656565657,,0.8993055555555556,0.027777777777777776,0.0
v1.0,v1.0,v1.0,A1_grid_cap_plus_attack,D1_improved,P_alpha0.45,3,0.6761136237373738,1.0,0.42235859848484836,,0.8729166666666667,0.03194444444444444,0.0
v1.0,v1.0,v1.0,A1_grid_cap_plus_attack,D1_improved,P_alpha0.45,4,0.7092870075757577,1.0,0.37269215909090897,,0.7493055555555556,0.02013888888888889,0.0
v1.0,v1.0,v1.0,A1_grid_cap_plus_attack,D1_improved,P_alpha0.45,5,0.6683652272727272,1.0,0.43052366161616173,,0.90625,0.02361111111111111,0.0
v1.0,v1.0,v1.0,A1_grid_cap_plus_attack,D1_improved,P_alpha0.45,6,0.6937244570707071,1.0,0.3937408207070707,,0.8090277777777778,0.01875,0.0
v1.0,v1.0,v1.0,A1_grid_cap_plus_attack,D1_improved,P_alpha0.45,7,0.6995707196969696,1.0,0.3867140025252526,,0.7729166666666667,0.025694444444444443,0.0
v1.0,v1.0,v1.0,A1_grid_cap_plus_attack,D1_improved,P_alpha0.45,8,0.6786897348484848,1.0,0.4155810984848485,,0.8576388888888888,0.024305555555555556,0.0
v1.0,v1.0,v1.0,A1_grid_cap_plus_attack,D1_improved,P_alpha0.45,9,0.7094419570707071,1.0,0.3702108207070707,,0.7333333333333333,0.018055555555555554,0.0
v1.0,v1.0,v1.0,A1_grid_cap_plus_attack,D1_improved,P_alpha0.45,10,0.675729494949495,1.0,0.42194411616161615,,0.8625,0.03263888888888889,0.0
v1.0,v1.0,v1.0,A1_grid_cap_plus_attack,D1_improved,P_alpha0.45,11,0.7086671212121212,1.0,0.3732078787878788,,0.7701388888888889,0.013888888888888888,0.0
v1.0,v1.0,v1.0,A1_grid_cap_plus_attack,D1_improved,P_alpha0.45,12,0.7109477272727273,1.0,0.36644810606060607,,0.7277777777777777,0.013194444444444444,0.0
v1.0,v1.0,v1.0,A1_grid_cap_plus_attack,D1_improved,P_alpha0.45,13,0.7120489393939394,1.0,0.3678121717171717,,0.7597222222222222,0.011111111111111112,0.0
v1.0,v1.0,v1.0,A1_grid_cap_plus_attack,D1_improved,P_alpha0.45,14,0.691236755050505,1.0,0.3973049116161617,,0.7930555555555555,0.02638888888888889,0.0
v1.0,v1.0,v1.0,A1_grid_cap_plus_attack,D1_improved,P_alpha0.45,15,0.6980831060606061,1.0,0.38851411616161613,,0.7541666666666667,0.03194444444444444,0.0
v1.0,v1.0,v1.0,A1_grid_cap_plus_attack,D1_improved,P_alpha0.45,16,0.7089302525252525,1.0,0.37214613636363636,,0.7597222222222222,0.014583333333333334,0.0
v1.0,v1.0,v1.0,A1_grid_cap_plus_attack,D1_improved,P_alpha0.45,17,0.670143851010101,1.0,0.4260714267676768,,0.9013888888888889,0.017361111111111112,0.0
v1.0,v1.0,v1.0,A1_grid_cap_plus_attack,D1_improved,P_alpha0.45,18,0.6755394696969698,1.0,0.42189108585858576,,0.8868055555555555,0.025,0.0
v1.0,v1.0,v1.0,A1_grid_cap_plus_attack,D1_improved,P_alpha0.45,19,0.6778279797979797,1.0,0.41196368686868695,,0.8347222222222223,0.018055555555555554,0.0
v1.0,v1.0,v1.0,A1_grid_cap_plus_attack,D1_improved,P_alpha0.45,20,0.6797509595959597,1.0,0.4134434848484848,,0.8736111111111111,0.016666666666666666,0.0
v1.0,v1.0,v1.0,A1_grid_cap_plus_attack,D1_improved,P_alpha0.45,21,0.679546452020202,1.0,0.41974521464646464,,0.8270833333333333,0.041666666666666664,1.0
v1.0,v1.0,v1.0,A1_grid_cap_plus_attack,D1_improved,P_alpha0.45,22,0.7009493055555556,1.0,0.3808215277777778,,0.78125,0.010416666666666666,0.0
v1.0,v1.0,v1.0,A1_grid_cap_plus_attack,D1_improved,P_alpha0.45,23,0.6833715404040405,1.0,0.406385404040404,,0.7979166666666667,0.02847222222222222,0.0
v1.0,v1.0,v1.0,A1_grid_cap_plus_attack,D1_improved,P_alpha0.45,24,0.699726654040404,1.0,0.3831205681818182,,0.7847222222222222,0.0125,0.0
v1.0,v1.0,v1.0,A1_grid_cap_plus_attack,D1_improved,P_alpha0.45,25,0.7143847979797979,1.0,0.36512909090909096,,0.7659722222222223,0.008333333333333333,0.0
v1.0,v1.0,v1.0,A1_grid_cap_plus_attack,D1_improved,P_alpha0.45,26,0.6970704166666667,1.0,0.3894573611111111,,0.8069444444444445,0.016666666666666666,0.0
v1.0,v1.0,v1.0,A1_grid_cap_plus_attack,D1_improved,P_alpha0.45,27,0.6558486111111111,1.0,0.45321388888888886,,0.8354166666666667,0.07291666666666667,0.0
v1.0,v1.0,v1.0,A1_grid_cap_plus_attack,D1_improved,P_alpha0.45,28,0.6836461616161615,1.0,0.41086772727272736,,0.8819444444444444,0.018055555555555554,0.0
v1.0,v1.0,v1.0,A1_grid_cap_plus_attack,D1_improved,P_alpha0.45,29,0.698112196969697,1.0,0.388262803030303,,0.7951388888888888,0.013888888888888888,1.0
v1.0,v1.0,v1.0,A1_grid_cap_plus_attack,D1_improved,P_alpha0.45,30,0.6837795833333333,1.0,0.41306069444444443,,0.7229166666666667,0.07013888888888889,0.0
v1.0,v1.0,v1.0,A1_grid_cap_plus_attack,D1_improved,P_alpha0.45,31,0.6890610984848484,1.0,0.4033694570707071,,0.7590277777777777,0.04722222222222222,0.0
v1.0,v1.0,v1.0,A1_grid_cap_plus_attack,D1_improved,P_alpha0.45,32,0.6947085732323233,1.0,0.392513648989899,,0.7263888888888889,0.041666666666666664,0.0
v1.0,v1.0,v1.0,A1_grid_cap_plus_attack,D1_improved,P_alpha0.45,33,0.6723825378787879,1.0,0.4239369065656565,,0.8368055555555556,0.03611111111111111,0.0
v1.0,v1.0,v1.0,A1_grid_cap_plus_attack,D1_improved,P_alpha0.45,34,0.6714971717171717,1.0,0.4242667171717172,,0.8895833333333333,0.019444444444444445,0.0
v1.0,v1.0,v1.0,A1_grid_cap_plus_attack,D1_improved,P_alpha0.45,35,0.7041137878787878,1.0,0.37567787878787895,,0.7395833333333334,0.016666666666666666,0.0
v1.0,v1.0,v1.0,A1_grid_cap_plus_attack,D1_improved,P_alpha0.45,36,0.6948614393939395,1.0,0.39370106060606047,,0.8194444444444444,0.013194444444444444,1.0
v1.0,v1.0,v1.0,A1_grid_cap_plus_attack,D1_improved,P_alpha0.45,37,0.6886191287878789,1.0,0.40065170454545446,,0.7881944444444444,0.029861111111111113,0.0
v1.0,v1.0,v1.0,A1_grid_cap_plus_attack,D1_improved,P_alpha0.45,38,0.6812219191919192,1.0,0.4133266919191919,,0.8604166666666667,0.024305555555555556,0.0
v1.0,v1.0,v1.0,A1_grid_cap_plus_attack,D1_improved,P_alpha0.45,39,0.6749845454545456,1.0,0.4216473989898989,,0.8666666666666667,0.02847222222222222,0.0
v1.0,v1.0,v1.0,A1_grid_cap_plus_attack,D1_improved,P_alpha0.60,0,0.6921069065656565,0.9996124557571685,0.39797620208129675,,0.8159722222222222,0.022916666666666665,0.0
v1.0,v1.0,v1.0,A1_grid_cap_plus_attack,D1_improved,P_alpha0.60,1,0.7027952777777778,0.9996678192204301,0.380728339157706,,0.7729166666666667,0.016666666666666666,0.0
v1.0,v1.0,v1.0,A1_grid_cap_plus_attack,D1_improved,P_alpha0.60,2,0.663944356060606,0.9998339096102151,0.4359077301849137,,0.8993055555555556,0.027777777777777776,0.0
v1.0,v1.0,v1.0,A1_grid_cap_plus_attack,D1_improved,P_alpha0.60,3,0.6773062752525253,0.9987820038082437,0.4226275423998045,,0.8729166666666667,0.03194444444444444,0.0
v1.0,v1.0,v1.0,A1_grid_cap_plus_attack,D1_improved,P_alpha0.60,4,0.7101973863636364,0.9990034576612904,0.3729776311094818,,0.7493055555555556,0.02013888888888889,0.0
v1.0,v1.0,v1.0,A1_grid_cap_plus_attack,D1_improved,P_alpha0.60,5,0.6687379166666667,0.9998339096102151,0.43035028068996406,,0.90625,0.02361111111111111,0.0
v1.0,v1.0,v1.0,A1_grid_cap_plus_attack,D1_improved,P_alpha0.60,6,0.6941592297979798,0.9996678192204301,0.3937046649152818,,0.8090277777777778,0.01875,0.0
v1.0,v1.0,v1.0,A1_grid_cap_plus_attack,D1_improved,P_alpha0.60,7,0.6999661363636364,0.9998339096102151,0.3865178943263277,,0.7729166666666667,0.025694444444444443,0.0
v1.0,v1.0,v1.0,A1_grid_cap_plus_attack,D1_improved,P_alpha0.60,8,0.6791851136363637,0.9996678192204301,0.41548433663245343,,0.8576388888888888,0.024305555555555556,0.0
v1.0,v1.0,v1.0,A1_grid_cap_plus_attack,D1_improved,P_alpha0.60,9,0.7099842676767677,0.999501728830645,0.370266435504236,,0.7333333333333333,0.018055555555555554,0.0
v1.0,v1.0,v1.0,A1_grid_cap_plus_attack,D1_improved,P_alpha0.60,10,0.6762006691919192,0.9998339096102151,0.42167225038693373,,0.8625,0.03263888888888889,0.0
v1.0,v1.0,v1.0,A1_grid_cap_plus_attack,D1_improved,P_alpha0.60,11,0.709125606060606,0.9995570922939068,0.3732808831867058,,0.7701388888888889,0.013888888888888888,0.0
v1.0,v1.0,v1.0,A1_grid_cap_plus_attack,D1_improved,P_alpha0.60,12,0.7112835227272727,0.9997231826836918,0.3664444913856305,,0.7277777777777777,0.013194444444444444,0.0
v1.0,v1.0,v1.0,A1_grid_cap_plus_attack,D1_improved,P_alpha0.60,13,0.7122852651515152,0.9998339096102151,0.3677751544273377,,0.7597222222222222,0.011111111111111112,0.0
v1.0,v1.0,v1.0,A1_grid_cap_plus_attack,D1_improved,P_alpha0.60,14,0.6916397474747475,0.9998339096102151,0.397101227659661,,0.7930555555555555,0.02638888888888889,0.0
v1.0,v1.0,v1.0,A1_grid_cap_plus_attack,D1_improved,P_alpha0.60,15,0.6992373863636364,0.9988373672715053,0.38875499513277945,,0.7541666666666667,0.03194444444444444,0.0
v1.0,v1.0,v1.0,A1_grid_cap_plus_attack,D1_improved,P_alpha0.60,16,0.7092044570707071,0.9998339096102151,0.37207124028592364,,0.7597222222222222,0.014583333333333334,0.0
v1.0,v1.0,v1.0,A1_grid_cap_plus_attack,D1_improved,P_alpha0.60,17,0.6704867297979799,0.9997785461469533,0.425994292603454,,0.9013888888888889,0.017361111111111112,0.0
v1.0,v1.0,v1.0,A1_grid_cap_plus_attack,D1_improved,P_alpha0.60,18,0.6759273106060606,0.9998339096102151,0.4217025534172368,,0.8868055555555555,0.025,0.0
v1.0,v1.0,v1.0,A1_grid_cap_plus_attack,D1_improved,P_alpha0.60,19,0.6781400631313131,0.9998339096102151,0.41185091200309537,,0.8347222222222223,0.018055555555555554,0.0
v1.0,v1.0,v1.0,A1_grid_cap_plus_attack,D1_improved,P_alpha0.60,20,0.6800478914141415,0.9998339096102151,0.41334586149804486,,0.8736111111111111,0.016666666666666666,0.0
v1.0,v1.0,v1.0,A1_grid_cap_plus_attack,D1_improved,P_alpha0.60,21,0.6804614520202021,0.9993356384408603,0.4196274485174322,,0.8270833333333333,0.041666666666666664,1.0
v1.0,v1.0,v1.0,A1_grid_cap_plus_attack,D1_improved,P_alpha0.60,22,0.7012547979797981,0.9997231826836918,0.38084821613310516,,0.78125,0.010416666666666666,0.0
v1.0,v1.0,v1.0,A1_grid_cap_plus_attack,D1_improved,P_alpha0.60,23,0.6837972601010102,0.9998339096102151,0.4061589928111762,,0.7979166666666667,0.02847222222222222,0.0
v1.0,v1.0,v1.0,A1_grid_cap_plus_attack,D1_improved,P_alpha0.60,24,0.6999781313131312,0.9998339096102151,0.38306839937683285,,0.7847222222222222,0.0125,0.0
v1.0,v1.0,v1.0,A1_grid_cap_plus_attack,D1_improved,P_alpha0.60,25,0.7145908207070707,0.9998339096102151,0.36512237664956004,,0.7659722222222223,0.008333333333333333,0.0
v1.0,v1.0,v1.0,A1_grid_cap_plus_attack,D1_improved,P_alpha0.60,26,0.6974824621212121,0.9996678192204301,0.3894439325920495,,0.8069444444444445,0.016666666666666666,0.0
v1.0,v1.0,v1.0,A1_grid_cap_plus_attack,D1_improved,P_alpha0.60,27,0.6577952020202021,0.9983390961021505,0.4532603826572172,,0.8354166666666667,0.07291666666666667,0.0
v1.0,v1.0,v1.0,A1_grid_cap_plus_attack,D1_improved,P_alpha0.60,28,0.683958244949495,0.9998339096102151,0.4107549524071358,,0.8819444444444444,0.018055555555555554,0.0
v1.0,v1.0,v1.0,A1_grid_cap_plus_attack,D1_improved,P_alpha0.60,29,0.6985706818181819,0.9995570922939068,0.38833580742912993,,0.7951388888888888,0.013888888888888888,1.0
v1.0,v1.0,v1.0,A1_grid_cap_plus_attack,D1_improved,P_alpha0.60,30,0.6846982196969698,0.9997785461469533,0.41240780270446414,,0.7229166666666667,0.07013888888888889,0.0
v1.0,v1.0,v1.0,A1_grid_cap_plus_attack,D1_improved,P_alpha0.60,31,0.6911878409090908,0.9976747345430108,0.40403303319485173,,0.7590277777777777,0.04722222222222222,0.0
v1.0,v1.0,v1.0,A1_grid_cap_plus_attack,D1_improved,P_alpha0.60,32,0.6963909974747474,0.9982283691756272,0.39295718173672217,,0.7263888888888889,0.041666666666666664,0.0
v1.0,v1.0,v1.0,A1_grid_cap_plus_attack,D1_improved,P_alpha0.60,33,0.6733904166666668,0.9991141845878135,0.4239920062724014,,0.8368055555555556,0.03611111111111111,0.0
v1.0,v1.0,v1.0,A1_grid_cap_plus_attack,D1_improved,P_alpha0.60,34,0.6718244065656566,0.9998339096102151,0.4241387907909742,,0.8895833333333333,0.019444444444444445,0.0
v1.0,v1.0,v1.0,A1_grid_cap_plus_attack,D1_improved,P_alpha0.60,35,0.7047176893939394,0.9993910019041219,0.37580477498778103,,0.7395833333333334,0.016666666666666666,0.0
v1.0,v1.0,v1.0,A1_grid_cap_plus_attack,D1_improved,P_alpha0.60,36,0.6951204924242425,0.9998339096102151,0.3936413160434994,,0.8194444444444444,0.013194444444444444,1.0
v1.0,v1.0,v1.0,A1_grid_cap_plus_attack,D1_improved,P_alpha0.60,37,0.6891367424242424,0.9997231826836918,0.40046627168866084,,0.7881944444444444,0.029861111111111113,0.0
v1.0,v1.0,v1.0,A1_grid_cap_plus_attack,D1_improved,P_alpha0.60,38,0.6816021843434343,0.9998339096102151,0.41314573523541864,,0.8604166666666667,0.024305555555555556,0.0
v1.0,v1.0,v1.0,A1_grid_cap_plus_attack,D1_improved,P_alpha0.60,39,0.6754102651515151,0.9998339096102151,0.42142098776067116,,0.8666666666666667,0.02847222222222222,0.0
v1.0,v1.0,v1.0,A1_grid_cap_plus_attack,D1_improved,P_alpha0.75,0,0.6979673611111111,0.998605696264561,0.39332385892697125,,0.8159722222222222,0.022916666666666665,0.0
v1.0,v1.0,v1.0,A1_grid_cap_plus_attack,D1_improved,P_alpha0.75,1,0.7083894570707071,0.9988451570900537,0.3761213544212284,,0.7729166666666667,0.016666666666666666,0.0
v1.0,v1.0,v1.0,A1_grid_cap_plus_attack,D1_improved,P_alpha0.75,2,0.67038648989899,0.9992816175235215,0.430128346850562,,0.8993055555555556,0.027777777777777776,0.0
v1.0,v1.0,v1.0,A1_grid_cap_plus_attack,D1_improved,P_alpha0.75,3,0.683203787878788,0.9961414720542116,0.41989866787838037,,0.8729166666666667,0.03194444444444444,0.0
v1.0,v1.0,v1.0,A1_grid_cap_plus_attack,D1_improved,P_alpha0.75,4,0.7150863005050506,0.9967469128024193,0.3707965707987128,,0.7493055555555556,0.02013888888888889,0.0
v1.0,v1.0,v1.0,A1_grid_cap_plus_attack,D1_improved,P_alpha0.75,5,0.6745569444444445,0.9992816175235215,0.4251940034162186,,0.90625,0.02361111111111111,0.0
v1.0,v1.0,v1.0,A1_grid_cap_plus_attack,D1_improved,P_alpha0.75,6,0.6996798611111111,0.998774676579301,0.3892558047715055,,0.8090277777777778,0.01875,0.0
v1.0,v1.0,v1.0,A1_grid_cap_plus_attack,D1_improved,P_alpha0.75,7,0.7061156565656566,0.9993520980342742,0.38094654801543665,,0.7729166666666667,0.025694444444444443,0.0
v1.0,v1.0,v1.0,A1_grid_cap_plus_attack,D1_improved,P_alpha0.75,8,0.6852133207070706,0.998774676579301,0.41052790073110157,,0.8576388888888888,0.024305555555555556,0.0
v1.0,v1.0,v1.0,A1_grid_cap_plus_attack,D1_improved,P_alpha0.75,9,0.7150594065656566,0.9982677356350808,0.3666720884500243,,0.7333333333333333,0.018055555555555554,0.0
v1.0,v1.0,v1.0,A1_grid_cap_plus_attack,D1_improved,P_alpha0.75,10,0.6828713383838385,0.9992816175235215,0.41566433169904676,,0.8625,0.03263888888888889,0.0
v1.0,v1.0,v1.0,A1_grid_cap_plus_attack,D1_improved,P_alpha0.75,11,0.7140692550505051,0.9985071964605734,0.3695971091968068,,0.7701388888888889,0.013888888888888888,0.0
v1.0,v1.0,v1.0,A1_grid_cap_plus_attack,D1_improved,P_alpha0.75,12,0.716396148989899,0.9989436568940412,0.3622672960705849,,0.7277777777777777,0.013194444444444444,0.0
v1.0,v1.0,v1.0,A1_grid_cap_plus_attack,D1_improved,P_alpha0.75,13,0.7169622474747475,0.9992816175235215,0.3637609226081378,,0.7597222222222222,0.011111111111111112,0.0
v1.0,v1.0,v1.0,A1_grid_cap_plus_attack,D1_improved,P_alpha0.75,14,0.6977914772727273,0.9992816175235215,0.39161224836571357,,0.7930555555555555,0.02638888888888889,0.0
v1.0,v1.0,v1.0,A1_grid_cap_plus_attack,D1_improved,P_alpha0.75,15,0.7055851641414143,0.9962983135920699,0.38545408177032414,,0.7541666666666667,0.03194444444444444,0.0
v1.0,v1.0,v1.0,A1_grid_cap_plus_attack,D1_improved,P_alpha0.75,16,0.7144133207070708,0.9992816175235215,0.3675251271535923,,0.7597222222222222,0.014583333333333334,0.0
v1.0,v1.0,v1.0,A1_grid_cap_plus_attack,D1_improved,P_alpha0.75,17,0.6761048611111111,0.9991126372087813,0.4211752520161291,,0.9013888888888889,0.017361111111111112,0.0
v1.0,v1.0,v1.0,A1_grid_cap_plus_attack,D1_improved,P_alpha0.75,18,0.6821535353535354,0.9992816175235215,0.4161390791737943,,0.8868055555555555,0.025,0.0
v1.0,v1.0,v1.0,A1_grid_cap_plus_attack,D1_improved,P_alpha0.75,19,0.6846440656565657,0.9993520980342742,0.405925083368972,,0.8347222222222223,0.018055555555555554,0.0
v1.0,v1.0,v1.0,A1_grid_cap_plus_attack,D1_improved,P_alpha0.75,20,0.6854470959595961,0.9992816175235215,0.40860940745662255,,0.8736111111111111,0.016666666666666666,0.0
v1.0,v1.0,v1.0,A1_grid_cap_plus_attack,D1_improved,P_alpha0.75,21,0.6880399621212121,0.997831275201613,0.413854174303519,,0.8270833333333333,0.041666666666666664,1.0
v1.0,v1.0,v1.0,A1_grid_cap_plus_attack,D1_improved,P_alpha0.75,22,0.7061136363636364,0.9989436568940412,0.37692480869684747,,0.78125,0.010416666666666666,0.0
v1.0,v1.0,v1.0,A1_grid_cap_plus_attack,D1_improved,P_alpha0.75,23,0.6910263257575758,0.9992816175235215,0.3995926776586428,,0.7979166666666667,0.02847222222222222,0.0
v1.0,v1.0,v1.0,A1_grid_cap_plus_attack,D1_improved,P_alpha0.75,24,0.7050623106060606,0.9992816175235215,0.3786469705879358,,0.7847222222222222,0.0125,0.0
v1.0,v1.0,v1.0,A1_grid_cap_plus_attack,D1_improved,P_alpha0.75,25,0.7190140151515152,0.9992816175235215,0.36136193270914785,,0.7659722222222223,0.008333333333333333,0.0
v1.0,v1.0,v1.0,A1_grid_cap_plus_attack,D1_improved,P_alpha0.75,26,0.7025444444444444,0.998774676579301,0.38545372143817225,,0.8069444444444445,0.016666666666666666,0.0
v1.0,v1.0,v1.0,A1_grid_cap_plus_attack,D1_improved,P_alpha0.75,27,0.6672582070707072,0.9947191490255376,0.4481413140986477,,0.8354166666666667,0.07291666666666667,0.0
v1.0,v1.0,v1.0,A1_grid_cap_plus_attack,D1_improved,P_alpha0.75,28,0.689269696969697,0.9992816175235215,0.4061062508909661,,0.8819444444444444,0.018055555555555554,0.0
v1.0,v1.0,v1.0,A1_grid_cap_plus_attack,D1_improved,P_alpha0.75,29,0.7033059974747475,0.9984367159498208,0.38494494338546753,,0.7951388888888888,0.013888888888888888,1.0
v1.0,v1.0,v1.0,A1_grid_cap_plus_attack,D1_improved,P_alpha0.75,30,0.6948078282828283,0.9991126372087813,0.40309728484441193,,0.7229166666666667,0.07013888888888889,0.0
v1.0,v1.0,v1.0,A1_grid_cap_plus_attack,D1_improved,P_alpha0.75,31,0.6981277146464646,0.9927618657594086,0.40298860199780057,,0.7590277777777777,0.04722222222222222,0.0
v1.0,v1.0,v1.0,A1_grid_cap_plus_attack,D1_improved,P_alpha0.75,32,0.7029638888888889,0.9943811883960573,0.3910009072580645,,0.7263888888888889,0.041666666666666664,0.0
v1.0,v1.0,v1.0,A1_grid_cap_plus_attack,D1_improved,P_alpha0.75,33,0.6803664141414141,0.9970851674507168,0.41945082936217015,,0.8368055555555556,0.03611111111111111,0.0
v1.0,v1.0,v1.0,A1_grid_cap_plus_attack,D1_improved,P_alpha0.75,34,0.6777447601010101,0.9993520980342742,0.41879661114674976,,0.8895833333333333,0.019444444444444445,0.0
v1.0,v1.0,v1.0,A1_grid_cap_plus_attack,D1_improved,P_alpha0.75,35,0.7104071338383838,0.9979297750056004,0.37186880282156237,,0.7395833333333334,0.016666666666666666,0.0
v1.0,v1.0,v1.0,A1_grid_cap_plus_attack,D1_improved,P_alpha0.75,36,0.6999878156565656,0.9992816175235215,0.3894367433152085,,0.8194444444444444,0.013194444444444444,1.0
v1.0,v1.0,v1.0,A1_grid_cap_plus_attack,D1_improved,P_alpha0.75,37,0.69571875,0.9989436568940412,0.39481969506048387,,0.7881944444444444,0.029861111111111113,0.0
v1.0,v1.0,v1.0,A1_grid_cap_plus_attack,D1_improved,P_alpha0.75,38,0.6874846590909092,0.9992816175235215,0.4079260109919761,,0.8604166666666667,0.024305555555555556,0.0
v1.0,v1.0,v1.0,A1_grid_cap_plus_attack,D1_improved,P_alpha0.75,39,0.6821027146464647,0.9992816175235215,0.41539128876975395,,0.8666666666666667,0.02847222222222222,0.0
v1.0,v1.0,v1.0,A1_grid_cap_plus_attack,D1_improved,P_alpha0.90,0,0.7397458080808081,0.984461133970756,0.36851888670984023,,0.8159722222222222,0.022916666666666665,0.0
v1.0,v1.0,v1.0,A1_grid_cap_plus_attack,D1_improved,P_alpha0.90,1,0.7539123611111112,0.9869759227608749,0.3448415315758391,,0.7729166666666667,0.016666666666666666,0.0
v1.0,v1.0,v1.0,A1_grid_cap_plus_attack,D1_improved,P_alpha0.90,2,0.7070157449494949,0.9857904788688294,0.40968845818568755,,0.8993055555555556,0.027777777777777776,0.0
v1.0,v1.0,v1.0,A1_grid_cap_plus_attack,D1_improved,P_alpha0.90,3,0.7197719444444444,0.9811153001282991,0.401361917623819,,0.8729166666666667,0.03194444444444444,0.0
v1.0,v1.0,v1.0,A1_grid_cap_plus_attack,D1_improved,P_alpha0.90,4,0.7610814646464649,0.9816767345710127,0.34288562053498656,,0.7493055555555556,0.02013888888888889,0.0
v1.0,v1.0,v1.0,A1_grid_cap_plus_attack,D1_improved,P_alpha0.90,5,0.710552297979798,0.9852758562057062,0.4060055634622434,,0.90625,0.02361111111111111,0.0
v1.0,v1.0,v1.0,A1_grid_cap_plus_attack,D1_improved,P_alpha0.90,6,0.7427023232323233,0.9848102656224543,0.36299063579850926,,0.8090277777777778,0.01875,0.0
v1.0,v1.0,v1.0,A1_grid_cap_plus_attack,D1_improved,P_alpha0.90,7,0.7520045075757577,0.9869646597527696,0.3499226229431411,,0.7729166666666667,0.025694444444444443,0.0
v1.0,v1.0,v1.0,A1_grid_cap_plus_attack,D1_improved,P_alpha0.90,8,0.7252616666666667,0.9845792444734645,0.3875140732985093,,0.8576388888888888,0.024305555555555556,0.0
v1.0,v1.0,v1.0,A1_grid_cap_plus_attack,D1_improved,P_alpha0.90,9,0.7625018434343435,0.9841402676844045,0.3361826131221488,,0.7333333333333333,0.018055555555555554,0.0
v1.0,v1.0,v1.0,A1_grid_cap_plus_attack,D1_improved,P_alpha0.90,10,0.7215270454545455,0.985227432515681,0.39387364663774843,,0.8625,0.03263888888888889,0.0
v1.0,v1.0,v1.0,A1_grid_cap_plus_attack,D1_improved,P_alpha0.90,11,0.75932976010101,0.9861010886842213,0.33922393347792434,,0.7701388888888889,0.013888888888888888,0.0
v1.0,v1.0,v1.0,A1_grid_cap_plus_attack,D1_improved,P_alpha0.90,12,0.7657732323232324,0.9864662474034702,0.3278631041259367,,0.7277777777777777,0.013194444444444444,0.0
v1.0,v1.0,v1.0,A1_grid_cap_plus_attack,D1_improved,P_alpha0.90,13,0.7634916919191919,0.9858890782701002,0.333302525267799,,0.7597222222222222,0.011111111111111112,0.0
v1.0,v1.0,v1.0,A1_grid_cap_plus_attack,D1_improved,P_alpha0.90,14,0.7412468686868687,0.9855288170133798,0.3646602175637422,,0.7930555555555555,0.02638888888888889,0.0
v1.0,v1.0,v1.0,A1_grid_cap_plus_attack,D1_improved,P_alpha0.90,15,0.751139696969697,0.981128733822601,0.3581030446654041,,0.7541666666666667,0.03194444444444444,0.0
v1.0,v1.0,v1.0,A1_grid_cap_plus_attack,D1_improved,P_alpha0.90,16,0.7606855050505051,0.9858225437846204,0.33740383129683926,,0.7597222222222222,0.014583333333333334,0.0
v1.0,v1.0,v1.0,A1_grid_cap_plus_attack,D1_improved,P_alpha0.90,17,0.7128908585858585,0.9861243706851783,0.39997517436970526,,0.9013888888888889,0.017361111111111112,0.0
v1.0,v1.0,v1.0,A1_grid_cap_plus_attack,D1_improved,P_alpha0.90,18,0.7196423232323232,0.9867942524921595,0.39363512933264094,,0.8868055555555555,0.025,0.0
v1.0,v1.0,v1.0,A1_grid_cap_plus_attack,D1_improved,P_alpha0.90,19,0.7269655555555556,0.9881748013018287,0.3770163495489166,,0.8347222222222223,0.018055555555555554,0.0
v1.0,v1.0,v1.0,A1_grid_cap_plus_attack,D1_improved,P_alpha0.90,20,0.7234942171717171,0.9855334911488882,0.38706003789406146,,0.8736111111111111,0.016666666666666666,0.0
v1.0,v1.0,v1.0,A1_grid_cap_plus_attack,D1_improved,P_alpha0.90,21,0.7297091919191918,0.9860403958435159,0.3863339997352558,,0.8270833333333333,0.041666666666666664,1.0
v1.0,v1.0,v1.0,A1_grid_cap_plus_attack,D1_improved,P_alpha0.90,22,0.7523234217171718,0.9872034607669438,0.344803258695829,,0.78125,0.010416666666666666,0.0
v1.0,v1.0,v1.0,A1_grid_cap_plus_attack,D1_improved,P_alpha0.90,23,0.7360690277777777,0.985431839870479,0.371169708822092,,0.7979166666666667,0.02847222222222222,0.0
v1.0,v1.0,v1.0,A1_grid_cap_plus_attack,D1_improved,P_alpha0.90,24,0.7498560227272727,0.9870056908423958,0.34858437048407465,,0.7847222222222222,0.0125,0.0
v1.0,v1.0,v1.0,A1_grid_cap_plus_attack,D1_improved,P_alpha0.90,25,0.7644689646464646,0.9859423058584841,0.3319141572122434,,0.7659722222222223,0.008333333333333333,0.0
v1.0,v1.0,v1.0,A1_grid_cap_plus_attack,D1_improved,P_alpha0.90,26,0.7460236616161615,0.9848501863137422,0.3586838925851256,,0.8069444444444445,0.016666666666666666,0.0
v1.0,v1.0,v1.0,A1_grid_cap_plus_attack,D1_improved,P_alpha0.90,27,0.7067609848484848,0.9777792592635021,0.4289664040353127,,0.8354166666666667,0.07291666666666667,0.0
v1.0,v1.0,v1.0,A1_grid_cap_plus_attack,D1_improved,P_alpha0.90,28,0.7265346212121213,0.9855068773546962,0.3853710148511321,,0.8819444444444444,0.018055555555555554,0.0
v1.0,v1.0,v1.0,A1_grid_cap_plus_attack,D1_improved,P_alpha0.90,29,0.7470382196969698,0.9843648333638808,0.3580989802663732,,0.7951388888888888,0.013888888888888888,1.0
v1.0,v1.0,v1.0,A1_grid_cap_plus_attack,D1_improved,P_alpha0.90,30,0.7439471085858587,0.984488701747821,0.371506727094534,,0.7229166666666667,0.07013888888888889,0.0
v1.0,v1.0,v1.0,A1_grid_cap_plus_attack,D1_improved,P_alpha0.90,31,0.7442538888888889,0.9785109253574046,0.37396355623778116,,0.7590277777777777,0.04722222222222222,0.0
v1.0,v1.0,v1.0,A1_grid_cap_plus_attack,D1_improved,P_alpha0.90,32,0.7505487752525254,0.9783461227191268,0.36265809970674473,,0.7263888888888889,0.041666666666666664,0.0
v1.0,v1.0,v1.0,A1_grid_cap_plus_attack,D1_improved,P_alpha0.90,33,0.7212953156565658,0.9847474999236314,0.3933271288795209,,0.8368055555555556,0.03611111111111111,0.0
v1.0,v1.0,v1.0,A1_grid_cap_plus_attack,D1_improved,P_alpha0.90,34,0.7155683333333334,0.9872776033902533,0.39546243148725163,,0.8895833333333333,0.019444444444444445,0.0
v1.0,v1.0,v1.0,A1_grid_cap_plus_attack,D1_improved,P_alpha0.90,35,0.758210404040404,0.9836283009403511,0.34122730149784136,,0.7395833333333334,0.016666666666666666,0.0
v1.0,v1.0,v1.0,A1_grid_cap_plus_attack,D1_improved,P_alpha0.90,36,0.7430365151515151,0.9857245916065902,0.3626564749205766,,0.8194444444444444,0.013194444444444444,1.0
v1.0,v1.0,v1.0,A1_grid_cap_plus_attack,D1_improved,P_alpha0.90,37,0.7394953914141413,0.9848741136159986,0.3679265055799937,,0.7881944444444444,0.029861111111111113,0.0
v1.0,v1.0,v1.0,A1_grid_cap_plus_attack,D1_improved,P_alpha0.90,38,0.7267836742424243,0.9853871152808324,0.3853003985316879,,0.8604166666666667,0.024305555555555556,0.0
v1.0,v1.0,v1.0,A1_grid_cap_plus_attack,D1_improved,P_alpha0.90,39,0.7208117676767677,0.9853072738982566,0.3934514480897689,,0.8666666666666667,0.02847222222222222,0.0
v1.0,v1.0,v1.0,A1_grid_cap_plus_attack,D1_improved,P_alpha1.00,0,0.7487546717171717,0.7233712396138805,0.6728178963017273,,0.8159722222222222,0.022916666666666665,0.0
v1.0,v1.0,v1.0,A1_grid_cap_plus_attack,D1_improved,P_alpha1.00,1,0.7628792297979798,0.7368262390793007,0.6360542833068593,,0.7729166666666667,0.016666666666666666,0.0
v1.0,v1.0,v1.0,A1_grid_cap_plus_attack,D1_improved,P_alpha1.00,2,0.7163428661616162,0.6903801006537145,0.7548537908317041,,0.8993055555555556,0.027777777777777776,0.0
v1.0,v1.0,v1.0,A1_grid_cap_plus_attack,D1_improved,P_alpha1.00,3,0.7278809343434344,0.7033983466214563,0.7265132719330403,,0.8729166666666667,0.03194444444444444,0.0
v1.0,v1.0,v1.0,A1_grid_cap_plus_attack,D1_improved,P_alpha1.00,4,0.7685761363636364,0.7445260389937679,0.6199717835105086,,0.7493055555555556,0.02013888888888889,0.0
v1.0,v1.0,v1.0,A1_grid_cap_plus_attack,D1_improved,P_alpha1.00,5,0.7189593434343436,0.6946697301900047,0.7463258692265395,,0.90625,0.02361111111111111,0.0
v1.0,v1.0,v1.0,A1_grid_cap_plus_attack,D1_improved,P_alpha1.00,6,0.7515885101010102,0.7269124400507084,0.6635818396159174,,0.8090277777777778,0.01875,0.0
v1.0,v1.0,v1.0,A1_grid_cap_plus_attack,D1_improved,P_alpha1.00,7,0.7608365530303031,0.7324821251832841,0.6464696189719782,,0.7729166666666667,0.025694444444444443,0.0
v1.0,v1.0,v1.0,A1_grid_cap_plus_attack,D1_improved,P_alpha1.00,8,0.7340796717171718,0.7091810052388805,0.7091739553295049,,0.8576388888888888,0.024305555555555556,0.0
v1.0,v1.0,v1.0,A1_grid_cap_plus_attack,D1_improved,P_alpha1.00,9,0.7705585858585858,0.7452839817021012,0.6147534138766706,,0.7333333333333333,0.018055555555555554,0.0
v1.0,v1.0,v1.0,A1_grid_cap_plus_attack,D1_improved,P_alpha1.00,10,0.7309385101010102,0.7034730258736557,0.7225674699617142,,0.8625,0.03263888888888889,0.0
v1.0,v1.0,v1.0,A1_grid_cap_plus_attack,D1_improved,P_alpha1.00,11,0.7672589015151516,0.7422498808651024,0.6239162414467255,,0.7701388888888889,0.013888888888888888,0.0
v1.0,v1.0,v1.0,A1_grid_cap_plus_attack,D1_improved,P_alpha1.00,12,0.7741887626262626,0.748369419370112,0.6051637674629362,,0.7277777777777777,0.013194444444444444,0.0
v1.0,v1.0,v1.0,A1_grid_cap_plus_attack,D1_improved,P_alpha1.00,13,0.771357702020202,0.746945225821725,0.6121691381048391,,0.7597222222222222,0.011111111111111112,0.0
v1.0,v1.0,v1.0,A1_grid_cap_plus_attack,D1_improved,P_alpha1.00,14,0.7504274621212121,0.7230882239736067,0.6704083357771263,,0.7930555555555555,0.02638888888888889,0.0
v1.0,v1.0,v1.0,A1_grid_cap_plus_attack,D1_improved,P_alpha1.00,15,0.7602766414141415,0.733893540750244,0.6456483319077878,,0.7541666666666667,0.03194444444444444,0.0
v1.0,v1.0,v1.0,A1_grid_cap_plus_attack,D1_improved,P_alpha1.00,16,0.7692428030303031,0.7440702850073311,0.6189492438497884,,0.7597222222222222,0.014583333333333334,0.0
v1.0,v1.0,v1.0,A1_grid_cap_plus_attack,D1_improved,P_alpha1.00,17,0.7218117424242425,0.6981352272727273,0.7366412626262625,,0.9013888888888889,0.017361111111111112,0.0
v1.0,v1.0,v1.0,A1_grid_cap_plus_attack,D1_improved,P_alpha1.00,18,0.7288002525252526,0.7023757533754886,0.7257793989797167,,0.8868055555555555,0.025,0.0
v1.0,v1.0,v1.0,A1_grid_cap_plus_attack,D1_improved,P_alpha1.00,19,0.7377396464646465,0.7120305485551073,0.6976153619358915,,0.8347222222222223,0.018055555555555554,0.0
v1.0,v1.0,v1.0,A1_grid_cap_plus_attack,D1_improved,P_alpha1.00,20,0.7322945707070707,0.7088643668285679,0.7102626335430923,,0.8736111111111111,0.016666666666666666,0.0
v1.0,v1.0,v1.0,A1_grid_cap_plus_attack,D1_improved,P_alpha1.00,21,0.7397117424242424,0.7088413947947212,0.7089702504887588,,0.8270833333333333,0.041666666666666664,1.0
v1.0,v1.0,v1.0,A1_grid_cap_plus_attack,D1_improved,P_alpha1.00,22,0.7605697601010102,0.7359846117424239,0.6380195391414145,,0.78125,0.010416666666666666,0.0
v1.0,v1.0,v1.0,A1_grid_cap_plus_attack,D1_improved,P_alpha1.00,23,0.7468611742424243,0.7195976573955278,0.6793785813273868,,0.7979166666666667,0.02847222222222222,0.0
v1.0,v1.0,v1.0,A1_grid_cap_plus_attack,D1_improved,P_alpha1.00,24,0.7582525883838385,0.7333127283418862,0.6446193598281202,,0.7847222222222222,0.0125,0.0
v1.0,v1.0,v1.0,A1_grid_cap_plus_attack,D1_improved,P_alpha1.00,25,0.7718753787878788,0.7482233676228003,0.6097704689536497,,0.7659722222222223,0.008333333333333333,0.0
v1.0,v1.0,v1.0,A1_grid_cap_plus_attack,D1_improved,P_alpha1.00,26,0.7541832070707071,0.7298803022666175,0.6564882079871297,,0.8069444444444445,0.016666666666666666,0.0
v1.0,v1.0,v1.0,A1_grid_cap_plus_attack,D1_improved,P_alpha1.00,27,0.7172392676767678,0.6840765346254887,0.7709313907726457,,0.8354166666666667,0.07291666666666667,0.0
v1.0,v1.0,v1.0,A1_grid_cap_plus_attack,D1_improved,P_alpha1.00,28,0.7345332070707071,0.7107168572061338,0.7071204531708212,,0.8819444444444444,0.018055555555555554,0.0
v1.0,v1.0,v1.0,A1_grid_cap_plus_attack,D1_improved,P_alpha1.00,29,0.7549142045454544,0.7315176594574777,0.6536396041055722,,0.7951388888888888,0.013888888888888888,1.0
v1.0,v1.0,v1.0,A1_grid_cap_plus_attack,D1_improved,P_alpha1.00,30,0.755224936868687,0.7169023910984846,0.6813324715909092,,0.7229166666666667,0.07013888888888889,0.0
v1.0,v1.0,v1.0,A1_grid_cap_plus_attack,D1_improved,P_alpha1.00,31,0.7530034090909091,0.7243302029875363,0.670230902879603,,0.7590277777777777,0.04722222222222222,0.0
v1.0,v1.0,v1.0,A1_grid_cap_plus_attack,D1_improved,P_alpha1.00,32,0.7591003156565658,0.7314950368096282,0.6503278623941026,,0.7263888888888889,0.041666666666666664,0.0
v1.0,v1.0,v1.0,A1_grid_cap_plus_attack,D1_improved,P_alpha1.00,33,0.730978345959596,0.7025561255193059,0.7222737478616813,,0.8368055555555556,0.03611111111111111,0.0
v1.0,v1.0,v1.0,A1_grid_cap_plus_attack,D1_improved,P_alpha1.00,34,0.7248021464646466,0.7000332634561339,0.7309218262768816,,0.8895833333333333,0.019444444444444445,0.0
v1.0,v1.0,v1.0,A1_grid_cap_plus_attack,D1_improved,P_alpha1.00,35,0.7677116161616163,0.7434309059597993,0.6199629633532913,,0.7395833333333334,0.016666666666666666,0.0
v1.0,v1.0,v1.0,A1_grid_cap_plus_attack,D1_improved,P_alpha1.00,36,0.7508551767676769,0.7272361994440371,0.6650238838994786,,0.8194444444444444,0.013194444444444444,1.0
v1.0,v1.0,v1.0,A1_grid_cap_plus_attack,D1_improved,P_alpha1.00,37,0.7491644570707071,0.7214630128146379,0.6743507608850607,,0.7881944444444444,0.029861111111111113,0.0
v1.0,v1.0,v1.0,A1_grid_cap_plus_attack,D1_improved,P_alpha1.00,38,0.735162941919192,0.7097012322061337,0.7077441905445587,,0.8604166666666667,0.024305555555555556,0.0
v1.0,v1.0,v1.0,A1_grid_cap_plus_attack,D1_improved,P_alpha1.00,39,0.730752904040404,0.7044013043743889,0.7205974751547738,,0.8666666666666667,0.02847222222222222,0.0
v1.0,v1.0,v1.0,A1_grid_cap_plus_attack,D1_improved,P_availability_first,0,0.7487546717171717,0.7233712396138805,0.6728178963017273,,0.8159722222222222,0.022916666666666665,0.0
v1.0,v1.0,v1.0,A1_grid_cap_plus_attack,D1_improved,P_availability_first,1,0.7628792297979798,0.7368262390793007,0.6360542833068593,,0.7729166666666667,0.016666666666666666,0.0
v1.0,v1.0,v1.0,A1_grid_cap_plus_attack,D1_improved,P_availability_first,2,0.7163428661616162,0.6903801006537145,0.7548537908317041,,0.8993055555555556,0.027777777777777776,0.0
v1.0,v1.0,v1.0,A1_grid_cap_plus_attack,D1_improved,P_availability_first,3,0.7278809343434344,0.7033983466214563,0.7265132719330403,,0.8729166666666667,0.03194444444444444,0.0
v1.0,v1.0,v1.0,A1_grid_cap_plus_attack,D1_improved,P_availability_first,4,0.7685761363636364,0.7445260389937679,0.6199717835105086,,0.7493055555555556,0.02013888888888889,0.0
v1.0,v1.0,v1.0,A1_grid_cap_plus_attack,D1_improved,P_availability_first,5,0.7189593434343436,0.6946697301900047,0.7463258692265395,,0.90625,0.02361111111111111,0.0
v1.0,v1.0,v1.0,A1_grid_cap_plus_attack,D1_improved,P_availability_first,6,0.7515885101010102,0.7269124400507084,0.6635818396159174,,0.8090277777777778,0.01875,0.0
v1.0,v1.0,v1.0,A1_grid_cap_plus_attack,D1_improved,P_availability_first,7,0.7608365530303031,0.7324821251832841,0.6464696189719782,,0.7729166666666667,0.025694444444444443,0.0
v1.0,v1.0,v1.0,A1_grid_cap_plus_attack,D1_improved,P_availability_first,8,0.7340796717171718,0.7091810052388805,0.7091739553295049,,0.8576388888888888,0.024305555555555556,0.0
v1.0,v1.0,v1.0,A1_grid_cap_plus_attack,D1_improved,P_availability_first,9,0.7705585858585858,0.7452839817021012,0.6147534138766706,,0.7333333333333333,0.018055555555555554,0.0
v1.0,v1.0,v1.0,A1_grid_cap_plus_attack,D1_improved,P_availability_first,10,0.7309385101010102,0.7034730258736557,0.7225674699617142,,0.8625,0.03263888888888889,0.0
v1.0,v1.0,v1.0,A1_grid_cap_plus_attack,D1_improved,P_availability_first,11,0.7672589015151516,0.7422498808651024,0.6239162414467255,,0.7701388888888889,0.013888888888888888,0.0
v1.0,v1.0,v1.0,A1_grid_cap_plus_attack,D1_improved,P_availability_first,12,0.7741887626262626,0.748369419370112,0.6051637674629362,,0.7277777777777777,0.013194444444444444,0.0
v1.0,v1.0,v1.0,A1_grid_cap_plus_attack,D1_improved,P_availability_first,13,0.771357702020202,0.746945225821725,0.6121691381048391,,0.7597222222222222,0.011111111111111112,0.0
v1.0,v1.0,v1.0,A1_grid_cap_plus_attack,D1_improved,P_availability_first,14,0.7504274621212121,0.7230882239736067,0.6704083357771263,,0.7930555555555555,0.02638888888888889,0.0
v1.0,v1.0,v1.0,A1_grid_cap_plus_attack,D1_improved,P_availability_first,15,0.7602766414141415,0.733893540750244,0.6456483319077878,,0.7541666666666667,0.03194444444444444,0.0
v1.0,v1.0,v1.0,A1_grid_cap_plus_attack,D1_improved,P_availability_first,16,0.7692428030303031,0.7440702850073311,0.6189492438497884,,0.7597222222222222,0.014583333333333334,0.0
v1.0,v1.0,v1.0,A1_grid_cap_plus_attack,D1_improved,P_availability_first,17,0.7218117424242425,0.6981352272727273,0.7366412626262625,,0.9013888888888889,0.017361111111111112,0.0
v1.0,v1.0,v1.0,A1_grid_cap_plus_attack,D1_improved,P_availability_first,18,0.7288002525252526,0.7023757533754886,0.7257793989797167,,0.8868055555555555,0.025,0.0
v1.0,v1.0,v1.0,A1_grid_cap_plus_attack,D1_improved,P_availability_first,19,0.7377396464646465,0.7120305485551073,0.6976153619358915,,0.8347222222222223,0.018055555555555554,0.0
v1.0,v1.0,v1.0,A1_grid_cap_plus_attack,D1_improved,P_availability_first,20,0.7322945707070707,0.7088643668285679,0.7102626335430923,,0.8736111111111111,0.016666666666666666,0.0
v1.0,v1.0,v1.0,A1_grid_cap_plus_attack,D1_improved,P_availability_first,21,0.7397117424242424,0.7088413947947212,0.7089702504887588,,0.8270833333333333,0.041666666666666664,1.0
v1.0,v1.0,v1.0,A1_grid_cap_plus_attack,D1_improved,P_availability_first,22,0.7605697601010102,0.7359846117424239,0.6380195391414145,,0.78125,0.010416666666666666,0.0
v1.0,v1.0,v1.0,A1_grid_cap_plus_attack,D1_improved,P_availability_first,23,0.7468611742424243,0.7195976573955278,0.6793785813273868,,0.7979166666666667,0.02847222222222222,0.0
v1.0,v1.0,v1.0,A1_grid_cap_plus_attack,D1_improved,P_availability_first,24,0.7582525883838385,0.7333127283418862,0.6446193598281202,,0.7847222222222222,0.0125,0.0
v1.0,v1.0,v1.0,A1_grid_cap_plus_attack,D1_improved,P_availability_first,25,0.7718753787878788,0.7482233676228003,0.6097704689536497,,0.7659722222222223,0.008333333333333333,0.0
v1.0,v1.0,v1.0,A1_grid_cap_plus_attack,D1_improved,P_availability_first,26,0.7541832070707071,0.7298803022666175,0.6564882079871297,,0.8069444444444445,0.016666666666666666,0.0
v1.0,v1.0,v1.0,A1_grid_cap_plus_attack,D1_improved,P_availability_first,27,0.7172392676767678,0.6840765346254887,0.7709313907726457,,0.8354166666666667,0.07291666666666667,0.0
v1.0,v1.0,v1.0,A1_grid_cap_plus_attack,D1_improved,P_availability_first,28,0.7345332070707071,0.7107168572061338,0.7071204531708212,,0.8819444444444444,0.018055555555555554,0.0
v1.0,v1.0,v1.0,A1_grid_cap_plus_attack,D1_improved,P_availability_first,29,0.7549142045454544,0.7315176594574777,0.6536396041055722,,0.7951388888888888,0.013888888888888888,1.0
v1.0,v1.0,v1.0,A1_grid_cap_plus_attack,D1_improved,P_availability_first,30,0.755224936868687,0.7169023910984846,0.6813324715909092,,0.7229166666666667,0.07013888888888889,0.0
v1.0,v1.0,v1.0,A1_grid_cap_plus_attack,D1_improved,P_availability_first,31,0.7530034090909091,0.7243302029875363,0.670230902879603,,0.7590277777777777,0.04722222222222222,0.0
v1.0,v1.0,v1.0,A1_grid_cap_plus_attack,D1_improved,P_availability_first,32,0.7591003156565658,0.7314950368096282,0.6503278623941026,,0.7263888888888889,0.041666666666666664,0.0
v1.0,v1.0,v1.0,A1_grid_cap_plus_attack,D1_improved,P_availability_first,33,0.730978345959596,0.7025561255193059,0.7222737478616813,,0.8368055555555556,0.03611111111111111,0.0
v1.0,v1.0,v1.0,A1_grid_cap_plus_attack,D1_improved,P_availability_first,34,0.7248021464646466,0.7000332634561339,0.7309218262768816,,0.8895833333333333,0.019444444444444445,0.0
v1.0,v1.0,v1.0,A1_grid_cap_plus_attack,D1_improved,P_availability_first,35,0.7677116161616163,0.7434309059597993,0.6199629633532913,,0.7395833333333334,0.016666666666666666,0.0
v1.0,v1.0,v1.0,A1_grid_cap_plus_attack,D1_improved,P_availability_first,36,0.7508551767676769,0.7272361994440371,0.6650238838994786,,0.8194444444444444,0.013194444444444444,1.0
v1.0,v1.0,v1.0,A1_grid_cap_plus_attack,D1_improved,P_availability_first,37,0.7491644570707071,0.7214630128146379,0.6743507608850607,,0.7881944444444444,0.029861111111111113,0.0
v1.0,v1.0,v1.0,A1_grid_cap_plus_attack,D1_improved,P_availability_first,38,0.735162941919192,0.7097012322061337,0.7077441905445587,,0.8604166666666667,0.024305555555555556,0.0
v1.0,v1.0,v1.0,A1_grid_cap_plus_attack,D1_improved,P_availability_first,39,0.730752904040404,0.7044013043743889,0.7205974751547738,,0.8666666666666667,0.02847222222222222,0.0
v1.0,v1.0,v1.0,A1_grid_cap_plus_attack,D1_improved,P_heat_first,0,0.6915302398989899,1.0,0.39808781565656565,,0.8159722222222222,0.022916666666666665,0.0
v1.0,v1.0,v1.0,A1_grid_cap_plus_attack,D1_improved,P_heat_first,1,0.7023334595959595,1.0,0.3807915404040405,,0.7729166666666667,0.016666666666666666,0.0
v1.0,v1.0,v1.0,A1_grid_cap_plus_attack,D1_improved,P_heat_first,2,0.6635013257575758,1.0,0.436151452020202,,0.8993055555555556,0.027777777777777776,0.0
v1.0,v1.0,v1.0,A1_grid_cap_plus_attack,D1_improved,P_heat_first,3,0.6759311237373737,1.0,0.42254109848484844,,0.8729166666666667,0.03194444444444444,0.0
v1.0,v1.0,v1.0,A1_grid_cap_plus_attack,D1_improved,P_heat_first,4,0.7091376893939394,1.0,0.37284147727272726,,0.7493055555555556,0.02013888888888889,0.0
v1.0,v1.0,v1.0,A1_grid_cap_plus_attack,D1_improved,P_heat_first,5,0.6683403409090909,1.0,0.430548547979798,,0.90625,0.02361111111111111,0.0
v1.0,v1.0,v1.0,A1_grid_cap_plus_attack,D1_improved,P_heat_first,6,0.6936746843434344,1.0,0.3937905934343434,,0.8090277777777778,0.01875,0.0
v1.0,v1.0,v1.0,A1_grid_cap_plus_attack,D1_improved,P_heat_first,7,0.6995458333333333,1.0,0.3867388888888889,,0.7729166666666667,0.025694444444444443,0.0
v1.0,v1.0,v1.0,A1_grid_cap_plus_attack,D1_improved,P_heat_first,8,0.6786399621212121,1.0,0.41563087121212117,,0.8576388888888888,0.024305555555555556,0.0
v1.0,v1.0,v1.0,A1_grid_cap_plus_attack,D1_improved,P_heat_first,9,0.709367297979798,1.0,0.37028547979797977,,0.7333333333333333,0.018055555555555554,0.0
v1.0,v1.0,v1.0,A1_grid_cap_plus_attack,D1_improved,P_heat_first,10,0.6757046085858587,1.0,0.42196900252525243,,0.8625,0.03263888888888889,0.0
v1.0,v1.0,v1.0,A1_grid_cap_plus_attack,D1_improved,P_heat_first,11,0.7086007575757576,1.0,0.3732742424242424,,0.7701388888888889,0.013888888888888888,0.0
v1.0,v1.0,v1.0,A1_grid_cap_plus_attack,D1_improved,P_heat_first,12,0.71090625,1.0,0.36648958333333337,,0.7277777777777777,0.013194444444444444,0.0
v1.0,v1.0,v1.0,A1_grid_cap_plus_attack,D1_improved,P_heat_first,13,0.712024053030303,1.0,0.3678370580808081,,0.7597222222222222,0.011111111111111112,0.0
v1.0,v1.0,v1.0,A1_grid_cap_plus_attack,D1_improved,P_heat_first,14,0.6912118686868687,1.0,0.397329797979798,,0.7930555555555555,0.02638888888888889,0.0
v1.0,v1.0,v1.0,A1_grid_cap_plus_attack,D1_improved,P_heat_first,15,0.6979089015151515,1.0,0.3886883207070707,,0.7541666666666667,0.03194444444444444,0.0
v1.0,v1.0,v1.0,A1_grid_cap_plus_attack,D1_improved,P_heat_first,16,0.7089053661616161,1.0,0.37217102272727276,,0.7597222222222222,0.014583333333333334,0.0
v1.0,v1.0,v1.0,A1_grid_cap_plus_attack,D1_improved,P_heat_first,17,0.6701106691919192,1.0,0.4261046085858586,,0.9013888888888889,0.017361111111111112,0.0
v1.0,v1.0,v1.0,A1_grid_cap_plus_attack,D1_improved,P_heat_first,18,0.6755145833333334,1.0,0.42191597222222216,,0.8868055555555555,0.025,0.0
v1.0,v1.0,v1.0,A1_grid_cap_plus_attack,D1_improved,P_heat_first,19,0.6778030934343434,1.0,0.41198857323232324,,0.8347222222222223,0.018055555555555554,0.0
v1.0,v1.0,v1.0,A1_grid_cap_plus_attack,D1_improved,P_heat_first,20,0.6797260732323233,1.0,0.4134683712121212,,0.8736111111111111,0.016666666666666666,0.0
v1.0,v1.0,v1.0,A1_grid_cap_plus_attack,D1_improved,P_heat_first,21,0.6794469065656565,1.0,0.41984476010101013,,0.8270833333333333,0.041666666666666664,1.0
v1.0,v1.0,v1.0,A1_grid_cap_plus_attack,D1_improved,P_heat_first,22,0.7009078282828283,1.0,0.3808630050505051,,0.78125,0.010416666666666666,0.0
v1.0,v1.0,v1.0,A1_grid_cap_plus_attack,D1_improved,P_heat_first,23,0.6833466540404041,1.0,0.4064102904040404,,0.7979166666666667,0.02847222222222222,0.0
v1.0,v1.0,v1.0,A1_grid_cap_plus_attack,D1_improved,P_heat_first,24,0.6997017676767676,1.0,0.3831454545454546,,0.7847222222222222,0.0125,0.0
v1.0,v1.0,v1.0,A1_grid_cap_plus_attack,D1_improved,P_heat_first,25,0.7143599116161615,1.0,0.36515397727272736,,0.7659722222222223,0.008333333333333333,0.0
v1.0,v1.0,v1.0,A1_grid_cap_plus_attack,D1_improved,P_heat_first,26,0.6970206439393939,1.0,0.3895071338383839,,0.8069444444444445,0.016666666666666666,0.0
v1.0,v1.0,v1.0,A1_grid_cap_plus_attack,D1_improved,P_heat_first,27,0.6555997474747475,1.0,0.45346275252525253,,0.8354166666666667,0.07291666666666667,0.0
v1.0,v1.0,v1.0,A1_grid_cap_plus_attack,D1_improved,P_heat_first,28,0.6836212752525253,1.0,0.41089261363636365,,0.8819444444444444,0.018055555555555554,0.0
v1.0,v1.0,v1.0,A1_grid_cap_plus_attack,D1_improved,P_heat_first,29,0.6980458333333333,1.0,0.3883291666666667,,0.7951388888888888,0.013888888888888888,1.0
v1.0,v1.0,v1.0,A1_grid_cap_plus_attack,D1_improved,P_heat_first,30,0.6837464015151515,1.0,0.4130938762626262,,0.7229166666666667,0.07013888888888889,0.0
v1.0,v1.0,v1.0,A1_grid_cap_plus_attack,D1_improved,P_heat_first,31,0.6887126893939394,1.0,0.40371786616161615,,0.7590277777777777,0.04722222222222222,0.0
v1.0,v1.0,v1.0,A1_grid_cap_plus_attack,D1_improved,P_heat_first,32,0.6944431186868687,1.0,0.39277910353535356,,0.7263888888888889,0.041666666666666664,0.0
v1.0,v1.0,v1.0,A1_grid_cap_plus_attack,D1_improved,P_heat_first,33,0.6722498106060606,1.0,0.4240696338383838,,0.8368055555555556,0.03611111111111111,0.0
v1.0,v1.0,v1.0,A1_grid_cap_plus_attack,D1_improved,P_heat_first,34,0.6714722853535353,1.0,0.4242916035353536,,0.8895833333333333,0.019444444444444445,0.0
v1.0,v1.0,v1.0,A1_grid_cap_plus_attack,D1_improved,P_heat_first,35,0.7040225378787878,1.0,0.37576912878787894,,0.7395833333333334,0.016666666666666666,0.0
v1.0,v1.0,v1.0,A1_grid_cap_plus_attack,D1_improved,P_heat_first,36,0.6948365530303031,1.0,0.39372594696969687,,0.8194444444444444,0.013194444444444444,1.0
v1.0,v1.0,v1.0,A1_grid_cap_plus_attack,D1_improved,P_heat_first,37,0.6885776515151516,1.0,0.40069318181818175,,0.7881944444444444,0.029861111111111113,0.0
v1.0,v1.0,v1.0,A1_grid_cap_plus_attack,D1_improved,P_heat_first,38,0.6811970328282828,1.0,0.4133515782828283,,0.8604166666666667,0.024305555555555556,0.0
v1.0,v1.0,v1.0,A1_grid_cap_plus_attack,D1_improved,P_heat_first,39,0.6749596590909092,1.0,0.4216722853535353,,0.8666666666666667,0.02847222222222222,0.0
v1.0,v1.0,v1.0,A1_grid_cap_plus_attack,D1_improved,P_balanced,0,0.6979673611111111,0.998605696264561,0.39332385892697125,,0.8159722222222222,0.022916666666666665,0.0
v1.0,v1.0,v1.0,A1_grid_cap_plus_attack,D1_improved,P_balanced,1,0.7083894570707071,0.9988451570900537,0.3761213544212284,,0.7729166666666667,0.016666666666666666,0.0
v1.0,v1.0,v1.0,A1_grid_cap_plus_attack,D1_improved,P_balanced,2,0.67038648989899,0.9992816175235215,0.430128346850562,,0.8993055555555556,0.027777777777777776,0.0
v1.0,v1.0,v1.0,A1_grid_cap_plus_attack,D1_improved,P_balanced,3,0.683203787878788,0.9961414720542116,0.41989866787838037,,0.8729166666666667,0.03194444444444444,0.0
v1.0,v1.0,v1.0,A1_grid_cap_plus_attack,D1_improved,P_balanced,4,0.7150863005050506,0.9967469128024193,0.3707965707987128,,0.7493055555555556,0.02013888888888889,0.0
v1.0,v1.0,v1.0,A1_grid_cap_plus_attack,D1_improved,P_balanced,5,0.6745569444444445,0.9992816175235215,0.4251940034162186,,0.90625,0.02361111111111111,0.0
v1.0,v1.0,v1.0,A1_grid_cap_plus_attack,D1_improved,P_balanced,6,0.6996798611111111,0.998774676579301,0.3892558047715055,,0.8090277777777778,0.01875,0.0
v1.0,v1.0,v1.0,A1_grid_cap_plus_attack,D1_improved,P_balanced,7,0.7061156565656566,0.9993520980342742,0.38094654801543665,,0.7729166666666667,0.025694444444444443,0.0
v1.0,v1.0,v1.0,A1_grid_cap_plus_attack,D1_improved,P_balanced,8,0.6852133207070706,0.998774676579301,0.41052790073110157,,0.8576388888888888,0.024305555555555556,0.0
v1.0,v1.0,v1.0,A1_grid_cap_plus_attack,D1_improved,P_balanced,9,0.7150594065656566,0.9982677356350808,0.3666720884500243,,0.7333333333333333,0.018055555555555554,0.0
v1.0,v1.0,v1.0,A1_grid_cap_plus_attack,D1_improved,P_balanced,10,0.6828713383838385,0.9992816175235215,0.41566433169904676,,0.8625,0.03263888888888889,0.0
v1.0,v1.0,v1.0,A1_grid_cap_plus_attack,D1_improved,P_balanced,11,0.7140692550505051,0.9985071964605734,0.3695971091968068,,0.7701388888888889,0.013888888888888888,0.0
v1.0,v1.0,v1.0,A1_grid_cap_plus_attack,D1_improved,P_balanced,12,0.716396148989899,0.9989436568940412,0.3622672960705849,,0.7277777777777777,0.013194444444444444,0.0
v1.0,v1.0,v1.0,A1_grid_cap_plus_attack,D1_improved,P_balanced,13,0.7169622474747475,0.9992816175235215,0.3637609226081378,,0.7597222222222222,0.011111111111111112,0.0
v1.0,v1.0,v1.0,A1_grid_cap_plus_attack,D1_improved,P_balanced,14,0.6977914772727273,0.9992816175235215,0.39161224836571357,,0.7930555555555555,0.02638888888888889,0.0
v1.0,v1.0,v1.0,A1_grid_cap_plus_attack,D1_improved,P_balanced,15,0.7055851641414143,0.9962983135920699,0.38545408177032414,,0.7541666666666667,0.03194444444444444,0.0
v1.0,v1.0,v1.0,A1_grid_cap_plus_attack,D1_improved,P_balanced,16,0.7144133207070708,0.9992816175235215,0.3675251271535923,,0.7597222222222222,0.014583333333333334,0.0
v1.0,v1.0,v1.0,A1_grid_cap_plus_attack,D1_improved,P_balanced,17,0.6761048611111111,0.9991126372087813,0.4211752520161291,,0.9013888888888889,0.017361111111111112,0.0
v1.0,v1.0,v1.0,A1_grid_cap_plus_attack,D1_improved,P_balanced,18,0.6821535353535354,0.9992816175235215,0.4161390791737943,,0.8868055555555555,0.025,0.0
v1.0,v1.0,v1.0,A1_grid_cap_plus_attack,D1_improved,P_balanced,19,0.6846440656565657,0.9993520980342742,0.405925083368972,,0.8347222222222223,0.018055555555555554,0.0
v1.0,v1.0,v1.0,A1_grid_cap_plus_attack,D1_improved,P_balanced,20,0.6854470959595961,0.9992816175235215,0.40860940745662255,,0.8736111111111111,0.016666666666666666,0.0
v1.0,v1.0,v1.0,A1_grid_cap_plus_attack,D1_improved,P_balanced,21,0.6880399621212121,0.997831275201613,0.413854174303519,,0.8270833333333333,0.041666666666666664,1.0
v1.0,v1.0,v1.0,A1_grid_cap_plus_attack,D1_improved,P_balanced,22,0.7061136363636364,0.9989436568940412,0.37692480869684747,,0.78125,0.010416666666666666,0.0
v1.0,v1.0,v1.0,A1_grid_cap_plus_attack,D1_improved,P_balanced,23,0.6910263257575758,0.9992816175235215,0.3995926776586428,,0.7979166666666667,0.02847222222222222,0.0
v1.0,v1.0,v1.0,A1_grid_cap_plus_attack,D1_improved,P_balanced,24,0.7050623106060606,0.9992816175235215,0.3786469705879358,,0.7847222222222222,0.0125,0.0
v1.0,v1.0,v1.0,A1_grid_cap_plus_attack,D1_improved,P_balanced,25,0.7190140151515152,0.9992816175235215,0.36136193270914785,,0.7659722222222223,0.008333333333333333,0.0
v1.0,v1.0,v1.0,A1_grid_cap_plus_attack,D1_improved,P_balanced,26,0.7025444444444444,0.998774676579301,0.38545372143817225,,0.8069444444444445,0.016666666666666666,0.0
v1.0,v1.0,v1.0,A1_grid_cap_plus_attack,D1_improved,P_balanced,27,0.6672582070707072,0.9947191490255376,0.4481413140986477,,0.8354166666666667,0.07291666666666667,0.0
v1.0,v1.0,v1.0,A1_grid_cap_plus_attack,D1_improved,P_balanced,28,0.689269696969697,0.9992816175235215,0.4061062508909661,,0.8819444444444444,0.018055555555555554,0.0
v1.0,v1.0,v1.0,A1_grid_cap_plus_attack,D1_improved,P_balanced,29,0.7033059974747475,0.9984367159498208,0.38494494338546753,,0.7951388888888888,0.013888888888888888,1.0
v1.0,v1.0,v1.0,A1_grid_cap_plus_attack,D1_improved,P_balanced,30,0.6948078282828283,0.9991126372087813,0.40309728484441193,,0.7229166666666667,0.07013888888888889,0.0
v1.0,v1.0,v1.0,A1_grid_cap_plus_attack,D1_improved,P_balanced,31,0.6981277146464646,0.9927618657594086,0.40298860199780057,,0.7590277777777777,0.04722222222222222,0.0
v1.0,v1.0,v1.0,A1_grid_cap_plus_attack,D1_improved,P_balanced,32,0.7029638888888889,0.9943811883960573,0.3910009072580645,,0.7263888888888889,0.041666666666666664,0.0
v1.0,v1.0,v1.0,A1_grid_cap_plus_attack,D1_improved,P_balanced,33,0.6803664141414141,0.9970851674507168,0.41945082936217015,,0.8368055555555556,0.03611111111111111,0.0
v1.0,v1.0,v1.0,A1_grid_cap_plus_attack,D1_improved,P_balanced,34,0.6777447601010101,0.9993520980342742,0.41879661114674976,,0.8895833333333333,0.019444444444444445,0.0
v1.0,v1.0,v1.0,A1_grid_cap_plus_attack,D1_improved,P_balanced,35,0.7104071338383838,0.9979297750056004,0.37186880282156237,,0.7395833333333334,0.016666666666666666,0.0
v1.0,v1.0,v1.0,A1_grid_cap_plus_attack,D1_improved,P_balanced,36,0.6999878156565656,0.9992816175235215,0.3894367433152085,,0.8194444444444444,0.013194444444444444,1.0
v1.0,v1.0,v1.0,A1_grid_cap_plus_attack,D1_improved,P_balanced,37,0.69571875,0.9989436568940412,0.39481969506048387,,0.7881944444444444,0.029861111111111113,0.0
v1.0,v1.0,v1.0,A1_grid_cap_plus_attack,D1_improved,P_balanced,38,0.6874846590909092,0.9992816175235215,0.4079260109919761,,0.8604166666666667,0.024305555555555556,0.0
v1.0,v1.0,v1.0,A1_grid_cap_plus_attack,D1_improved,P_balanced,39,0.6821027146464647,0.9992816175235215,0.41539128876975395,,0.8666666666666667,0.02847222222222222,0.0
v1.0,v1.0,v1.0,A1_grid_cap_plus_attack,D1_improved,P_no_containment,0,0.5338484848484849,0.9166013858977872,0.8280006854075039,,0.0,0.7479166666666667,0.0
v1.0,v1.0,v1.0,A1_grid_cap_plus_attack,D1_improved,P_no_containment,1,0.5567761994949496,0.9221908061206812,0.7806226109380108,,0.0,0.6972222222222222,0.0
v1.0,v1.0,v1.0,A1_grid_cap_plus_attack,D1_improved,P_no_containment,2,0.4958450126262627,0.9073367304598393,0.9065314663774857,,0.0,0.8319444444444445,0.0
v1.0,v1.0,v1.0,A1_grid_cap_plus_attack,D1_improved,P_no_containment,3,0.5024406565656566,0.9089446458664254,0.8929021572835217,,0.0,0.8173611111111111,0.0
v1.0,v1.0,v1.0,A1_grid_cap_plus_attack,D1_improved,P_no_containment,4,0.5687111742424242,0.9251003673325987,0.7559600516251239,,0.0,0.6708333333333333,0.0
v1.0,v1.0,v1.0,A1_grid_cap_plus_attack,D1_improved,P_no_containment,5,0.48767897727272735,0.9053459780516853,0.9234058490652503,,0.0,0.85,0.0
v1.0,v1.0,v1.0,A1_grid_cap_plus_attack,D1_improved,P_no_containment,6,0.5344766414141415,0.9167545206984142,0.8267026559699836,,0.0,0.7465277777777778,0.0
v1.0,v1.0,v1.0,A1_grid_cap_plus_attack,D1_improved,P_no_containment,7,0.5501805555555557,0.9205828907140952,0.7942519200319745,,0.0,0.7118055555555556,0.0
v1.0,v1.0,v1.0,A1_grid_cap_plus_attack,D1_improved,P_no_containment,8,0.5077799873737375,0.9102462916717569,0.8818689070645986,,0.0,0.8055555555555556,0.0
v1.0,v1.0,v1.0,A1_grid_cap_plus_attack,D1_improved,P_no_containment,9,0.576249053030303,0.9269379849401257,0.7403836983748795,,0.0,0.6541666666666667,0.0
v1.0,v1.0,v1.0,A1_grid_cap_plus_attack,D1_improved,P_no_containment,10,0.510606691919192,0.9109353982745794,0.8760277745957572,,0.0,0.7993055555555556,0.0
v1.0,v1.0,v1.0,A1_grid_cap_plus_attack,D1_improved,P_no_containment,11,0.5608592171717173,0.9231861823247582,0.7721854195941285,,0.0,0.6881944444444444,0.0
v1.0,v1.0,v1.0,A1_grid_cap_plus_attack,D1_improved,P_no_containment,12,0.5771912878787878,0.9271676871410663,0.7384366542185992,,0.0,0.6520833333333333,0.0
v1.0,v1.0,v1.0,A1_grid_cap_plus_attack,D1_improved,P_no_containment,13,0.5627436868686869,0.9236455867266399,0.7682913312815675,,0.0,0.6840277777777778,0.0
v1.0,v1.0,v1.0,A1_grid_cap_plus_attack,D1_improved,P_no_containment,14,0.547353851010101,0.9198937841112726,0.8000930525008162,,0.0,0.7180555555555556,0.0
v1.0,v1.0,v1.0,A1_grid_cap_plus_attack,D1_improved,P_no_containment,15,0.5520650252525253,0.9210422951159769,0.7903578317194134,,0.0,0.7076388888888889,0.0
v1.0,v1.0,v1.0,A1_grid_cap_plus_attack,D1_improved,P_no_containment,16,0.5633718434343434,0.9237987215272673,0.7669933018440469,,0.0,0.6826388888888889,0.0
v1.0,v1.0,v1.0,A1_grid_cap_plus_attack,D1_improved,P_no_containment,17,0.4958450126262627,0.9073367304598393,0.9065314663774857,,0.0,0.8319444444444445,0.0
v1.0,v1.0,v1.0,A1_grid_cap_plus_attack,D1_improved,P_no_containment,18,0.5055814393939394,0.9097103198695616,0.8864120100959199,,0.0,0.8104166666666667,0.0
v1.0,v1.0,v1.0,A1_grid_cap_plus_attack,D1_improved,P_no_containment,19,0.5194008838383839,0.9130792854833607,0.8578553624704721,,0.0,0.7798611111111111,0.0
v1.0,v1.0,v1.0,A1_grid_cap_plus_attack,D1_improved,P_no_containment,20,0.5102926136363637,0.9108588308742659,0.8766767893145173,,0.0,0.8,0.0
v1.0,v1.0,v1.0,A1_grid_cap_plus_attack,D1_improved,P_no_containment,21,0.5219135101010102,0.9136918246858697,0.8546632447203906,,0.0,0.7743055555555556,1.0
v1.0,v1.0,v1.0,A1_grid_cap_plus_attack,D1_improved,P_no_containment,22,0.5476679292929294,0.9199703515115863,0.799444037782056,,0.0,0.7173611111111111,0.0
v1.0,v1.0,v1.0,A1_grid_cap_plus_attack,D1_improved,P_no_containment,23,0.5253683712121213,0.9145340660893194,0.8455240828140287,,0.0,0.7666666666666667,0.0
v1.0,v1.0,v1.0,A1_grid_cap_plus_attack,D1_improved,P_no_containment,24,0.5564621212121211,0.9221142387203675,0.7812716256567712,,0.0,0.6979166666666666,0.0
v1.0,v1.0,v1.0,A1_grid_cap_plus_attack,D1_improved,P_no_containment,25,0.566198547979798,0.9244878281300898,0.7611521693752055,,0.0,0.6763888888888889,0.0
v1.0,v1.0,v1.0,A1_grid_cap_plus_attack,D1_improved,P_no_containment,26,0.5379315025252526,0.9175967621018641,0.8195634940636216,,0.0,0.7388888888888889,0.0
v1.0,v1.0,v1.0,A1_grid_cap_plus_attack,D1_improved,P_no_containment,27,0.5058955176767678,0.9097868872698751,0.8857629953771599,,0.0,0.8097222222222222,0.0
v1.0,v1.0,v1.0,A1_grid_cap_plus_attack,D1_improved,P_no_containment,28,0.5065236742424243,0.9099400220705023,0.8844649659396395,,0.0,0.8083333333333333,0.0
v1.0,v1.0,v1.0,A1_grid_cap_plus_attack,D1_improved,P_no_containment,29,0.5420145202020202,0.9185921383059412,0.8131263027197392,,0.0,0.7298611111111111,1.0
v1.0,v1.0,v1.0,A1_grid_cap_plus_attack,D1_improved,P_no_containment,30,0.5567761994949496,0.9221908061206812,0.7806226109380108,,0.0,0.6972222222222222,0.0
v1.0,v1.0,v1.0,A1_grid_cap_plus_attack,D1_improved,P_no_containment,31,0.5319640151515153,0.9161419814959054,0.8318947737200648,,0.0,0.7520833333333333,0.0
v1.0,v1.0,v1.0,A1_grid_cap_plus_attack,D1_improved,P_no_containment,32,0.5665126262626262,0.9245643955304034,0.7605031546564452,,0.0,0.6756944444444445,0.0
v1.0,v1.0,v1.0,A1_grid_cap_plus_attack,D1_improved,P_no_containment,33,0.5215994318181818,0.913615257285556,0.8533122594391509,,0.0,0.775,0.0
v1.0,v1.0,v1.0,A1_grid_cap_plus_attack,D1_improved,P_no_containment,34,0.49678724747474756,0.9075664326607803,0.9045844222212049,,0.0,0.8298611111111112,0.0
v1.0,v1.0,v1.0,A1_grid_cap_plus_attack,D1_improved,P_no_containment,35,0.5633718434343434,0.9237987215272673,0.7669933018440469,,0.0,0.6826388888888889,0.0
v1.0,v1.0,v1.0,A1_grid_cap_plus_attack,D1_improved,P_no_containment,36,0.5256824494949495,0.9146106334896331,0.8468750680952686,,0.0,0.7659722222222223,1.0
v1.0,v1.0,v1.0,A1_grid_cap_plus_attack,D1_improved,P_no_containment,37,0.545155303030303,0.9193578123090773,0.8046361555321375,,0.0,0.7229166666666667,0.0
v1.0,v1.0,v1.0,A1_grid_cap_plus_attack,D1_improved,P_no_containment,38,0.5159460227272729,0.9122370440799108,0.8649945243768342,,0.0,0.7875,0.0
v1.0,v1.0,v1.0,A1_grid_cap_plus_attack,D1_improved,P_no_containment,39,0.507465909090909,0.9101697242714432,0.8825179217833592,,0.0,0.80625,0.0
v1.0,v1.0,v1.0,A1_grid_cap_plus_attack,D1_improved,P_aggressive,0,0.6876071338383839,0.9992816175235215,0.4012757584667236,,0.8340277777777778,0.013194444444444444,0.0
v1.0,v1.0,v1.0,A1_grid_cap_plus_attack,D1_improved,P_aggressive,1,0.7016854166666667,0.9992816175235215,0.38136414230510746,,0.7902777777777777,0.009027777777777777,0.0
v1.0,v1.0,v1.0,A1_grid_cap_plus_attack,D1_improved,P_aggressive,2,0.667388383838384,0.9992816175235215,0.4297583973556124,,0.9215277777777777,0.011805555555555555,0.0
v1.0,v1.0,v1.0,A1_grid_cap_plus_attack,D1_improved,P_aggressive,3,0.6683006313131313,0.9992816175235215,0.4284642054364206,,0.9055555555555556,0.015277777777777777,0.0
v1.0,v1.0,v1.0,A1_grid_cap_plus_attack,D1_improved,P_aggressive,4,0.7038625000000001,0.9992816175235215,0.37661761452732967,,0.7645833333333333,0.009027777777777777,0.0
v1.0,v1.0,v1.0,A1_grid_cap_plus_attack,D1_improved,P_aggressive,5,0.6591952020202021,0.9992111370127688,0.4391125446755865,,0.9347222222222222,0.011111111111111112,0.0
v1.0,v1.0,v1.0,A1_grid_cap_plus_attack,D1_improved,P_aggressive,6,0.6884862373737375,0.9992816175235215,0.39959804382025893,,0.8333333333333334,0.011111111111111112,0.0
v1.0,v1.0,v1.0,A1_grid_cap_plus_attack,D1_improved,P_aggressive,7,0.6938151515151516,0.9992816175235215,0.39124829634551145,,0.8006944444444445,0.011805555555555555,0.0
v1.0,v1.0,v1.0,A1_grid_cap_plus_attack,D1_improved,P_aggressive,8,0.6759483585858587,0.9992816175235215,0.41873314483035995,,0.8944444444444445,0.0125,0.0
v1.0,v1.0,v1.0,A1_grid_cap_plus_attack,D1_improved,P_aggressive,9,0.7072337121212121,0.9992816175235215,0.37157973573945097,,0.7479166666666667,0.009027777777777777,0.0
v1.0,v1.0,v1.0,A1_grid_cap_plus_attack,D1_improved,P_aggressive,10,0.6767958964646464,0.9992816175235215,0.4165314402849055,,0.8881944444444444,0.010416666666666666,0.0
v1.0,v1.0,v1.0,A1_grid_cap_plus_attack,D1_improved,P_aggressive,11,0.7004806818181818,0.998774676579301,0.38279526184221263,,0.7791666666666667,0.011111111111111112,0.0
v1.0,v1.0,v1.0,A1_grid_cap_plus_attack,D1_improved,P_aggressive,12,0.7074120580808081,0.9992816175235215,0.3712625008909661,,0.7465277777777778,0.009027777777777777,0.0
v1.0,v1.0,v1.0,A1_grid_cap_plus_attack,D1_improved,P_aggressive,13,0.7014537247474748,0.9992111370127688,0.3802915219483138,,0.7763888888888889,0.009027777777777777,0.0
v1.0,v1.0,v1.0,A1_grid_cap_plus_attack,D1_improved,P_aggressive,14,0.6953002525252525,0.9991126372087813,0.3903479161575433,,0.8118055555555556,0.009722222222222222,0.0
v1.0,v1.0,v1.0,A1_grid_cap_plus_attack,D1_improved,P_aggressive,15,0.6948363005050505,0.9992816175235215,0.38956742513339027,,0.8013888888888889,0.009722222222222222,0.0
v1.0,v1.0,v1.0,A1_grid_cap_plus_attack,D1_improved,P_aggressive,16,0.7015168560606061,0.9992111370127688,0.3802283906351825,,0.7763888888888889,0.009027777777777777,0.0
v1.0,v1.0,v1.0,A1_grid_cap_plus_attack,D1_improved,P_aggressive,17,0.6616529040404041,0.9992816175235215,0.43545915493137005,,0.9236111111111112,0.011111111111111112,0.0
v1.0,v1.0,v1.0,A1_grid_cap_plus_attack,D1_improved,P_aggressive,18,0.6755986111111112,0.9992816175235215,0.4193606700828852,,0.9020833333333333,0.011111111111111112,0.0
v1.0,v1.0,v1.0,A1_grid_cap_plus_attack,D1_improved,P_aggressive,19,0.6804407196969697,0.9991126372087813,0.41107550454138164,,0.8680555555555556,0.010416666666666666,0.0
v1.0,v1.0,v1.0,A1_grid_cap_plus_attack,D1_improved,P_aggressive,20,0.6729518308080809,0.9992816175235215,0.41926439483036,,0.8770833333333333,0.010416666666666666,0.0
v1.0,v1.0,v1.0,A1_grid_cap_plus_attack,D1_improved,P_aggressive,21,0.6701203282828284,0.9991126372087813,0.42839589595552297,,0.9180555555555555,0.010416666666666666,1.0
v1.0,v1.0,v1.0,A1_grid_cap_plus_attack,D1_improved,P_aggressive,22,0.6960104797979798,0.9991126372087813,0.38974185555148266,,0.8104166666666667,0.010416666666666666,0.0
v1.0,v1.0,v1.0,A1_grid_cap_plus_attack,D1_improved,P_aggressive,23,0.6879837121212122,0.9992816175235215,0.4011769579616731,,0.8465277777777778,0.010416666666666666,0.0
v1.0,v1.0,v1.0,A1_grid_cap_plus_attack,D1_improved,P_aggressive,24,0.7016825757575758,0.9992816175235215,0.3815058721030873,,0.7916666666666666,0.009027777777777777,0.0
v1.0,v1.0,v1.0,A1_grid_cap_plus_attack,D1_improved,P_aggressive,25,0.7014871843434343,0.9992816175235215,0.37961793018389545,,0.7708333333333334,0.009027777777777777,0.0
v1.0,v1.0,v1.0,A1_grid_cap_plus_attack,D1_improved,P_aggressive,26,0.6893353535353536,0.9992694787466397,0.39813849419090097,,0.8319444444444445,0.009722222222222222,0.0
v1.0,v1.0,v1.0,A1_grid_cap_plus_attack,D1_improved,P_aggressive,27,0.6747857954545455,0.9992816175235215,0.42097209685056197,,0.8979166666666667,0.014583333333333334,0.0
v1.0,v1.0,v1.0,A1_grid_cap_plus_attack,D1_improved,P_aggressive,28,0.6765749368686869,0.9992816175235215,0.4171690665475318,,0.8923611111111112,0.010416666666666666,0.0
v1.0,v1.0,v1.0,A1_grid_cap_plus_attack,D1_improved,P_aggressive,29,0.6896494318181818,0.9992816175235215,0.3999140160424812,,0.8354166666666667,0.009027777777777777,1.0
v1.0,v1.0,v1.0,A1_grid_cap_plus_attack,D1_improved,P_aggressive,30,0.6981674242424242,0.9992816175235215,0.38665296806268334,,0.78125,0.016666666666666666,0.0
v1.0,v1.0,v1.0,A1_grid_cap_plus_attack,D1_improved,P_aggressive,31,0.6889436237373737,0.9992816175235215,0.4000087130121782,,0.8444444444444444,0.010416666666666666,0.0
v1.0,v1.0,v1.0,A1_grid_cap_plus_attack,D1_improved,P_aggressive,32,0.7002166035353536,0.9991126372087813,0.380257954036331,,0.7625,0.009027777777777777,0.0
v1.0,v1.0,v1.0,A1_grid_cap_plus_attack,D1_improved,P_aggressive,33,0.6810467803030303,0.9991126372087813,0.4103999994908766,,0.8673611111111111,0.010416666666666666,0.0
v1.0,v1.0,v1.0,A1_grid_cap_plus_attack,D1_improved,P_aggressive,34,0.6682169191919193,0.9991126372087813,0.4288201383797654,,0.9208333333333333,0.011111111111111112,0.0
v1.0,v1.0,v1.0,A1_grid_cap_plus_attack,D1_improved,P_aggressive,35,0.6962775883838385,0.999211431031586,0.3851895277115916,,0.7736111111111111,0.009027777777777777,0.0
v1.0,v1.0,v1.0,A1_grid_cap_plus_attack,D1_improved,P_aggressive,36,0.6682611742424243,0.9992816175235215,0.43046894028490545,,0.9027777777777778,0.01597222222222222,1.0
v1.0,v1.0,v1.0,A1_grid_cap_plus_attack,D1_improved,P_aggressive,37,0.687819191919192,0.9991126372087813,0.3981761989858259,,0.8152777777777778,0.009722222222222222,0.0
v1.0,v1.0,v1.0,A1_grid_cap_plus_attack,D1_improved,P_aggressive,38,0.6715578914141415,0.9992232757896505,0.4208672331938335,,0.8784722222222222,0.010416666666666666,0.0
v1.0,v1.0,v1.0,A1_grid_cap_plus_attack,D1_improved,P_aggressive,39,0.6763561868686868,0.9992816175235215,0.4181864276586429,,0.8979166666666667,0.011111111111111112,0.0
v1.0,v1.0,v1.0,A1_grid_cap_plus_attack,D1_improved,P_conservative,0,0.7012107323232324,0.998605696264561,0.39705965438151675,,0.7763888888888889,0.05416666666666667,0.0
v1.0,v1.0,v1.0,A1_grid_cap_plus_attack,D1_improved,P_conservative,1,0.7139219696969697,0.9929308460741487,0.3828249039029407,,0.7319444444444444,0.043055555555555555,0.0
v1.0,v1.0,v1.0,A1_grid_cap_plus_attack,D1_improved,P_conservative,2,0.6886124368686869,0.9965779324876791,0.42160515525720926,,0.7986111111111112,0.075,0.0
v1.0,v1.0,v1.0,A1_grid_cap_plus_attack,D1_improved,P_conservative,3,0.6996967171717172,0.999183117719534,0.39600576378706415,,0.8548611111111111,0.02638888888888889,0.0
v1.0,v1.0,v1.0,A1_grid_cap_plus_attack,D1_improved,P_conservative,4,0.7141163510101011,0.998605696264561,0.37668875791687023,,0.6993055555555555,0.05486111111111111,0.0
v1.0,v1.0,v1.0,A1_grid_cap_plus_attack,D1_improved,P_conservative,5,0.6871119318181819,0.9986056962645609,0.4210195659976784,,0.8458333333333333,0.0625,0.0
v1.0,v1.0,v1.0,A1_grid_cap_plus_attack,D1_improved,P_conservative,6,0.6959154040404041,0.9930998263888889,0.41562869318181805,,0.7166666666666667,0.09027777777777778,0.0
v1.0,v1.0,v1.0,A1_grid_cap_plus_attack,D1_improved,P_conservative,7,0.7098496843434344,0.9970848734318997,0.38840541198273043,,0.7020833333333333,0.07013888888888889,0.0
v1.0,v1.0,v1.0,A1_grid_cap_plus_attack,D1_improved,P_conservative,8,0.6842032196969698,0.9946206492215504,0.43166172345939197,,0.7708333333333334,0.09236111111111112,0.0
v1.0,v1.0,v1.0,A1_grid_cap_plus_attack,D1_improved,P_conservative,9,0.7242648358585858,0.9989436568940412,0.3601972203130092,,0.7104166666666667,0.034722222222222224,0.0
v1.0,v1.0,v1.0,A1_grid_cap_plus_attack,D1_improved,P_conservative,10,0.6775414141414142,0.9941137082773297,0.4401124137035679,,0.7777777777777778,0.09375,0.0
v1.0,v1.0,v1.0,A1_grid_cap_plus_attack,D1_improved,P_conservative,11,0.7121080808080809,0.9992816175235215,0.37437897816369337,,0.7055555555555556,0.043055555555555555,0.0
v1.0,v1.0,v1.0,A1_grid_cap_plus_attack,D1_improved,P_conservative,12,0.7247050505050505,0.9960709915434589,0.36514864853168766,,0.6423611111111112,0.059722222222222225,0.0
v1.0,v1.0,v1.0,A1_grid_cap_plus_attack,D1_improved,P_conservative,13,0.7125905934343434,0.9913516815076165,0.393759610978739,,0.6729166666666667,0.08194444444444444,0.0
v1.0,v1.0,v1.0,A1_grid_cap_plus_attack,D1_improved,P_conservative,14,0.7149231691919191,0.9927618657594086,0.383207036341235,,0.7145833333333333,0.05138888888888889,0.0
v1.0,v1.0,v1.0,A1_grid_cap_plus_attack,D1_improved,P_conservative,15,0.7102369318181819,0.9943811883960573,0.39657508655099377,,0.6895833333333333,0.08888888888888889,0.0
v1.0,v1.0,v1.0,A1_grid_cap_plus_attack,D1_improved,P_conservative,16,0.7180750631313131,0.9980002555163531,0.375852408026841,,0.6625,0.07222222222222222,0.0
v1.0,v1.0,v1.0,A1_grid_cap_plus_attack,D1_improved,P_conservative,17,0.6921294191919193,0.9939447279625897,0.41718551836408413,,0.8625,0.04513888888888889,0.0
v1.0,v1.0,v1.0,A1_grid_cap_plus_attack,D1_improved,P_conservative,18,0.6791386994949496,0.9959724917394713,0.437916532639907,,0.8208333333333333,0.08611111111111111,0.0
v1.0,v1.0,v1.0,A1_grid_cap_plus_attack,D1_improved,P_conservative,19,0.6890102272727273,0.996817393313172,0.4140102896403552,,0.7854166666666667,0.059027777777777776,0.0
v1.0,v1.0,v1.0,A1_grid_cap_plus_attack,D1_improved,P_conservative,20,0.6993342803030304,0.9981692358310933,0.3999112478107688,,0.8611111111111112,0.03125,0.0
v1.0,v1.0,v1.0,A1_grid_cap_plus_attack,D1_improved,P_conservative,21,0.7042234848484848,0.9980987553203404,0.39585661987821774,,0.7854166666666667,0.049305555555555554,1.0
v1.0,v1.0,v1.0,A1_grid_cap_plus_attack,D1_improved,P_conservative,22,0.7054662247474748,0.9981692358310931,0.3910015255885469,,0.7118055555555556,0.06597222222222222,0.0
v1.0,v1.0,v1.0,A1_grid_cap_plus_attack,D1_improved,P_conservative,23,0.704465845959596,0.9970848734318997,0.39090730592212436,,0.7631944444444444,0.044444444444444446,0.0
v1.0,v1.0,v1.0,A1_grid_cap_plus_attack,D1_improved,P_conservative,24,0.6981628156565657,0.9887063382056452,0.41650068960777115,,0.6611111111111111,0.1,0.0
v1.0,v1.0,v1.0,A1_grid_cap_plus_attack,D1_improved,P_conservative,25,0.7269771464646466,0.998605696264561,0.3535154624623247,,0.7006944444444444,0.025,0.0
v1.0,v1.0,v1.0,A1_grid_cap_plus_attack,D1_improved,P_conservative,26,0.7139271464646465,0.9966484129984319,0.3779072579372353,,0.7930555555555555,0.024305555555555556,0.0
v1.0,v1.0,v1.0,A1_grid_cap_plus_attack,D1_improved,P_conservative,27,0.6921694444444445,0.9954655507952509,0.41768161682347665,,0.7986111111111112,0.07013888888888889,0.0
v1.0,v1.0,v1.0,A1_grid_cap_plus_attack,D1_improved,P_conservative,28,0.6958046717171718,0.9965779324876791,0.4084754204087244,,0.8145833333333333,0.05347222222222222,0.0
v1.0,v1.0,v1.0,A1_grid_cap_plus_attack,D1_improved,P_conservative,29,0.707528345959596,0.9979297750056004,0.3932059240336835,,0.7145833333333333,0.07083333333333333,1.0
v1.0,v1.0,v1.0,A1_grid_cap_plus_attack,D1_improved,P_conservative,30,0.7086178661616162,0.9993520980342742,0.38806239397503267,,0.6770833333333334,0.08055555555555556,0.0
v1.0,v1.0,v1.0,A1_grid_cap_plus_attack,D1_improved,P_conservative,31,0.6992047348484849,0.9893822594646058,0.4151684982384326,,0.7173611111111111,0.08541666666666667,0.0
v1.0,v1.0,v1.0,A1_grid_cap_plus_attack,D1_improved,P_conservative,32,0.7276393308080809,0.9976622948868727,0.35530480421656074,,0.675,0.03611111111111111,0.0
v1.0,v1.0,v1.0,A1_grid_cap_plus_attack,D1_improved,P_conservative,33,0.6983674242424243,0.993874247451837,0.41137931214870477,,0.7541666666666667,0.07708333333333334,0.0
v1.0,v1.0,v1.0,A1_grid_cap_plus_attack,D1_improved,P_conservative,34,0.6867410984848485,0.998774676579301,0.420770956286657,,0.8465277777777778,0.06111111111111111,0.0
v1.0,v1.0,v1.0,A1_grid_cap_plus_attack,D1_improved,P_conservative,35,0.715578345959596,0.9957330309139786,0.3773545169436297,,0.7104166666666667,0.04791666666666667,0.0
v1.0,v1.0,v1.0,A1_grid_cap_plus_attack,D1_improved,P_conservative,36,0.6974842803030303,0.99742283406138,0.40611526326775815,,0.7638888888888888,0.06319444444444444,1.0
v1.0,v1.0,v1.0,A1_grid_cap_plus_attack,D1_improved,P_conservative,37,0.7075765151515152,0.9976273486503137,0.3880484442458862,,0.7430555555555556,0.05277777777777778,0.0
v1.0,v1.0,v1.0,A1_grid_cap_plus_attack,D1_improved,P_conservative,38,0.6968625,0.9984367159498208,0.4061592741935484,,0.7756944444444445,0.06736111111111111,0.0
v1.0,v1.0,v1.0,A1_grid_cap_plus_attack,D1_improved,P_conservative,39,0.6912148989898991,0.9971553539426523,0.41511534294558483,,0.8444444444444444,0.05277777777777778,0.0
v1.0,v1.0,v1.0,A1_grid_cap_plus_attack,D_oracle,P_alpha0.15,0,0.6897412247474748,1.0,0.39751571969696964,,0.8409722222222222,0.009027777777777777,0.0
v1.0,v1.0,v1.0,A1_grid_cap_plus_attack,D_oracle,P_alpha0.15,1,0.701023106060606,1.0,0.38099078282828286,,0.7909722222222222,0.008333333333333333,0.0
v1.0,v1.0,v1.0,A1_grid_cap_plus_attack,D_oracle,P_alpha0.15,2,0.6762107954545455,1.0,0.4197961489898989,,0.9236111111111112,0.010416666666666666,0.0
v1.0,v1.0,v1.0,A1_grid_cap_plus_attack,D_oracle,P_alpha0.15,3,0.6757579545454545,1.0,0.4186170454545455,,0.9097222222222222,0.009722222222222222,0.0
v1.0,v1.0,v1.0,A1_grid_cap_plus_attack,D_oracle,P_alpha0.15,4,0.7145619318181818,1.0,0.3648130681818182,,0.7645833333333333,0.008333333333333333,0.0
v1.0,v1.0,v1.0,A1_grid_cap_plus_attack,D_oracle,P_alpha0.15,5,0.6757835227272728,1.0,0.4220289772727272,,0.9416666666666667,0.010416666666666666,0.0
v1.0,v1.0,v1.0,A1_grid_cap_plus_attack,D_oracle,P_alpha0.15,6,0.6903267676767677,1.0,0.39679128787878787,,0.8395833333333333,0.009027777777777777,0.0
v1.0,v1.0,v1.0,A1_grid_cap_plus_attack,D_oracle,P_alpha0.15,7,0.7028037247474747,1.0,0.38066849747474757,,0.8055555555555556,0.008333333333333333,0.0
v1.0,v1.0,v1.0,A1_grid_cap_plus_attack,D_oracle,P_alpha0.15,8,0.6771118055555555,1.0,0.4160826388888889,,0.8979166666666667,0.009722222222222222,0.0
v1.0,v1.0,v1.0,A1_grid_cap_plus_attack,D_oracle,P_alpha0.15,9,0.7157172348484847,1.0,0.3618174873737375,,0.7486111111111111,0.007638888888888889,0.0
v1.0,v1.0,v1.0,A1_grid_cap_plus_attack,D_oracle,P_alpha0.15,10,0.6806380050505051,1.0,0.41193143939393934,,0.8916666666666667,0.009722222222222222,0.0
v1.0,v1.0,v1.0,A1_grid_cap_plus_attack,D_oracle,P_alpha0.15,11,0.7032402777777778,1.0,0.3778708333333334,,0.7819444444444444,0.008333333333333333,0.0
v1.0,v1.0,v1.0,A1_grid_cap_plus_attack,D_oracle,P_alpha0.15,12,0.7157172348484849,1.0,0.36160915404040395,,0.7465277777777778,0.007638888888888889,0.0
v1.0,v1.0,v1.0,A1_grid_cap_plus_attack,D_oracle,P_alpha0.15,13,0.7054135732323232,1.0,0.3752808712121212,,0.7777777777777778,0.008333333333333333,0.0
v1.0,v1.0,v1.0,A1_grid_cap_plus_attack,D_oracle,P_alpha0.15,14,0.7014317550505051,1.0,0.3828390782828282,,0.8111111111111111,0.009027777777777777,0.0
v1.0,v1.0,v1.0,A1_grid_cap_plus_attack,D_oracle,P_alpha0.15,15,0.7027737373737375,1.0,0.38028181818181805,,0.8013888888888889,0.008333333333333333,0.0
v1.0,v1.0,v1.0,A1_grid_cap_plus_attack,D_oracle,P_alpha0.15,16,0.7064650252525253,1.0,0.3740905303030303,,0.7763888888888889,0.008333333333333333,0.0
v1.0,v1.0,v1.0,A1_grid_cap_plus_attack,D_oracle,P_alpha0.15,17,0.6762107954545455,1.0,0.4197961489898989,,0.9236111111111112,0.010416666666666666,0.0
v1.0,v1.0,v1.0,A1_grid_cap_plus_attack,D_oracle,P_alpha0.15,18,0.6755022727272727,1.0,0.41817828282828284,,0.9027777777777778,0.009722222222222222,0.0
v1.0,v1.0,v1.0,A1_grid_cap_plus_attack,D_oracle,P_alpha0.15,19,0.6881773358585859,1.0,0.4024476641414141,,0.8722222222222222,0.009722222222222222,0.0
v1.0,v1.0,v1.0,A1_grid_cap_plus_attack,D_oracle,P_alpha0.15,20,0.6800095328282828,1.0,0.4126293560606061,,0.8923611111111112,0.009722222222222222,0.0
v1.0,v1.0,v1.0,A1_grid_cap_plus_attack,D_oracle,P_alpha0.15,21,0.6889727904040405,1.0,0.40109665404040395,,0.8666666666666667,0.009722222222222222,0.0
v1.0,v1.0,v1.0,A1_grid_cap_plus_attack,D_oracle,P_alpha0.15,22,0.7015832702020202,1.0,0.38261811868686874,,0.8104166666666667,0.009027777777777777,0.0
v1.0,v1.0,v1.0,A1_grid_cap_plus_attack,D_oracle,P_alpha0.15,23,0.6898839015151514,1.0,0.399248042929293,,0.8597222222222223,0.009027777777777777,0.0
v1.0,v1.0,v1.0,A1_grid_cap_plus_attack,D_oracle,P_alpha0.15,24,0.7010660353535353,1.0,0.38101729797979805,,0.7916666666666666,0.008333333333333333,0.0
v1.0,v1.0,v1.0,A1_grid_cap_plus_attack,D_oracle,P_alpha0.15,25,0.7129025252525253,1.0,0.3670280303030303,,0.7701388888888889,0.008333333333333333,0.0
v1.0,v1.0,v1.0,A1_grid_cap_plus_attack,D_oracle,P_alpha0.15,26,0.6955410984848486,1.0,0.3908130681818181,,0.8319444444444445,0.009027777777777777,0.0
v1.0,v1.0,v1.0,A1_grid_cap_plus_attack,D_oracle,P_alpha0.15,27,0.6756676767676768,1.0,0.4179434343434343,,0.9020833333333333,0.009722222222222222,0.0
v1.0,v1.0,v1.0,A1_grid_cap_plus_attack,D_oracle,P_alpha0.15,28,0.6760796085858586,1.0,0.4173926136363636,,0.9006944444444445,0.009722222222222222,0.0
v1.0,v1.0,v1.0,A1_grid_cap_plus_attack,D_oracle,P_alpha0.15,29,0.7016421085858586,1.0,0.38380928030303024,,0.8229166666666666,0.009027777777777777,0.0
v1.0,v1.0,v1.0,A1_grid_cap_plus_attack,D_oracle,P_alpha0.15,30,0.701023106060606,1.0,0.38099078282828286,,0.7909722222222222,0.008333333333333333,0.0
v1.0,v1.0,v1.0,A1_grid_cap_plus_attack,D_oracle,P_alpha0.15,31,0.6884157828282828,1.0,0.39925782828282835,,0.8451388888888889,0.009027777777777777,0.0
v1.0,v1.0,v1.0,A1_grid_cap_plus_attack,D_oracle,P_alpha0.15,32,0.7137046085858586,1.0,0.36615650252525256,,0.7694444444444445,0.008333333333333333,0.0
v1.0,v1.0,v1.0,A1_grid_cap_plus_attack,D_oracle,P_alpha0.15,33,0.6888212752525251,1.0,0.40131761363636376,,0.8673611111111111,0.009722222222222222,0.0
v1.0,v1.0,v1.0,A1_grid_cap_plus_attack,D_oracle,P_alpha0.15,34,0.6769767045454546,1.0,0.4186482954545454,,0.9222222222222223,0.009722222222222222,0.0
v1.0,v1.0,v1.0,A1_grid_cap_plus_attack,D_oracle,P_alpha0.15,35,0.7064650252525253,1.0,0.3740905303030303,,0.7763888888888889,0.008333333333333333,0.0
v1.0,v1.0,v1.0,A1_grid_cap_plus_attack,D_oracle,P_alpha0.15,36,0.6898602272727272,1.0,0.39920227272727277,,0.8590277777777777,0.009027777777777777,0.0
v1.0,v1.0,v1.0,A1_grid_cap_plus_attack,D_oracle,P_alpha0.15,37,0.7012191287878787,1.0,0.3835378156565657,,0.8159722222222222,0.009027777777777777,0.0
v1.0,v1.0,v1.0,A1_grid_cap_plus_attack,D_oracle,P_alpha0.15,38,0.6887349116161616,1.0,0.4026539772727272,,0.8798611111111111,0.009722222222222222,0.0
v1.0,v1.0,v1.0,A1_grid_cap_plus_attack,D_oracle,P_alpha0.15,39,0.6768277146464646,1.0,0.41643617424242424,,0.8986111111111111,0.009722222222222222,0.0
v1.0,v1.0,v1.0,A1_grid_cap_plus_attack,D_oracle,P_alpha0.30,0,0.6897412247474748,1.0,0.39751571969696964,,0.8409722222222222,0.009027777777777777,0.0
v1.0,v1.0,v1.0,A1_grid_cap_plus_attack,D_oracle,P_alpha0.30,1,0.701023106060606,1.0,0.38099078282828286,,0.7909722222222222,0.008333333333333333,0.0
v1.0,v1.0,v1.0,A1_grid_cap_plus_attack,D_oracle,P_alpha0.30,2,0.6762107954545455,1.0,0.4197961489898989,,0.9236111111111112,0.010416666666666666,0.0
v1.0,v1.0,v1.0,A1_grid_cap_plus_attack,D_oracle,P_alpha0.30,3,0.6757579545454545,1.0,0.4186170454545455,,0.9097222222222222,0.009722222222222222,0.0
v1.0,v1.0,v1.0,A1_grid_cap_plus_attack,D_oracle,P_alpha0.30,4,0.7145619318181818,1.0,0.3648130681818182,,0.7645833333333333,0.008333333333333333,0.0
v1.0,v1.0,v1.0,A1_grid_cap_plus_attack,D_oracle,P_alpha0.30,5,0.6757835227272728,1.0,0.4220289772727272,,0.9416666666666667,0.010416666666666666,0.0
v1.0,v1.0,v1.0,A1_grid_cap_plus_attack,D_oracle,P_alpha0.30,6,0.6903267676767677,1.0,0.39679128787878787,,0.8395833333333333,0.009027777777777777,0.0
v1.0,v1.0,v1.0,A1_grid_cap_plus_attack,D_oracle,P_alpha0.30,7,0.7028037247474747,1.0,0.38066849747474757,,0.8055555555555556,0.008333333333333333,0.0
v1.0,v1.0,v1.0,A1_grid_cap_plus_attack,D_oracle,P_alpha0.30,8,0.6771118055555555,1.0,0.4160826388888889,,0.8979166666666667,0.009722222222222222,0.0
v1.0,v1.0,v1.0,A1_grid_cap_plus_attack,D_oracle,P_alpha0.30,9,0.7157172348484847,1.0,0.3618174873737375,,0.7486111111111111,0.007638888888888889,0.0
v1.0,v1.0,v1.0,A1_grid_cap_plus_attack,D_oracle,P_alpha0.30,10,0.6806380050505051,1.0,0.41193143939393934,,0.8916666666666667,0.009722222222222222,0.0
v1.0,v1.0,v1.0,A1_grid_cap_plus_attack,D_oracle,P_alpha0.30,11,0.7032402777777778,1.0,0.3778708333333334,,0.7819444444444444,0.008333333333333333,0.0
v1.0,v1.0,v1.0,A1_grid_cap_plus_attack,D_oracle,P_alpha0.30,12,0.7157172348484849,1.0,0.36160915404040395,,0.7465277777777778,0.007638888888888889,0.0
v1.0,v1.0,v1.0,A1_grid_cap_plus_attack,D_oracle,P_alpha0.30,13,0.7054135732323232,1.0,0.3752808712121212,,0.7777777777777778,0.008333333333333333,0.0
v1.0,v1.0,v1.0,A1_grid_cap_plus_attack,D_oracle,P_alpha0.30,14,0.7014317550505051,1.0,0.3828390782828282,,0.8111111111111111,0.009027777777777777,0.0
v1.0,v1.0,v1.0,A1_grid_cap_plus_attack,D_oracle,P_alpha0.30,15,0.7027737373737375,1.0,0.38028181818181805,,0.8013888888888889,0.008333333333333333,0.0
v1.0,v1.0,v1.0,A1_grid_cap_plus_attack,D_oracle,P_alpha0.30,16,0.7064650252525253,1.0,0.3740905303030303,,0.7763888888888889,0.008333333333333333,0.0
v1.0,v1.0,v1.0,A1_grid_cap_plus_attack,D_oracle,P_alpha0.30,17,0.6762107954545455,1.0,0.4197961489898989,,0.9236111111111112,0.010416666666666666,0.0
v1.0,v1.0,v1.0,A1_grid_cap_plus_attack,D_oracle,P_alpha0.30,18,0.6755022727272727,1.0,0.41817828282828284,,0.9027777777777778,0.009722222222222222,0.0
v1.0,v1.0,v1.0,A1_grid_cap_plus_attack,D_oracle,P_alpha0.30,19,0.6881773358585859,1.0,0.4024476641414141,,0.8722222222222222,0.009722222222222222,0.0
v1.0,v1.0,v1.0,A1_grid_cap_plus_attack,D_oracle,P_alpha0.30,20,0.6800095328282828,1.0,0.4126293560606061,,0.8923611111111112,0.009722222222222222,0.0
v1.0,v1.0,v1.0,A1_grid_cap_plus_attack,D_oracle,P_alpha0.30,21,0.6889727904040405,1.0,0.40109665404040395,,0.8666666666666667,0.009722222222222222,0.0
v1.0,v1.0,v1.0,A1_grid_cap_plus_attack,D_oracle,P_alpha0.30,22,0.7015832702020202,1.0,0.38261811868686874,,0.8104166666666667,0.009027777777777777,0.0
v1.0,v1.0,v1.0,A1_grid_cap_plus_attack,D_oracle,P_alpha0.30,23,0.6898839015151514,1.0,0.399248042929293,,0.8597222222222223,0.009027777777777777,0.0
v1.0,v1.0,v1.0,A1_grid_cap_plus_attack,D_oracle,P_alpha0.30,24,0.7010660353535353,1.0,0.38101729797979805,,0.7916666666666666,0.008333333333333333,0.0
v1.0,v1.0,v1.0,A1_grid_cap_plus_attack,D_oracle,P_alpha0.30,25,0.7129025252525253,1.0,0.3670280303030303,,0.7701388888888889,0.008333333333333333,0.0
v1.0,v1.0,v1.0,A1_grid_cap_plus_attack,D_oracle,P_alpha0.30,26,0.6955410984848486,1.0,0.3908130681818181,,0.8319444444444445,0.009027777777777777,0.0
v1.0,v1.0,v1.0,A1_grid_cap_plus_attack,D_oracle,P_alpha0.30,27,0.6756676767676768,1.0,0.4179434343434343,,0.9020833333333333,0.009722222222222222,0.0
v1.0,v1.0,v1.0,A1_grid_cap_plus_attack,D_oracle,P_alpha0.30,28,0.6760796085858586,1.0,0.4173926136363636,,0.9006944444444445,0.009722222222222222,0.0
v1.0,v1.0,v1.0,A1_grid_cap_plus_attack,D_oracle,P_alpha0.30,29,0.7016421085858586,1.0,0.38380928030303024,,0.8229166666666666,0.009027777777777777,0.0
v1.0,v1.0,v1.0,A1_grid_cap_plus_attack,D_oracle,P_alpha0.30,30,0.701023106060606,1.0,0.38099078282828286,,0.7909722222222222,0.008333333333333333,0.0
v1.0,v1.0,v1.0,A1_grid_cap_plus_attack,D_oracle,P_alpha0.30,31,0.6884157828282828,1.0,0.39925782828282835,,0.8451388888888889,0.009027777777777777,0.0
v1.0,v1.0,v1.0,A1_grid_cap_plus_attack,D_oracle,P_alpha0.30,32,0.7137046085858586,1.0,0.36615650252525256,,0.7694444444444445,0.008333333333333333,0.0
v1.0,v1.0,v1.0,A1_grid_cap_plus_attack,D_oracle,P_alpha0.30,33,0.6888212752525251,1.0,0.40131761363636376,,0.8673611111111111,0.009722222222222222,0.0
v1.0,v1.0,v1.0,A1_grid_cap_plus_attack,D_oracle,P_alpha0.30,34,0.6769767045454546,1.0,0.4186482954545454,,0.9222222222222223,0.009722222222222222,0.0
v1.0,v1.0,v1.0,A1_grid_cap_plus_attack,D_oracle,P_alpha0.30,35,0.7064650252525253,1.0,0.3740905303030303,,0.7763888888888889,0.008333333333333333,0.0
v1.0,v1.0,v1.0,A1_grid_cap_plus_attack,D_oracle,P_alpha0.30,36,0.6898602272727272,1.0,0.39920227272727277,,0.8590277777777777,0.009027777777777777,0.0
v1.0,v1.0,v1.0,A1_grid_cap_plus_attack,D_oracle,P_alpha0.30,37,0.7012191287878787,1.0,0.3835378156565657,,0.8159722222222222,0.009027777777777777,0.0
v1.0,v1.0,v1.0,A1_grid_cap_plus_attack,D_oracle,P_alpha0.30,38,0.6887349116161616,1.0,0.4026539772727272,,0.8798611111111111,0.009722222222222222,0.0
v1.0,v1.0,v1.0,A1_grid_cap_plus_attack,D_oracle,P_alpha0.30,39,0.6768277146464646,1.0,0.41643617424242424,,0.8986111111111111,0.009722222222222222,0.0
v1.0,v1.0,v1.0,A1_grid_cap_plus_attack,D_oracle,P_alpha0.45,0,0.689766111111111,1.0,0.39749083333333346,,0.8409722222222222,0.009027777777777777,0.0
v1.0,v1.0,v1.0,A1_grid_cap_plus_attack,D_oracle,P_alpha0.45,1,0.7010479924242424,1.0,0.38096589646464646,,0.7909722222222222,0.008333333333333333,0.0
v1.0,v1.0,v1.0,A1_grid_cap_plus_attack,D_oracle,P_alpha0.45,2,0.6762273863636364,1.0,0.419779558080808,,0.9236111111111112,0.010416666666666666,0.0
v1.0,v1.0,v1.0,A1_grid_cap_plus_attack,D_oracle,P_alpha0.45,3,0.6757828409090909,1.0,0.4185921590909091,,0.9097222222222222,0.009722222222222222,0.0
v1.0,v1.0,v1.0,A1_grid_cap_plus_attack,D_oracle,P_alpha0.45,4,0.7145868181818182,1.0,0.3647881818181818,,0.7645833333333333,0.008333333333333333,0.0
v1.0,v1.0,v1.0,A1_grid_cap_plus_attack,D_oracle,P_alpha0.45,5,0.6758084090909091,1.0,0.4220040909090909,,0.9416666666666667,0.010416666666666666,0.0
v1.0,v1.0,v1.0,A1_grid_cap_plus_attack,D_oracle,P_alpha0.45,6,0.6903516540404041,1.0,0.39676640151515147,,0.8395833333333333,0.009027777777777777,0.0
v1.0,v1.0,v1.0,A1_grid_cap_plus_attack,D_oracle,P_alpha0.45,7,0.702828611111111,1.0,0.3806436111111113,,0.8055555555555556,0.008333333333333333,0.0
v1.0,v1.0,v1.0,A1_grid_cap_plus_attack,D_oracle,P_alpha0.45,8,0.6771366919191919,1.0,0.4160577525252525,,0.8979166666666667,0.009722222222222222,0.0
v1.0,v1.0,v1.0,A1_grid_cap_plus_attack,D_oracle,P_alpha0.45,9,0.7157421212121212,1.0,0.36179260101010097,,0.7486111111111111,0.007638888888888889,0.0
v1.0,v1.0,v1.0,A1_grid_cap_plus_attack,D_oracle,P_alpha0.45,10,0.6806628914141415,1.0,0.41190655303030294,,0.8916666666666667,0.009722222222222222,0.0
v1.0,v1.0,v1.0,A1_grid_cap_plus_attack,D_oracle,P_alpha0.45,11,0.7032651641414142,1.0,0.377845946969697,,0.7819444444444444,0.008333333333333333,0.0
v1.0,v1.0,v1.0,A1_grid_cap_plus_attack,D_oracle,P_alpha0.45,12,0.7157421212121212,1.0,0.36158426767676766,,0.7465277777777778,0.007638888888888889,0.0
v1.0,v1.0,v1.0,A1_grid_cap_plus_attack,D_oracle,P_alpha0.45,13,0.7054384595959596,1.0,0.3752559848484848,,0.7777777777777778,0.008333333333333333,0.0
v1.0,v1.0,v1.0,A1_grid_cap_plus_attack,D_oracle,P_alpha0.45,14,0.701448345959596,1.0,0.3828224873737373,,0.8111111111111111,0.009027777777777777,0.0
v1.0,v1.0,v1.0,A1_grid_cap_plus_attack,D_oracle,P_alpha0.45,15,0.7027986237373738,1.0,0.38025693181818176,,0.8013888888888889,0.008333333333333333,0.0
v1.0,v1.0,v1.0,A1_grid_cap_plus_attack,D_oracle,P_alpha0.45,16,0.7064899116161616,1.0,0.374065643939394,,0.7763888888888889,0.008333333333333333,0.0
v1.0,v1.0,v1.0,A1_grid_cap_plus_attack,D_oracle,P_alpha0.45,17,0.6762273863636364,1.0,0.419779558080808,,0.9236111111111112,0.010416666666666666,0.0
v1.0,v1.0,v1.0,A1_grid_cap_plus_attack,D_oracle,P_alpha0.45,18,0.6755271590909091,1.0,0.41815339646464644,,0.9027777777777778,0.009722222222222222,0.0
v1.0,v1.0,v1.0,A1_grid_cap_plus_attack,D_oracle,P_alpha0.45,19,0.6881939267676768,1.0,0.4024310732323232,,0.8722222222222222,0.009722222222222222,0.0
v1.0,v1.0,v1.0,A1_grid_cap_plus_attack,D_oracle,P_alpha0.45,20,0.6800344191919192,1.0,0.4126044696969697,,0.8923611111111112,0.009722222222222222,0.0
v1.0,v1.0,v1.0,A1_grid_cap_plus_attack,D_oracle,P_alpha0.45,21,0.6889893813131314,1.0,0.40108006313131306,,0.8666666666666667,0.009722222222222222,0.0
v1.0,v1.0,v1.0,A1_grid_cap_plus_attack,D_oracle,P_alpha0.45,22,0.7015998611111111,1.0,0.38260152777777784,,0.8104166666666667,0.009027777777777777,0.0
v1.0,v1.0,v1.0,A1_grid_cap_plus_attack,D_oracle,P_alpha0.45,23,0.6899087878787878,1.0,0.3992231565656566,,0.8597222222222223,0.009027777777777777,0.0
v1.0,v1.0,v1.0,A1_grid_cap_plus_attack,D_oracle,P_alpha0.45,24,0.7010909217171717,1.0,0.38099241161616165,,0.7916666666666666,0.008333333333333333,0.0
v1.0,v1.0,v1.0,A1_grid_cap_plus_attack,D_oracle,P_alpha0.45,25,0.7129274116161616,1.0,0.367003143939394,,0.7701388888888889,0.008333333333333333,0.0
v1.0,v1.0,v1.0,A1_grid_cap_plus_attack,D_oracle,P_alpha0.45,26,0.6955659848484849,1.0,0.3907881818181818,,0.8319444444444445,0.009027777777777777,0.0
v1.0,v1.0,v1.0,A1_grid_cap_plus_attack,D_oracle,P_alpha0.45,27,0.6756925631313132,1.0,0.4179185479797979,,0.9020833333333333,0.009722222222222222,0.0
v1.0,v1.0,v1.0,A1_grid_cap_plus_attack,D_oracle,P_alpha0.45,28,0.676104494949495,1.0,0.4173677272727272,,0.9006944444444445,0.009722222222222222,0.0
v1.0,v1.0,v1.0,A1_grid_cap_plus_attack,D_oracle,P_alpha0.45,29,0.7016669949494949,1.0,0.38378439393939395,,0.8229166666666666,0.009027777777777777,0.0
v1.0,v1.0,v1.0,A1_grid_cap_plus_attack,D_oracle,P_alpha0.45,30,0.7010479924242424,1.0,0.38096589646464646,,0.7909722222222222,0.008333333333333333,0.0
v1.0,v1.0,v1.0,A1_grid_cap_plus_attack,D_oracle,P_alpha0.45,31,0.6884406691919192,1.0,0.39923294191919195,,0.8451388888888889,0.009027777777777777,0.0
v1.0,v1.0,v1.0,A1_grid_cap_plus_attack,D_oracle,P_alpha0.45,32,0.7137294949494949,1.0,0.36613161616161627,,0.7694444444444445,0.008333333333333333,0.0
v1.0,v1.0,v1.0,A1_grid_cap_plus_attack,D_oracle,P_alpha0.45,33,0.6888378661616161,1.0,0.40130102272727275,,0.8673611111111111,0.009722222222222222,0.0
v1.0,v1.0,v1.0,A1_grid_cap_plus_attack,D_oracle,P_alpha0.45,34,0.677001590909091,1.0,0.418623409090909,,0.9222222222222223,0.009722222222222222,0.0
v1.0,v1.0,v1.0,A1_grid_cap_plus_attack,D_oracle,P_alpha0.45,35,0.7064899116161616,1.0,0.374065643939394,,0.7763888888888889,0.008333333333333333,0.0
v1.0,v1.0,v1.0,A1_grid_cap_plus_attack,D_oracle,P_alpha0.45,36,0.6898851136363636,1.0,0.39917738636363637,,0.8590277777777777,0.009027777777777777,0.0
v1.0,v1.0,v1.0,A1_grid_cap_plus_attack,D_oracle,P_alpha0.45,37,0.7012440151515151,1.0,0.3835129292929293,,0.8159722222222222,0.009027777777777777,0.0
v1.0,v1.0,v1.0,A1_grid_cap_plus_attack,D_oracle,P_alpha0.45,38,0.688759797979798,1.0,0.4026290909090908,,0.8798611111111111,0.009722222222222222,0.0
v1.0,v1.0,v1.0,A1_grid_cap_plus_attack,D_oracle,P_alpha0.45,39,0.676852601010101,1.0,0.41641128787878784,,0.8986111111111111,0.009722222222222222,0.0
v1.0,v1.0,v1.0,A1_grid_cap_plus_attack,D_oracle,P_alpha0.60,0,0.6899797095959597,0.9998339096102151,0.3974765433162266,,0.8409722222222222,0.009027777777777777,0.0
v1.0,v1.0,v1.0,A1_grid_cap_plus_attack,D_oracle,P_alpha0.60,1,0.7012540151515152,0.9998339096102151,0.38095918220511554,,0.7909722222222222,0.008333333333333333,0.0
v1.0,v1.0,v1.0,A1_grid_cap_plus_attack,D_oracle,P_alpha0.60,2,0.6764177651515152,0.9998892730734766,0.4197220516047573,,0.9236111111111112,0.010416666666666666,0.0
v1.0,v1.0,v1.0,A1_grid_cap_plus_attack,D_oracle,P_alpha0.60,3,0.6760040151515152,0.9998339096102151,0.41857029331622664,,0.9097222222222222,0.009722222222222222,0.0
v1.0,v1.0,v1.0,A1_grid_cap_plus_attack,D_oracle,P_alpha0.60,4,0.7147928409090909,0.9998339096102151,0.364781467558651,,0.7645833333333333,0.008333333333333333,0.0
v1.0,v1.0,v1.0,A1_grid_cap_plus_attack,D_oracle,P_alpha0.60,5,0.6760371590909091,0.9998339096102151,0.42197464937683277,,0.9416666666666667,0.010416666666666666,0.0
v1.0,v1.0,v1.0,A1_grid_cap_plus_attack,D_oracle,P_alpha0.60,6,0.6905652525252525,0.9998339096102151,0.39675211149804496,,0.8395833333333333,0.009027777777777777,0.0
v1.0,v1.0,v1.0,A1_grid_cap_plus_attack,D_oracle,P_alpha0.60,7,0.7030346338383838,0.9998339096102151,0.38063689685158025,,0.8055555555555556,0.008333333333333333,0.0
v1.0,v1.0,v1.0,A1_grid_cap_plus_attack,D_oracle,P_alpha0.60,8,0.6773578661616162,0.9998339096102151,0.41603588675057007,,0.8979166666666667,0.009722222222222222,0.0
v1.0,v1.0,v1.0,A1_grid_cap_plus_attack,D_oracle,P_alpha0.60,9,0.7159405681818183,0.9998339096102151,0.36179346250814576,,0.7486111111111111,0.007638888888888889,0.0
v1.0,v1.0,v1.0,A1_grid_cap_plus_attack,D_oracle,P_alpha0.60,10,0.6808840656565657,0.9998339096102151,0.4118846872556206,,0.8916666666666667,0.009722222222222222,0.0
v1.0,v1.0,v1.0,A1_grid_cap_plus_attack,D_oracle,P_alpha0.60,11,0.7034711868686868,0.9998339096102151,0.3778392327101662,,0.7819444444444444,0.008333333333333333,0.0
v1.0,v1.0,v1.0,A1_grid_cap_plus_attack,D_oracle,P_alpha0.60,12,0.7159405681818183,0.9998339096102151,0.36158512917481245,,0.7465277777777778,0.007638888888888889,0.0
v1.0,v1.0,v1.0,A1_grid_cap_plus_attack,D_oracle,P_alpha0.60,13,0.7056444823232323,0.9998339096102151,0.375249270588954,,0.7777777777777778,0.008333333333333333,0.0
v1.0,v1.0,v1.0,A1_grid_cap_plus_attack,D_oracle,P_alpha0.60,14,0.7016235732323233,0.9998892730734766,0.3827801324128381,,0.8111111111111111,0.009027777777777777,0.0
v1.0,v1.0,v1.0,A1_grid_cap_plus_attack,D_oracle,P_alpha0.60,15,0.7030046464646466,0.9998339096102151,0.38025021755865085,,0.8013888888888889,0.008333333333333333,0.0
v1.0,v1.0,v1.0,A1_grid_cap_plus_attack,D_oracle,P_alpha0.60,16,0.7066959343434343,0.9998339096102151,0.3740589296798632,,0.7763888888888889,0.008333333333333333,0.0
v1.0,v1.0,v1.0,A1_grid_cap_plus_attack,D_oracle,P_alpha0.60,17,0.6764177651515152,0.9998892730734766,0.4197220516047573,,0.9236111111111112,0.010416666666666666,0.0
v1.0,v1.0,v1.0,A1_grid_cap_plus_attack,D_oracle,P_alpha0.60,18,0.6757483333333334,0.9998339096102151,0.418131530689964,,0.9027777777777778,0.009722222222222222,0.0
v1.0,v1.0,v1.0,A1_grid_cap_plus_attack,D_oracle,P_alpha0.60,19,0.6883767297979798,0.9998892730734766,0.40238114251384816,,0.8722222222222222,0.009722222222222222,0.0
v1.0,v1.0,v1.0,A1_grid_cap_plus_attack,D_oracle,P_alpha0.60,20,0.6802555934343434,0.9998339096102151,0.41258260392228735,,0.8923611111111112,0.009722222222222222,0.0
v1.0,v1.0,v1.0,A1_grid_cap_plus_attack,D_oracle,P_alpha0.60,21,0.6891721843434344,0.9998892730734766,0.401030132412838,,0.8666666666666667,0.009722222222222222,0.0
v1.0,v1.0,v1.0,A1_grid_cap_plus_attack,D_oracle,P_alpha0.60,22,0.7017750883838384,0.9998892730734766,0.3825591728168785,,0.8104166666666667,0.009027777777777777,0.0
v1.0,v1.0,v1.0,A1_grid_cap_plus_attack,D_oracle,P_alpha0.60,23,0.6901223863636363,0.9998339096102151,0.39920886654855,,0.8597222222222223,0.009027777777777777,0.0
v1.0,v1.0,v1.0,A1_grid_cap_plus_attack,D_oracle,P_alpha0.60,24,0.7012969444444443,0.9998339096102151,0.38098569735663085,,0.7916666666666666,0.008333333333333333,0.0
v1.0,v1.0,v1.0,A1_grid_cap_plus_attack,D_oracle,P_alpha0.60,25,0.7131334343434343,0.9998339096102151,0.36699642967986307,,0.7701388888888889,0.008333333333333333,0.0
v1.0,v1.0,v1.0,A1_grid_cap_plus_attack,D_oracle,P_alpha0.60,26,0.6957795833333333,0.9998339096102151,0.3907738918010752,,0.8319444444444445,0.009027777777777777,0.0
v1.0,v1.0,v1.0,A1_grid_cap_plus_attack,D_oracle,P_alpha0.60,27,0.6759137373737374,0.9998339096102151,0.41789668220511555,,0.9020833333333333,0.009722222222222222,0.0
v1.0,v1.0,v1.0,A1_grid_cap_plus_attack,D_oracle,P_alpha0.60,28,0.6763256691919193,0.9998339096102151,0.41734586149804476,,0.9006944444444445,0.009722222222222222,0.0
v1.0,v1.0,v1.0,A1_grid_cap_plus_attack,D_oracle,P_alpha0.60,29,0.7018805934343434,0.9998339096102151,0.38377010392228733,,0.8229166666666666,0.009027777777777777,0.0
v1.0,v1.0,v1.0,A1_grid_cap_plus_attack,D_oracle,P_alpha0.60,30,0.7012540151515152,0.9998339096102151,0.38095918220511554,,0.7909722222222222,0.008333333333333333,0.0
v1.0,v1.0,v1.0,A1_grid_cap_plus_attack,D_oracle,P_alpha0.60,31,0.6886542676767676,0.9998339096102151,0.39921865190208533,,0.8451388888888889,0.009027777777777777,0.0
v1.0,v1.0,v1.0,A1_grid_cap_plus_attack,D_oracle,P_alpha0.60,32,0.7139355176767677,0.9998339096102151,0.36612490190208535,,0.7694444444444445,0.008333333333333333,0.0
v1.0,v1.0,v1.0,A1_grid_cap_plus_attack,D_oracle,P_alpha0.60,33,0.6890206691919192,0.9998892730734766,0.4012510920087977,,0.8673611111111111,0.009722222222222222,0.0
v1.0,v1.0,v1.0,A1_grid_cap_plus_attack,D_oracle,P_alpha0.60,34,0.6772227651515151,0.9998339096102151,0.4186015433162267,,0.9222222222222223,0.009722222222222222,0.0
v1.0,v1.0,v1.0,A1_grid_cap_plus_attack,D_oracle,P_alpha0.60,35,0.7066959343434343,0.9998339096102151,0.3740589296798632,,0.7763888888888889,0.008333333333333333,0.0
v1.0,v1.0,v1.0,A1_grid_cap_plus_attack,D_oracle,P_alpha0.60,36,0.6900987121212121,0.9998339096102151,0.39916309634652974,,0.8590277777777777,0.009027777777777777,0.0
v1.0,v1.0,v1.0,A1_grid_cap_plus_attack,D_oracle,P_alpha0.60,37,0.7014576136363637,0.9998339096102151,0.38349863927582256,,0.8159722222222222,0.009027777777777777,0.0
v1.0,v1.0,v1.0,A1_grid_cap_plus_attack,D_oracle,P_alpha0.60,38,0.6889809722222222,0.9998339096102151,0.4026072251344085,,0.8798611111111111,0.009722222222222222,0.0
v1.0,v1.0,v1.0,A1_grid_cap_plus_attack,D_oracle,P_alpha0.60,39,0.6770737752525253,0.9998339096102151,0.4163894221041054,,0.8986111111111111,0.009722222222222222,0.0
v1.0,v1.0,v1.0,A1_grid_cap_plus_attack,D_oracle,P_alpha0.75,0,0.694746654040404,0.9992816175235215,0.39337234937581456,,0.8409722222222222,0.009027777777777777,0.0
v1.0,v1.0,v1.0,A1_grid_cap_plus_attack,D_oracle,P_alpha0.75,1,0.7058261994949495,0.9992816175235215,0.37704974836571353,,0.7909722222222222,0.008333333333333333,0.0
v1.0,v1.0,v1.0,A1_grid_cap_plus_attack,D_oracle,P_alpha0.75,2,0.6810721590909092,0.9994505978382616,0.41559406794762127,,0.9236111111111112,0.010416666666666666,0.0
v1.0,v1.0,v1.0,A1_grid_cap_plus_attack,D_oracle,P_alpha0.75,3,0.6805863005050505,0.9992816175235215,0.4146507584667236,,0.9097222222222222,0.009722222222222222,0.0
v1.0,v1.0,v1.0,A1_grid_cap_plus_attack,D_oracle,P_alpha0.75,4,0.7192160353535354,0.9992816175235215,0.3610210236182388,,0.7645833333333333,0.008333333333333333,0.0
v1.0,v1.0,v1.0,A1_grid_cap_plus_attack,D_oracle,P_alpha0.75,5,0.6806506944444446,0.9992816175235215,0.4180238645273296,,0.9416666666666667,0.010416666666666666,0.0
v1.0,v1.0,v1.0,A1_grid_cap_plus_attack,D_oracle,P_alpha0.75,6,0.695332196969697,0.9992816175235215,0.3926479175576328,,0.8395833333333333,0.009027777777777777,0.0
v1.0,v1.0,v1.0,A1_grid_cap_plus_attack,D_oracle,P_alpha0.75,7,0.7074578282828283,0.9992816175235215,0.37687645291116806,,0.8055555555555556,0.008333333333333333,0.0
v1.0,v1.0,v1.0,A1_grid_cap_plus_attack,D_oracle,P_alpha0.75,8,0.6821882575757575,0.9992816175235215,0.41186824584046106,,0.8979166666666667,0.009722222222222222,0.0
v1.0,v1.0,v1.0,A1_grid_cap_plus_attack,D_oracle,P_alpha0.75,9,0.7203003156565657,0.9992816175235215,0.35809646553743063,,0.7486111111111111,0.007638888888888889,0.0
v1.0,v1.0,v1.0,A1_grid_cap_plus_attack,D_oracle,P_alpha0.75,10,0.6856910984848485,0.9993520980342742,0.40765582831846686,,0.8916666666666667,0.009722222222222222,0.0
v1.0,v1.0,v1.0,A1_grid_cap_plus_attack,D_oracle,P_alpha0.75,11,0.7081746843434343,0.9992816175235215,0.37379848573945096,,0.7819444444444444,0.008333333333333333,0.0
v1.0,v1.0,v1.0,A1_grid_cap_plus_attack,D_oracle,P_alpha0.75,12,0.7203003156565656,0.9992816175235215,0.35788813220409743,,0.7465277777777778,0.007638888888888889,0.0
v1.0,v1.0,v1.0,A1_grid_cap_plus_attack,D_oracle,P_alpha0.75,13,0.7103479797979798,0.9993171517977151,0.37116588248920657,,0.7777777777777778,0.008333333333333333,0.0
v1.0,v1.0,v1.0,A1_grid_cap_plus_attack,D_oracle,P_alpha0.75,14,0.7061510732323233,0.9994505978382616,0.3787790426950961,,0.8111111111111111,0.009027777777777777,0.0
v1.0,v1.0,v1.0,A1_grid_cap_plus_attack,D_oracle,P_alpha0.75,15,0.7074278409090909,0.9992816175235215,0.37648977361823877,,0.8013888888888889,0.008333333333333333,0.0
v1.0,v1.0,v1.0,A1_grid_cap_plus_attack,D_oracle,P_alpha0.75,16,0.7113760732323233,0.9993520980342742,0.36995696468210326,,0.7763888888888889,0.008333333333333333,0.0
v1.0,v1.0,v1.0,A1_grid_cap_plus_attack,D_oracle,P_alpha0.75,17,0.6810721590909092,0.9994505978382616,0.41559406794762127,,0.9236111111111112,0.010416666666666666,0.0
v1.0,v1.0,v1.0,A1_grid_cap_plus_attack,D_oracle,P_alpha0.75,18,0.6805642045454546,0.9992816175235215,0.4139784099818751,,0.9027777777777778,0.009722222222222222,0.0
v1.0,v1.0,v1.0,A1_grid_cap_plus_attack,D_oracle,P_alpha0.75,19,0.6929676767676769,0.9994505978382616,0.39831660582640915,,0.8722222222222222,0.009722222222222222,0.0
v1.0,v1.0,v1.0,A1_grid_cap_plus_attack,D_oracle,P_alpha0.75,20,0.6850859848484849,0.9993520980342742,0.40833038639927494,,0.8923611111111112,0.009722222222222222,0.0
v1.0,v1.0,v1.0,A1_grid_cap_plus_attack,D_oracle,P_alpha0.75,21,0.6937631313131314,0.9994505978382616,0.3969655957253991,,0.8666666666666667,0.009722222222222222,0.0
v1.0,v1.0,v1.0,A1_grid_cap_plus_attack,D_oracle,P_alpha0.75,22,0.7063025883838384,0.9994505978382616,0.3785580830991365,,0.8104166666666667,0.009027777777777777,0.0
v1.0,v1.0,v1.0,A1_grid_cap_plus_attack,D_oracle,P_alpha0.75,23,0.6946090277777778,0.9992816175235215,0.3953849756384408,,0.8597222222222223,0.009027777777777777,0.0
v1.0,v1.0,v1.0,A1_grid_cap_plus_attack,D_oracle,P_alpha0.75,24,0.7058457702020203,0.9992816175235215,0.3770996221030872,,0.7916666666666666,0.008333333333333333,0.0
v1.0,v1.0,v1.0,A1_grid_cap_plus_attack,D_oracle,P_alpha0.75,25,0.7176033459595961,0.9993399592573924,0.36311925848708865,,0.7701388888888889,0.008333333333333333,0.0
v1.0,v1.0,v1.0,A1_grid_cap_plus_attack,D_oracle,P_alpha0.75,26,0.7004530934343435,0.9993520980342742,0.3866785555911942,,0.8319444444444445,0.009027777777777777,0.0
v1.0,v1.0,v1.0,A1_grid_cap_plus_attack,D_oracle,P_alpha0.75,27,0.6807441287878789,0.9992816175235215,0.4137290412950063,,0.9020833333333333,0.009722222222222222,0.0
v1.0,v1.0,v1.0,A1_grid_cap_plus_attack,D_oracle,P_alpha0.75,28,0.6811560606060607,0.9992816175235215,0.41317822058793563,,0.9006944444444445,0.009722222222222222,0.0
v1.0,v1.0,v1.0,A1_grid_cap_plus_attack,D_oracle,P_alpha0.75,29,0.706367234848485,0.9992816175235215,0.37994621301217807,,0.8229166666666666,0.009027777777777777,0.0
v1.0,v1.0,v1.0,A1_grid_cap_plus_attack,D_oracle,P_alpha0.75,30,0.7058261994949495,0.9992816175235215,0.37704974836571353,,0.7909722222222222,0.008333333333333333,0.0
v1.0,v1.0,v1.0,A1_grid_cap_plus_attack,D_oracle,P_alpha0.75,31,0.693406691919192,0.9992816175235215,0.39512897816369325,,0.8451388888888889,0.009027777777777777,0.0
v1.0,v1.0,v1.0,A1_grid_cap_plus_attack,D_oracle,P_alpha0.75,32,0.7183820707070707,0.9993165637600806,0.3622991638919437,,0.7694444444444445,0.008333333333333333,0.0
v1.0,v1.0,v1.0,A1_grid_cap_plus_attack,D_oracle,P_alpha0.75,33,0.6936116161616162,0.9994505978382616,0.39718655532135877,,0.8673611111111111,0.009722222222222222,0.0
v1.0,v1.0,v1.0,A1_grid_cap_plus_attack,D_oracle,P_alpha0.75,34,0.6817728535353536,0.9992816175235215,0.41471420543642057,,0.9222222222222223,0.009722222222222222,0.0
v1.0,v1.0,v1.0,A1_grid_cap_plus_attack,D_oracle,P_alpha0.75,35,0.7113760732323233,0.9993520980342742,0.36995696468210326,,0.7763888888888889,0.008333333333333333,0.0
v1.0,v1.0,v1.0,A1_grid_cap_plus_attack,D_oracle,P_alpha0.75,36,0.6945853535353536,0.9992816175235215,0.3953392054364206,,0.8590277777777777,0.009027777777777777,0.0
v1.0,v1.0,v1.0,A1_grid_cap_plus_attack,D_oracle,P_alpha0.75,37,0.7059442550505052,0.9992816175235215,0.3796747483657134,,0.8159722222222222,0.009027777777777777,0.0
v1.0,v1.0,v1.0,A1_grid_cap_plus_attack,D_oracle,P_alpha0.75,38,0.6935310606060606,0.9992816175235215,0.3987198872546024,,0.8798611111111111,0.009722222222222222,0.0
v1.0,v1.0,v1.0,A1_grid_cap_plus_attack,D_oracle,P_alpha0.75,39,0.6819041666666668,0.9992816175235215,0.4122217811939963,,0.8986111111111111,0.009722222222222222,0.0
v1.0,v1.0,v1.0,A1_grid_cap_plus_attack,D_oracle,P_alpha0.90,0,0.7353310858585859,0.9872248770975887,0.3672560060687522,,0.8409722222222222,0.009027777777777777,0.0
v1.0,v1.0,v1.0,A1_grid_cap_plus_attack,D_oracle,P_alpha0.90,1,0.7497073484848485,0.9860358094427135,0.34906356907278413,,0.7909722222222222,0.008333333333333333,0.0
v1.0,v1.0,v1.0,A1_grid_cap_plus_attack,D_oracle,P_alpha0.90,2,0.7157821717171717,0.9857979775196521,0.3972671997036902,,0.9236111111111112,0.010416666666666666,0.0
v1.0,v1.0,v1.0,A1_grid_cap_plus_attack,D_oracle,P_alpha0.90,3,0.7152767929292929,0.9855494622255824,0.3964388524000082,,0.9097222222222222,0.009722222222222222,0.0
v1.0,v1.0,v1.0,A1_grid_cap_plus_attack,D_oracle,P_alpha0.90,4,0.7646078535353537,0.9859423058584841,0.3316363794344655,,0.7645833333333333,0.008333333333333333,0.0
v1.0,v1.0,v1.0,A1_grid_cap_plus_attack,D_oracle,P_alpha0.90,5,0.7130415656565656,0.9855286872505296,0.40213650964279896,,0.9416666666666667,0.010416666666666666,0.0
v1.0,v1.0,v1.0,A1_grid_cap_plus_attack,D_oracle,P_alpha0.90,6,0.7360428914141415,0.9875020948395243,0.3660726503339849,,0.8395833333333333,0.009027777777777777,0.0
v1.0,v1.0,v1.0,A1_grid_cap_plus_attack,D_oracle,P_alpha0.90,7,0.7507884090909092,0.9858177398862618,0.34970252526779894,,0.8055555555555556,0.008333333333333333,0.0
v1.0,v1.0,v1.0,A1_grid_cap_plus_attack,D_oracle,P_alpha0.90,8,0.7186284343434346,0.9872256130992383,0.3898952743819239,,0.8979166666666667,0.009722222222222222,0.0
v1.0,v1.0,v1.0,A1_grid_cap_plus_attack,D_oracle,P_alpha0.90,9,0.7678382828282829,0.9859556127555801,0.32654970408724315,,0.7486111111111111,0.007638888888888889,0.0
v1.0,v1.0,v1.0,A1_grid_cap_plus_attack,D_oracle,P_alpha0.90,10,0.7226074116161616,0.9880407396673386,0.38431314522747645,,0.8916666666666667,0.009722222222222222,0.0
v1.0,v1.0,v1.0,A1_grid_cap_plus_attack,D_oracle,P_alpha0.90,11,0.7530927651515152,0.9876399677088424,0.342850384708985,,0.7819444444444444,0.008333333333333333,0.0
v1.0,v1.0,v1.0,A1_grid_cap_plus_attack,D_oracle,P_alpha0.90,12,0.7678209217171719,0.9859556127555801,0.3263587318650209,,0.7465277777777778,0.007638888888888889,0.0
v1.0,v1.0,v1.0,A1_grid_cap_plus_attack,D_oracle,P_alpha0.90,13,0.7556448484848485,0.9884026105179822,0.3389664633380174,,0.7777777777777778,0.008333333333333333,0.0
v1.0,v1.0,v1.0,A1_grid_cap_plus_attack,D_oracle,P_alpha0.90,14,0.7487708080808081,0.9860737232582886,0.352211557342579,,0.8111111111111111,0.009027777777777777,0.0
v1.0,v1.0,v1.0,A1_grid_cap_plus_attack,D_oracle,P_alpha0.90,15,0.7505279924242425,0.9858177398862618,0.3495462752677989,,0.8013888888888889,0.008333333333333333,0.0
v1.0,v1.0,v1.0,A1_grid_cap_plus_attack,D_oracle,P_alpha0.90,16,0.7567071590909091,0.988316485405975,0.33786861397747636,,0.7763888888888889,0.008333333333333333,0.0
v1.0,v1.0,v1.0,A1_grid_cap_plus_attack,D_oracle,P_alpha0.90,17,0.7157821717171717,0.9857979775196521,0.3972671997036902,,0.9236111111111112,0.010416666666666666,0.0
v1.0,v1.0,v1.0,A1_grid_cap_plus_attack,D_oracle,P_alpha0.90,18,0.7165624621212121,0.9862594336637543,0.3936067730378382,,0.9027777777777778,0.009722222222222222,0.0
v1.0,v1.0,v1.0,A1_grid_cap_plus_attack,D_oracle,P_alpha0.90,19,0.7307487121212123,0.9859358503889702,0.3767532674120234,,0.8722222222222222,0.009722222222222222,0.0
v1.0,v1.0,v1.0,A1_grid_cap_plus_attack,D_oracle,P_alpha0.90,20,0.722031212121212,0.988209918094758,0.38475577505396724,,0.8923611111111112,0.009722222222222222,0.0
v1.0,v1.0,v1.0,A1_grid_cap_plus_attack,D_oracle,P_alpha0.90,21,0.7325542676767678,0.9859358503889702,0.3743921563009123,,0.8666666666666667,0.009722222222222222,0.0
v1.0,v1.0,v1.0,A1_grid_cap_plus_attack,D_oracle,P_alpha0.90,22,0.7490485858585859,0.9860737232582886,0.3518643351203567,,0.8104166666666667,0.009027777777777777,0.0
v1.0,v1.0,v1.0,A1_grid_cap_plus_attack,D_oracle,P_alpha0.90,23,0.7335649242424243,0.9856798670169437,0.3727511797816878,,0.8597222222222223,0.009027777777777777,0.0
v1.0,v1.0,v1.0,A1_grid_cap_plus_attack,D_oracle,P_alpha0.90,24,0.7495717424242424,0.9859705876685199,0.3493468857068671,,0.7916666666666666,0.008333333333333333,0.0
v1.0,v1.0,v1.0,A1_grid_cap_plus_attack,D_oracle,P_alpha0.90,25,0.7626742045454548,0.9863335580986273,0.333656081291748,,0.7701388888888889,0.008333333333333333,0.0
v1.0,v1.0,v1.0,A1_grid_cap_plus_attack,D_oracle,P_alpha0.90,26,0.7414900505050505,0.9876017728189149,0.35974198877891833,,0.8319444444444445,0.009027777777777777,0.0
v1.0,v1.0,v1.0,A1_grid_cap_plus_attack,D_oracle,P_alpha0.90,27,0.7168055176767677,0.9863939598734319,0.3931328415862251,,0.9020833333333333,0.009722222222222222,0.0
v1.0,v1.0,v1.0,A1_grid_cap_plus_attack,D_oracle,P_alpha0.90,28,0.7173437121212121,0.9866711776153674,0.3921230969625693,,0.9006944444444445,0.009722222222222222,0.0
v1.0,v1.0,v1.0,A1_grid_cap_plus_attack,D_oracle,P_alpha0.90,29,0.7474885353535354,0.985804432989166,0.35499753394835426,,0.8229166666666666,0.009027777777777777,0.0
v1.0,v1.0,v1.0,A1_grid_cap_plus_attack,D_oracle,P_alpha0.90,30,0.7497073484848485,0.9860358094427135,0.34906356907278413,,0.7909722222222222,0.008333333333333333,0.0
v1.0,v1.0,v1.0,A1_grid_cap_plus_attack,D_oracle,P_alpha0.90,31,0.733612335858586,0.9863973065330726,0.37038450741283807,,0.8451388888888889,0.009027777777777777,0.0
v1.0,v1.0,v1.0,A1_grid_cap_plus_attack,D_oracle,P_alpha0.90,32,0.7634240151515151,0.9861274313065127,0.3330841783917807,,0.7694444444444445,0.008333333333333333,0.0
v1.0,v1.0,v1.0,A1_grid_cap_plus_attack,D_oracle,P_alpha0.90,33,0.73227648989899,0.9859358503889705,0.3747393785231343,,0.8673611111111111,0.009722222222222222,0.0
v1.0,v1.0,v1.0,A1_grid_cap_plus_attack,D_oracle,P_alpha0.90,34,0.7166886616161616,0.9855419941476254,0.3962859454066878,,0.9222222222222223,0.009722222222222222,0.0
v1.0,v1.0,v1.0,A1_grid_cap_plus_attack,D_oracle,P_alpha0.90,35,0.7567071590909091,0.988316485405975,0.33786861397747636,,0.7763888888888889,0.008333333333333333,0.0
v1.0,v1.0,v1.0,A1_grid_cap_plus_attack,D_oracle,P_alpha0.90,36,0.7334781186868689,0.9856798670169437,0.37276854089279876,,0.8590277777777777,0.009027777777777777,0.0
v1.0,v1.0,v1.0,A1_grid_cap_plus_attack,D_oracle,P_alpha0.90,37,0.7476968686868688,0.985804432989166,0.35409475617057645,,0.8159722222222222,0.009027777777777777,0.0
v1.0,v1.0,v1.0,A1_grid_cap_plus_attack,D_oracle,P_alpha0.90,38,0.730508106060606,0.9856665601198477,0.37808091068446564,,0.8798611111111111,0.009722222222222222,0.0
v1.0,v1.0,v1.0,A1_grid_cap_plus_attack,D_oracle,P_alpha0.90,39,0.7182812121212122,0.9870870042282706,0.390478271693752,,0.8986111111111111,0.009722222222222222,0.0
v1.0,v1.0,v1.0,A1_grid_cap_plus_attack,D_oracle,P_alpha1.00,0,0.7435161616161616,0.7202761440004886,0.6794094100276966,,0.8409722222222222,0.009027777777777777,0.0
v1.0,v1.0,v1.0,A1_grid_cap_plus_attack,D_oracle,P_alpha1.00,1,0.7578501262626263,0.7345164203781767,0.6427440581724507,,0.7909722222222222,0.008333333333333333,0.0
v1.0,v1.0,v1.0,A1_grid_cap_plus_attack,D_oracle,P_alpha1.00,2,0.7235046717171717,0.70213849699108,0.7299360763379767,,0.9236111111111112,0.010416666666666666,0.0
v1.0,v1.0,v1.0,A1_grid_cap_plus_attack,D_oracle,P_alpha1.00,3,0.7233255050505051,0.702073124007209,0.7285617461408441,,0.9097222222222222,0.009722222222222222,0.0
v1.0,v1.0,v1.0,A1_grid_cap_plus_attack,D_oracle,P_alpha1.00,4,0.7720142676767677,0.7483535759561336,0.6093364411758719,,0.7645833333333333,0.008333333333333333,0.0
v1.0,v1.0,v1.0,A1_grid_cap_plus_attack,D_oracle,P_alpha1.00,5,0.7205748737373737,0.6995938103311338,0.7377250538652658,,0.9416666666666667,0.010416666666666666,0.0
v1.0,v1.0,v1.0,A1_grid_cap_plus_attack,D_oracle,P_alpha1.00,6,0.7442279671717172,0.7208300544507573,0.6778940230429297,,0.8395833333333333,0.009027777777777777,0.0
v1.0,v1.0,v1.0,A1_grid_cap_plus_attack,D_oracle,P_alpha1.00,7,0.7581948232323232,0.735397846789467,0.6427999828425387,,0.8055555555555556,0.008333333333333333,0.0
v1.0,v1.0,v1.0,A1_grid_cap_plus_attack,D_oracle,P_alpha1.00,8,0.7268558080808082,0.7044219143297896,0.7210323391678887,,0.8979166666666667,0.009722222222222222,0.0
v1.0,v1.0,v1.0,A1_grid_cap_plus_attack,D_oracle,P_alpha1.00,9,0.7752023989898991,0.7515208936644668,0.6005072508349629,,0.7486111111111111,0.007638888888888889,0.0
v1.0,v1.0,v1.0,A1_grid_cap_plus_attack,D_oracle,P_alpha1.00,10,0.7307734217171716,0.7077560877168864,0.712488717467009,,0.8916666666666667,0.009722222222222222,0.0
v1.0,v1.0,v1.0,A1_grid_cap_plus_attack,D_oracle,P_alpha1.00,11,0.761235542929293,0.7369531013257573,0.6355318465909094,,0.7819444444444444,0.008333333333333333,0.0
v1.0,v1.0,v1.0,A1_grid_cap_plus_attack,D_oracle,P_alpha1.00,12,0.775185037878788,0.7515046176228002,0.6003358098627407,,0.7465277777777778,0.007638888888888889,0.0
v1.0,v1.0,v1.0,A1_grid_cap_plus_attack,D_oracle,P_alpha1.00,13,0.7637876262626264,0.7390054576765637,0.6301002689699415,,0.7777777777777778,0.008333333333333333,0.0
v1.0,v1.0,v1.0,A1_grid_cap_plus_attack,D_oracle,P_alpha1.00,14,0.7566410353535354,0.7334974939668863,0.6474328052195343,,0.8111111111111111,0.009027777777777777,0.0
v1.0,v1.0,v1.0,A1_grid_cap_plus_attack,D_oracle,P_alpha1.00,15,0.7579404040404042,0.7351576964198432,0.6429259158113395,,0.8013888888888889,0.008333333333333333,0.0
v1.0,v1.0,v1.0,A1_grid_cap_plus_attack,D_oracle,P_alpha1.00,16,0.7647885732323232,0.7400021814668862,0.6277643645629689,,0.7763888888888889,0.008333333333333333,0.0
v1.0,v1.0,v1.0,A1_grid_cap_plus_attack,D_oracle,P_alpha1.00,17,0.7235046717171717,0.70213849699108,0.7299360763379767,,0.9236111111111112,0.010416666666666666,0.0
v1.0,v1.0,v1.0,A1_grid_cap_plus_attack,D_oracle,P_alpha1.00,18,0.7247898358585859,0.7028819907746822,0.725432330767351,,0.9027777777777778,0.009722222222222222,0.0
v1.0,v1.0,v1.0,A1_grid_cap_plus_attack,D_oracle,P_alpha1.00,19,0.738777398989899,0.7165402737047896,0.6919992725643535,,0.8722222222222222,0.009722222222222222,0.0
v1.0,v1.0,v1.0,A1_grid_cap_plus_attack,D_oracle,P_alpha1.00,20,0.7302585858585858,0.7071583894641982,0.7137902356732652,,0.8923611111111112,0.009722222222222222,0.0
v1.0,v1.0,v1.0,A1_grid_cap_plus_attack,D_oracle,P_alpha1.00,21,0.7402925505050506,0.7180397696725316,0.6881291703323559,,0.8666666666666667,0.009722222222222222,0.0
v1.0,v1.0,v1.0,A1_grid_cap_plus_attack,D_oracle,P_alpha1.00,22,0.7568607323232324,0.7337192681604346,0.6468775347731349,,0.8104166666666667,0.009027777777777777,0.0
v1.0,v1.0,v1.0,A1_grid_cap_plus_attack,D_oracle,P_alpha1.00,23,0.7410136363636364,0.7191120394978003,0.6851838606834477,,0.8597222222222223,0.009027777777777777,0.0
v1.0,v1.0,v1.0,A1_grid_cap_plus_attack,D_oracle,P_alpha1.00,24,0.7577112373737376,0.7344429156738755,0.643040597150945,,0.7916666666666666,0.008333333333333333,0.0
v1.0,v1.0,v1.0,A1_grid_cap_plus_attack,D_oracle,P_alpha1.00,25,0.770203345959596,0.7463265262249508,0.6141353781260186,,0.7701388888888889,0.008333333333333333,0.0
v1.0,v1.0,v1.0,A1_grid_cap_plus_attack,D_oracle,P_alpha1.00,26,0.7494296717171718,0.725798237414467,0.6659666100521344,,0.8319444444444445,0.009027777777777777,0.0
v1.0,v1.0,v1.0,A1_grid_cap_plus_attack,D_oracle,P_alpha1.00,27,0.7250328914141414,0.7030531517289832,0.7249144376221899,,0.9020833333333333,0.009722222222222222,0.0
v1.0,v1.0,v1.0,A1_grid_cap_plus_attack,D_oracle,P_alpha1.00,28,0.7255710858585859,0.7034443017625853,0.7237679742485339,,0.9006944444444445,0.009722222222222222,0.0
v1.0,v1.0,v1.0,A1_grid_cap_plus_attack,D_oracle,P_alpha1.00,29,0.7549372474747477,0.732165424914467,0.6519156315167808,,0.8229166666666666,0.009027777777777777,0.0
v1.0,v1.0,v1.0,A1_grid_cap_plus_attack,D_oracle,P_alpha1.00,30,0.7578501262626263,0.7345164203781767,0.6427440581724507,,0.7909722222222222,0.008333333333333333,0.0
v1.0,v1.0,v1.0,A1_grid_cap_plus_attack,D_oracle,P_alpha1.00,31,0.7417974116161616,0.7190050376496822,0.6830701543153309,,0.8451388888888889,0.009027777777777777,0.0
v1.0,v1.0,v1.0,A1_grid_cap_plus_attack,D_oracle,P_alpha1.00,32,0.7708917929292929,0.7471342379184992,0.6124082326796192,,0.7694444444444445,0.008333333333333333,0.0
v1.0,v1.0,v1.0,A1_grid_cap_plus_attack,D_oracle,P_alpha1.00,33,0.7400728535353535,0.7178179954789831,0.6886844407787557,,0.8673611111111111,0.009722222222222222,0.0
v1.0,v1.0,v1.0,A1_grid_cap_plus_attack,D_oracle,P_alpha1.00,34,0.7241796717171718,0.7031517530394671,0.7276632246354676,,0.9222222222222223,0.009722222222222222,0.0
v1.0,v1.0,v1.0,A1_grid_cap_plus_attack,D_oracle,P_alpha1.00,35,0.7647885732323232,0.7400021814668862,0.6277643645629689,,0.7763888888888889,0.008333333333333333,0.0
v1.0,v1.0,v1.0,A1_grid_cap_plus_attack,D_oracle,P_alpha1.00,36,0.7409328282828284,0.7190346495448433,0.6852880922633597,,0.8590277777777777,0.009027777777777777,0.0
v1.0,v1.0,v1.0,A1_grid_cap_plus_attack,D_oracle,P_alpha1.00,37,0.7555521464646465,0.732631234726295,0.650047316308244,,0.8159722222222222,0.009027777777777777,0.0
v1.0,v1.0,v1.0,A1_grid_cap_plus_attack,D_oracle,P_alpha1.00,38,0.7379991161616163,0.7161074822061336,0.6940607940799123,,0.8798611111111111,0.009722222222222222,0.0
v1.0,v1.0,v1.0,A1_grid_cap_plus_attack,D_oracle,P_alpha1.00,39,0.7265085858585858,0.7041530971254886,0.7217715864797168,,0.8986111111111111,0.009722222222222222,0.0
v1.0,v1.0,v1.0,A1_grid_cap_plus_attack,D_oracle,P_availability_first,0,0.7435161616161616,0.7202761440004886,0.6794094100276966,,0.8409722222222222,0.009027777777777777,0.0
v1.0,v1.0,v1.0,A1_grid_cap_plus_attack,D_oracle,P_availability_first,1,0.7578501262626263,0.7345164203781767,0.6427440581724507,,0.7909722222222222,0.008333333333333333,0.0
v1.0,v1.0,v1.0,A1_grid_cap_plus_attack,D_oracle,P_availability_first,2,0.7235046717171717,0.70213849699108,0.7299360763379767,,0.9236111111111112,0.010416666666666666,0.0
v1.0,v1.0,v1.0,A1_grid_cap_plus_attack,D_oracle,P_availability_first,3,0.7233255050505051,0.702073124007209,0.7285617461408441,,0.9097222222222222,0.009722222222222222,0.0
v1.0,v1.0,v1.0,A1_grid_cap_plus_attack,D_oracle,P_availability_first,4,0.7720142676767677,0.7483535759561336,0.6093364411758719,,0.7645833333333333,0.008333333333333333,0.0
v1.0,v1.0,v1.0,A1_grid_cap_plus_attack,D_oracle,P_availability_first,5,0.7205748737373737,0.6995938103311338,0.7377250538652658,,0.9416666666666667,0.010416666666666666,0.0
v1.0,v1.0,v1.0,A1_grid_cap_plus_attack,D_oracle,P_availability_first,6,0.7442279671717172,0.7208300544507573,0.6778940230429297,,0.8395833333333333,0.009027777777777777,0.0
v1.0,v1.0,v1.0,A1_grid_cap_plus_attack,D_oracle,P_availability_first,7,0.7581948232323232,0.735397846789467,0.6427999828425387,,0.8055555555555556,0.008333333333333333,0.0
v1.0,v1.0,v1.0,A1_grid_cap_plus_attack,D_oracle,P_availability_first,8,0.7268558080808082,0.7044219143297896,0.7210323391678887,,0.8979166666666667,0.009722222222222222,0.0
v1.0,v1.0,v1.0,A1_grid_cap_plus_attack,D_oracle,P_availability_first,9,0.7752023989898991,0.7515208936644668,0.6005072508349629,,0.7486111111111111,0.007638888888888889,0.0
v1.0,v1.0,v1.0,A1_grid_cap_plus_attack,D_oracle,P_availability_first,10,0.7307734217171716,0.7077560877168864,0.712488717467009,,0.8916666666666667,0.009722222222222222,0.0
v1.0,v1.0,v1.0,A1_grid_cap_plus_attack,D_oracle,P_availability_first,11,0.761235542929293,0.7369531013257573,0.6355318465909094,,0.7819444444444444,0.008333333333333333,0.0
v1.0,v1.0,v1.0,A1_grid_cap_plus_attack,D_oracle,P_availability_first,12,0.775185037878788,0.7515046176228002,0.6003358098627407,,0.7465277777777778,0.007638888888888889,0.0
v1.0,v1.0,v1.0,A1_grid_cap_plus_attack,D_oracle,P_availability_first,13,0.7637876262626264,0.7390054576765637,0.6301002689699415,,0.7777777777777778,0.008333333333333333,0.0
v1.0,v1.0,v1.0,A1_grid_cap_plus_attack,D_oracle,P_availability_first,14,0.7566410353535354,0.7334974939668863,0.6474328052195343,,0.8111111111111111,0.009027777777777777,0.0
v1.0,v1.0,v1.0,A1_grid_cap_plus_attack,D_oracle,P_availability_first,15,0.7579404040404042,0.7351576964198432,0.6429259158113395,,0.8013888888888889,0.008333333333333333,0.0
v1.0,v1.0,v1.0,A1_grid_cap_plus_attack,D_oracle,P_availability_first,16,0.7647885732323232,0.7400021814668862,0.6277643645629689,,0.7763888888888889,0.008333333333333333,0.0
v1.0,v1.0,v1.0,A1_grid_cap_plus_attack,D_oracle,P_availability_first,17,0.7235046717171717,0.70213849699108,0.7299360763379767,,0.9236111111111112,0.010416666666666666,0.0
v1.0,v1.0,v1.0,A1_grid_cap_plus_attack,D_oracle,P_availability_first,18,0.7247898358585859,0.7028819907746822,0.725432330767351,,0.9027777777777778,0.009722222222222222,0.0
v1.0,v1.0,v1.0,A1_grid_cap_plus_attack,D_oracle,P_availability_first,19,0.738777398989899,0.7165402737047896,0.6919992725643535,,0.8722222222222222,0.009722222222222222,0.0
v1.0,v1.0,v1.0,A1_grid_cap_plus_attack,D_oracle,P_availability_first,20,0.7302585858585858,0.7071583894641982,0.7137902356732652,,0.8923611111111112,0.009722222222222222,0.0
v1.0,v1.0,v1.0,A1_grid_cap_plus_attack,D_oracle,P_availability_first,21,0.7402925505050506,0.7180397696725316,0.6881291703323559,,0.8666666666666667,0.009722222222222222,0.0
v1.0,v1.0,v1.0,A1_grid_cap_plus_attack,D_oracle,P_availability_first,22,0.7568607323232324,0.7337192681604346,0.6468775347731349,,0.8104166666666667,0.009027777777777777,0.0
v1.0,v1.0,v1.0,A1_grid_cap_plus_attack,D_oracle,P_availability_first,23,0.7410136363636364,0.7191120394978003,0.6851838606834477,,0.8597222222222223,0.009027777777777777,0.0
v1.0,v1.0,v1.0,A1_grid_cap_plus_attack,D_oracle,P_availability_first,24,0.7577112373737376,0.7344429156738755,0.643040597150945,,0.7916666666666666,0.008333333333333333,0.0
v1.0,v1.0,v1.0,A1_grid_cap_plus_attack,D_oracle,P_availability_first,25,0.770203345959596,0.7463265262249508,0.6141353781260186,,0.7701388888888889,0.008333333333333333,0.0
v1.0,v1.0,v1.0,A1_grid_cap_plus_attack,D_oracle,P_availability_first,26,0.7494296717171718,0.725798237414467,0.6659666100521344,,0.8319444444444445,0.009027777777777777,0.0
v1.0,v1.0,v1.0,A1_grid_cap_plus_attack,D_oracle,P_availability_first,27,0.7250328914141414,0.7030531517289832,0.7249144376221899,,0.9020833333333333,0.009722222222222222,0.0
v1.0,v1.0,v1.0,A1_grid_cap_plus_attack,D_oracle,P_availability_first,28,0.7255710858585859,0.7034443017625853,0.7237679742485339,,0.9006944444444445,0.009722222222222222,0.0
v1.0,v1.0,v1.0,A1_grid_cap_plus_attack,D_oracle,P_availability_first,29,0.7549372474747477,0.732165424914467,0.6519156315167808,,0.8229166666666666,0.009027777777777777,0.0
v1.0,v1.0,v1.0,A1_grid_cap_plus_attack,D_oracle,P_availability_first,30,0.7578501262626263,0.7345164203781767,0.6427440581724507,,0.7909722222222222,0.008333333333333333,0.0
v1.0,v1.0,v1.0,A1_grid_cap_plus_attack,D_oracle,P_availability_first,31,0.7417974116161616,0.7190050376496822,0.6830701543153309,,0.8451388888888889,0.009027777777777777,0.0
v1.0,v1.0,v1.0,A1_grid_cap_plus_attack,D_oracle,P_availability_first,32,0.7708917929292929,0.7471342379184992,0.6124082326796192,,0.7694444444444445,0.008333333333333333,0.0
v1.0,v1.0,v1.0,A1_grid_cap_plus_attack,D_oracle,P_availability_first,33,0.7400728535353535,0.7178179954789831,0.6886844407787557,,0.8673611111111111,0.009722222222222222,0.0
v1.0,v1.0,v1.0,A1_grid_cap_plus_attack,D_oracle,P_availability_first,34,0.7241796717171718,0.7031517530394671,0.7276632246354676,,0.9222222222222223,0.009722222222222222,0.0
v1.0,v1.0,v1.0,A1_grid_cap_plus_attack,D_oracle,P_availability_first,35,0.7647885732323232,0.7400021814668862,0.6277643645629689,,0.7763888888888889,0.008333333333333333,0.0
v1.0,v1.0,v1.0,A1_grid_cap_plus_attack,D_oracle,P_availability_first,36,0.7409328282828284,0.7190346495448433,0.6852880922633597,,0.8590277777777777,0.009027777777777777,0.0
v1.0,v1.0,v1.0,A1_grid_cap_plus_attack,D_oracle,P_availability_first,37,0.7555521464646465,0.732631234726295,0.650047316308244,,0.8159722222222222,0.009027777777777777,0.0
v1.0,v1.0,v1.0,A1_grid_cap_plus_attack,D_oracle,P_availability_first,38,0.7379991161616163,0.7161074822061336,0.6940607940799123,,0.8798611111111111,0.009722222222222222,0.0
v1.0,v1.0,v1.0,A1_grid_cap_plus_attack,D_oracle,P_availability_first,39,0.7265085858585858,0.7041530971254886,0.7217715864797168,,0.8986111111111111,0.009722222222222222,0.0
v1.0,v1.0,v1.0,A1_grid_cap_plus_attack,D_oracle,P_heat_first,0,0.6897412247474748,1.0,0.39751571969696964,,0.8409722222222222,0.009027777777777777,0.0
v1.0,v1.0,v1.0,A1_grid_cap_plus_attack,D_oracle,P_heat_first,1,0.701023106060606,1.0,0.38099078282828286,,0.7909722222222222,0.008333333333333333,0.0
v1.0,v1.0,v1.0,A1_grid_cap_plus_attack,D_oracle,P_heat_first,2,0.6762107954545455,1.0,0.4197961489898989,,0.9236111111111112,0.010416666666666666,0.0
v1.0,v1.0,v1.0,A1_grid_cap_plus_attack,D_oracle,P_heat_first,3,0.6757579545454545,1.0,0.4186170454545455,,0.9097222222222222,0.009722222222222222,0.0
v1.0,v1.0,v1.0,A1_grid_cap_plus_attack,D_oracle,P_heat_first,4,0.7145619318181818,1.0,0.3648130681818182,,0.7645833333333333,0.008333333333333333,0.0
v1.0,v1.0,v1.0,A1_grid_cap_plus_attack,D_oracle,P_heat_first,5,0.6757835227272728,1.0,0.4220289772727272,,0.9416666666666667,0.010416666666666666,0.0
v1.0,v1.0,v1.0,A1_grid_cap_plus_attack,D_oracle,P_heat_first,6,0.6903267676767677,1.0,0.39679128787878787,,0.8395833333333333,0.009027777777777777,0.0
v1.0,v1.0,v1.0,A1_grid_cap_plus_attack,D_oracle,P_heat_first,7,0.7028037247474747,1.0,0.38066849747474757,,0.8055555555555556,0.008333333333333333,0.0
v1.0,v1.0,v1.0,A1_grid_cap_plus_attack,D_oracle,P_heat_first,8,0.6771118055555555,1.0,0.4160826388888889,,0.8979166666666667,0.009722222222222222,0.0
v1.0,v1.0,v1.0,A1_grid_cap_plus_attack,D_oracle,P_heat_first,9,0.7157172348484847,1.0,0.3618174873737375,,0.7486111111111111,0.007638888888888889,0.0
v1.0,v1.0,v1.0,A1_grid_cap_plus_attack,D_oracle,P_heat_first,10,0.6806380050505051,1.0,0.41193143939393934,,0.8916666666666667,0.009722222222222222,0.0
v1.0,v1.0,v1.0,A1_grid_cap_plus_attack,D_oracle,P_heat_first,11,0.7032402777777778,1.0,0.3778708333333334,,0.7819444444444444,0.008333333333333333,0.0
v1.0,v1.0,v1.0,A1_grid_cap_plus_attack,D_oracle,P_heat_first,12,0.7157172348484849,1.0,0.36160915404040395,,0.7465277777777778,0.007638888888888889,0.0
v1.0,v1.0,v1.0,A1_grid_cap_plus_attack,D_oracle,P_heat_first,13,0.7054135732323232,1.0,0.3752808712121212,,0.7777777777777778,0.008333333333333333,0.0
v1.0,v1.0,v1.0,A1_grid_cap_plus_attack,D_oracle,P_heat_first,14,0.7014317550505051,1.0,0.3828390782828282,,0.8111111111111111,0.009027777777777777,0.0
v1.0,v1.0,v1.0,A1_grid_cap_plus_attack,D_oracle,P_heat_first,15,0.7027737373737375,1.0,0.38028181818181805,,0.8013888888888889,0.008333333333333333,0.0
v1.0,v1.0,v1.0,A1_grid_cap_plus_attack,D_oracle,P_heat_first,16,0.7064650252525253,1.0,0.3740905303030303,,0.7763888888888889,0.008333333333333333,0.0
v1.0,v1.0,v1.0,A1_grid_cap_plus_attack,D_oracle,P_heat_first,17,0.6762107954545455,1.0,0.4197961489898989,,0.9236111111111112,0.010416666666666666,0.0
v1.0,v1.0,v1.0,A1_grid_cap_plus_attack,D_oracle,P_heat_first,18,0.6755022727272727,1.0,0.41817828282828284,,0.9027777777777778,0.009722222222222222,0.0
v1.0,v1.0,v1.0,A1_grid_cap_plus_attack,D_oracle,P_heat_first,19,0.6881773358585859,1.0,0.4024476641414141,,0.8722222222222222,0.009722222222222222,0.0
v1.0,v1.0,v1.0,A1_grid_cap_plus_attack,D_oracle,P_heat_first,20,0.6800095328282828,1.0,0.4126293560606061,,0.8923611111111112,0.009722222222222222,0.0
v1.0,v1.0,v1.0,A1_grid_cap_plus_attack,D_oracle,P_heat_first,21,0.6889727904040405,1.0,0.40109665404040395,,0.8666666666666667,0.009722222222222222,0.0
v1.0,v1.0,v1.0,A1_grid_cap_plus_attack,D_oracle,P_heat_first,22,0.7015832702020202,1.0,0.38261811868686874,,0.8104166666666667,0.009027777777777777,0.0
v1.0,v1.0,v1.0,A1_grid_cap_plus_attack,D_oracle,P_heat_first,23,0.6898839015151514,1.0,0.399248042929293,,0.8597222222222223,0.009027777777777777,0.0
v1.0,v1.0,v1.0,A1_grid_cap_plus_attack,D_oracle,P_heat_first,24,0.7010660353535353,1.0,0.38101729797979805,,0.7916666666666666,0.008333333333333333,0.0
v1.0,v1.0,v1.0,A1_grid_cap_plus_attack,D_oracle,P_heat_first,25,0.7129025252525253,1.0,0.3670280303030303,,0.7701388888888889,0.008333333333333333,0.0
v1.0,v1.0,v1.0,A1_grid_cap_plus_attack,D_oracle,P_heat_first,26,0.6955410984848486,1.0,0.3908130681818181,,0.8319444444444445,0.009027777777777777,0.0
v1.0,v1.0,v1.0,A1_grid_cap_plus_attack,D_oracle,P_heat_first,27,0.6756676767676768,1.0,0.4179434343434343,,0.9020833333333333,0.009722222222222222,0.0
v1.0,v1.0,v1.0,A1_grid_cap_plus_attack,D_oracle,P_heat_first,28,0.6760796085858586,1.0,0.4173926136363636,,0.9006944444444445,0.009722222222222222,0.0
v1.0,v1.0,v1.0,A1_grid_cap_plus_attack,D_oracle,P_heat_first,29,0.7016421085858586,1.0,0.38380928030303024,,0.8229166666666666,0.009027777777777777,0.0
v1.0,v1.0,v1.0,A1_grid_cap_plus_attack,D_oracle,P_heat_first,30,0.701023106060606,1.0,0.38099078282828286,,0.7909722222222222,0.008333333333333333,0.0
v1.0,v1.0,v1.0,A1_grid_cap_plus_attack,D_oracle,P_heat_first,31,0.6884157828282828,1.0,0.39925782828282835,,0.8451388888888889,0.009027777777777777,0.0
v1.0,v1.0,v1.0,A1_grid_cap_plus_attack,D_oracle,P_heat_first,32,0.7137046085858586,1.0,0.36615650252525256,,0.7694444444444445,0.008333333333333333,0.0
v1.0,v1.0,v1.0,A1_grid_cap_plus_attack,D_oracle,P_heat_first,33,0.6888212752525251,1.0,0.40131761363636376,,0.8673611111111111,0.009722222222222222,0.0
v1.0,v1.0,v1.0,A1_grid_cap_plus_attack,D_oracle,P_heat_first,34,0.6769767045454546,1.0,0.4186482954545454,,0.9222222222222223,0.009722222222222222,0.0
v1.0,v1.0,v1.0,A1_grid_cap_plus_attack,D_oracle,P_heat_first,35,0.7064650252525253,1.0,0.3740905303030303,,0.7763888888888889,0.008333333333333333,0.0
v1.0,v1.0,v1.0,A1_grid_cap_plus_attack,D_oracle,P_heat_first,36,0.6898602272727272,1.0,0.39920227272727277,,0.8590277777777777,0.009027777777777777,0.0
v1.0,v1.0,v1.0,A1_grid_cap_plus_attack,D_oracle,P_heat_first,37,0.7012191287878787,1.0,0.3835378156565657,,0.8159722222222222,0.009027777777777777,0.0
v1.0,v1.0,v1.0,A1_grid_cap_plus_attack,D_oracle,P_heat_first,38,0.6887349116161616,1.0,0.4026539772727272,,0.8798611111111111,0.009722222222222222,0.0
v1.0,v1.0,v1.0,A1_grid_cap_plus_attack,D_oracle,P_heat_first,39,0.6768277146464646,1.0,0.41643617424242424,,0.8986111111111111,0.009722222222222222,0.0
v1.0,v1.0,v1.0,A1_grid_cap_plus_attack,D_oracle,P_balanced,0,0.694746654040404,0.9992816175235215,0.39337234937581456,,0.8409722222222222,0.009027777777777777,0.0
v1.0,v1.0,v1.0,A1_grid_cap_plus_attack,D_oracle,P_balanced,1,0.7058261994949495,0.9992816175235215,0.37704974836571353,,0.7909722222222222,0.008333333333333333,0.0
v1.0,v1.0,v1.0,A1_grid_cap_plus_attack,D_oracle,P_balanced,2,0.6810721590909092,0.9994505978382616,0.41559406794762127,,0.9236111111111112,0.010416666666666666,0.0
v1.0,v1.0,v1.0,A1_grid_cap_plus_attack,D_oracle,P_balanced,3,0.6805863005050505,0.9992816175235215,0.4146507584667236,,0.9097222222222222,0.009722222222222222,0.0
v1.0,v1.0,v1.0,A1_grid_cap_plus_attack,D_oracle,P_balanced,4,0.7192160353535354,0.9992816175235215,0.3610210236182388,,0.7645833333333333,0.008333333333333333,0.0
v1.0,v1.0,v1.0,A1_grid_cap_plus_attack,D_oracle,P_balanced,5,0.6806506944444446,0.9992816175235215,0.4180238645273296,,0.9416666666666667,0.010416666666666666,0.0
v1.0,v1.0,v1.0,A1_grid_cap_plus_attack,D_oracle,P_balanced,6,0.695332196969697,0.9992816175235215,0.3926479175576328,,0.8395833333333333,0.009027777777777777,0.0
v1.0,v1.0,v1.0,A1_grid_cap_plus_attack,D_oracle,P_balanced,7,0.7074578282828283,0.9992816175235215,0.37687645291116806,,0.8055555555555556,0.008333333333333333,0.0
v1.0,v1.0,v1.0,A1_grid_cap_plus_attack,D_oracle,P_balanced,8,0.6821882575757575,0.9992816175235215,0.41186824584046106,,0.8979166666666667,0.009722222222222222,0.0
v1.0,v1.0,v1.0,A1_grid_cap_plus_attack,D_oracle,P_balanced,9,0.7203003156565657,0.9992816175235215,0.35809646553743063,,0.7486111111111111,0.007638888888888889,0.0
v1.0,v1.0,v1.0,A1_grid_cap_plus_attack,D_oracle,P_balanced,10,0.6856910984848485,0.9993520980342742,0.40765582831846686,,0.8916666666666667,0.009722222222222222,0.0
v1.0,v1.0,v1.0,A1_grid_cap_plus_attack,D_oracle,P_balanced,11,0.7081746843434343,0.9992816175235215,0.37379848573945096,,0.7819444444444444,0.008333333333333333,0.0
v1.0,v1.0,v1.0,A1_grid_cap_plus_attack,D_oracle,P_balanced,12,0.7203003156565656,0.9992816175235215,0.35788813220409743,,0.7465277777777778,0.007638888888888889,0.0
v1.0,v1.0,v1.0,A1_grid_cap_plus_attack,D_oracle,P_balanced,13,0.7103479797979798,0.9993171517977151,0.37116588248920657,,0.7777777777777778,0.008333333333333333,0.0
v1.0,v1.0,v1.0,A1_grid_cap_plus_attack,D_oracle,P_balanced,14,0.7061510732323233,0.9994505978382616,0.3787790426950961,,0.8111111111111111,0.009027777777777777,0.0
v1.0,v1.0,v1.0,A1_grid_cap_plus_attack,D_oracle,P_balanced,15,0.7074278409090909,0.9992816175235215,0.37648977361823877,,0.8013888888888889,0.008333333333333333,0.0
v1.0,v1.0,v1.0,A1_grid_cap_plus_attack,D_oracle,P_balanced,16,0.7113760732323233,0.9993520980342742,0.36995696468210326,,0.7763888888888889,0.008333333333333333,0.0
v1.0,v1.0,v1.0,A1_grid_cap_plus_attack,D_oracle,P_balanced,17,0.6810721590909092,0.9994505978382616,0.41559406794762127,,0.9236111111111112,0.010416666666666666,0.0
v1.0,v1.0,v1.0,A1_grid_cap_plus_attack,D_oracle,P_balanced,18,0.6805642045454546,0.9992816175235215,0.4139784099818751,,0.9027777777777778,0.009722222222222222,0.0
v1.0,v1.0,v1.0,A1_grid_cap_plus_attack,D_oracle,P_balanced,19,0.6929676767676769,0.9994505978382616,0.39831660582640915,,0.8722222222222222,0.009722222222222222,0.0
v1.0,v1.0,v1.0,A1_grid_cap_plus_attack,D_oracle,P_balanced,20,0.6850859848484849,0.9993520980342742,0.40833038639927494,,0.8923611111111112,0.009722222222222222,0.0
v1.0,v1.0,v1.0,A1_grid_cap_plus_attack,D_oracle,P_balanced,21,0.6937631313131314,0.9994505978382616,0.3969655957253991,,0.8666666666666667,0.009722222222222222,0.0
v1.0,v1.0,v1.0,A1_grid_cap_plus_attack,D_oracle,P_balanced,22,0.7063025883838384,0.9994505978382616,0.3785580830991365,,0.8104166666666667,0.009027777777777777,0.0
v1.0,v1.0,v1.0,A1_grid_cap_plus_attack,D_oracle,P_balanced,23,0.6946090277777778,0.9992816175235215,0.3953849756384408,,0.8597222222222223,0.009027777777777777,0.0
v1.0,v1.0,v1.0,A1_grid_cap_plus_attack,D_oracle,P_balanced,24,0.7058457702020203,0.9992816175235215,0.3770996221030872,,0.7916666666666666,0.008333333333333333,0.0
v1.0,v1.0,v1.0,A1_grid_cap_plus_attack,D_oracle,P_balanced,25,0.7176033459595961,0.9993399592573924,0.36311925848708865,,0.7701388888888889,0.008333333333333333,0.0
v1.0,v1.0,v1.0,A1_grid_cap_plus_attack,D_oracle,P_balanced,26,0.7004530934343435,0.9993520980342742,0.3866785555911942,,0.8319444444444445,0.009027777777777777,0.0
v1.0,v1.0,v1.0,A1_grid_cap_plus_attack,D_oracle,P_balanced,27,0.6807441287878789,0.9992816175235215,0.4137290412950063,,0.9020833333333333,0.009722222222222222,0.0
v1.0,v1.0,v1.0,A1_grid_cap_plus_attack,D_oracle,P_balanced,28,0.6811560606060607,0.9992816175235215,0.41317822058793563,,0.9006944444444445,0.009722222222222222,0.0
v1.0,v1.0,v1.0,A1_grid_cap_plus_attack,D_oracle,P_balanced,29,0.706367234848485,0.9992816175235215,0.37994621301217807,,0.8229166666666666,0.009027777777777777,0.0
v1.0,v1.0,v1.0,A1_grid_cap_plus_attack,D_oracle,P_balanced,30,0.7058261994949495,0.9992816175235215,0.37704974836571353,,0.7909722222222222,0.008333333333333333,0.0
v1.0,v1.0,v1.0,A1_grid_cap_plus_attack,D_oracle,P_balanced,31,0.693406691919192,0.9992816175235215,0.39512897816369325,,0.8451388888888889,0.009027777777777777,0.0
v1.0,v1.0,v1.0,A1_grid_cap_plus_attack,D_oracle,P_balanced,32,0.7183820707070707,0.9993165637600806,0.3622991638919437,,0.7694444444444445,0.008333333333333333,0.0
v1.0,v1.0,v1.0,A1_grid_cap_plus_attack,D_oracle,P_balanced,33,0.6936116161616162,0.9994505978382616,0.39718655532135877,,0.8673611111111111,0.009722222222222222,0.0
v1.0,v1.0,v1.0,A1_grid_cap_plus_attack,D_oracle,P_balanced,34,0.6817728535353536,0.9992816175235215,0.41471420543642057,,0.9222222222222223,0.009722222222222222,0.0
v1.0,v1.0,v1.0,A1_grid_cap_plus_attack,D_oracle,P_balanced,35,0.7113760732323233,0.9993520980342742,0.36995696468210326,,0.7763888888888889,0.008333333333333333,0.0
v1.0,v1.0,v1.0,A1_grid_cap_plus_attack,D_oracle,P_balanced,36,0.6945853535353536,0.9992816175235215,0.3953392054364206,,0.8590277777777777,0.009027777777777777,0.0
v1.0,v1.0,v1.0,A1_grid_cap_plus_attack,D_oracle,P_balanced,37,0.7059442550505052,0.9992816175235215,0.3796747483657134,,0.8159722222222222,0.009027777777777777,0.0
v1.0,v1.0,v1.0,A1_grid_cap_plus_attack,D_oracle,P_balanced,38,0.6935310606060606,0.9992816175235215,0.3987198872546024,,0.8798611111111111,0.009722222222222222,0.0
v1.0,v1.0,v1.0,A1_grid_cap_plus_attack,D_oracle,P_balanced,39,0.6819041666666668,0.9992816175235215,0.4122217811939963,,0.8986111111111111,0.009722222222222222,0.0
v1.0,v1.0,v1.0,A1_grid_cap_plus_attack,D_oracle,P_no_containment,0,0.5338484848484849,0.9166013858977872,0.8280006854075039,,0.0,0.7479166666666667,0.0
v1.0,v1.0,v1.0,A1_grid_cap_plus_attack,D_oracle,P_no_containment,1,0.5567761994949496,0.9221908061206812,0.7806226109380108,,0.0,0.6972222222222222,0.0
v1.0,v1.0,v1.0,A1_grid_cap_plus_attack,D_oracle,P_no_containment,2,0.4958450126262627,0.9073367304598393,0.9065314663774857,,0.0,0.8319444444444445,0.0
v1.0,v1.0,v1.0,A1_grid_cap_plus_attack,D_oracle,P_no_containment,3,0.5024406565656566,0.9089446458664254,0.8929021572835217,,0.0,0.8173611111111111,0.0
v1.0,v1.0,v1.0,A1_grid_cap_plus_attack,D_oracle,P_no_containment,4,0.5687111742424242,0.9251003673325987,0.7559600516251239,,0.0,0.6708333333333333,0.0
v1.0,v1.0,v1.0,A1_grid_cap_plus_attack,D_oracle,P_no_containment,5,0.48767897727272735,0.9053459780516853,0.9234058490652503,,0.0,0.85,0.0
v1.0,v1.0,v1.0,A1_grid_cap_plus_attack,D_oracle,P_no_containment,6,0.5344766414141415,0.9167545206984142,0.8267026559699836,,0.0,0.7465277777777778,0.0
v1.0,v1.0,v1.0,A1_grid_cap_plus_attack,D_oracle,P_no_containment,7,0.5501805555555557,0.9205828907140952,0.7942519200319745,,0.0,0.7118055555555556,0.0
v1.0,v1.0,v1.0,A1_grid_cap_plus_attack,D_oracle,P_no_containment,8,0.5077799873737375,0.9102462916717569,0.8818689070645986,,0.0,0.8055555555555556,0.0
v1.0,v1.0,v1.0,A1_grid_cap_plus_attack,D_oracle,P_no_containment,9,0.576249053030303,0.9269379849401257,0.7403836983748795,,0.0,0.6541666666666667,0.0
v1.0,v1.0,v1.0,A1_grid_cap_plus_attack,D_oracle,P_no_containment,10,0.510606691919192,0.9109353982745794,0.8760277745957572,,0.0,0.7993055555555556,0.0
v1.0,v1.0,v1.0,A1_grid_cap_plus_attack,D_oracle,P_no_containment,11,0.5608592171717173,0.9231861823247582,0.7721854195941285,,0.0,0.6881944444444444,0.0
v1.0,v1.0,v1.0,A1_grid_cap_plus_attack,D_oracle,P_no_containment,12,0.5771912878787878,0.9271676871410663,0.7384366542185992,,0.0,0.6520833333333333,0.0
v1.0,v1.0,v1.0,A1_grid_cap_plus_attack,D_oracle,P_no_containment,13,0.5627436868686869,0.9236455867266399,0.7682913312815675,,0.0,0.6840277777777778,0.0
v1.0,v1.0,v1.0,A1_grid_cap_plus_attack,D_oracle,P_no_containment,14,0.547353851010101,0.9198937841112726,0.8000930525008162,,0.0,0.7180555555555556,0.0
v1.0,v1.0,v1.0,A1_grid_cap_plus_attack,D_oracle,P_no_containment,15,0.5520650252525253,0.9210422951159769,0.7903578317194134,,0.0,0.7076388888888889,0.0
v1.0,v1.0,v1.0,A1_grid_cap_plus_attack,D_oracle,P_no_containment,16,0.5633718434343434,0.9237987215272673,0.7669933018440469,,0.0,0.6826388888888889,0.0
v1.0,v1.0,v1.0,A1_grid_cap_plus_attack,D_oracle,P_no_containment,17,0.4958450126262627,0.9073367304598393,0.9065314663774857,,0.0,0.8319444444444445,0.0
v1.0,v1.0,v1.0,A1_grid_cap_plus_attack,D_oracle,P_no_containment,18,0.5055814393939394,0.9097103198695616,0.8864120100959199,,0.0,0.8104166666666667,0.0
v1.0,v1.0,v1.0,A1_grid_cap_plus_attack,D_oracle,P_no_containment,19,0.5194008838383839,0.9130792854833607,0.8578553624704721,,0.0,0.7798611111111111,0.0
v1.0,v1.0,v1.0,A1_grid_cap_plus_attack,D_oracle,P_no_containment,20,0.5102926136363637,0.9108588308742659,0.8766767893145173,,0.0,0.8,0.0
v1.0,v1.0,v1.0,A1_grid_cap_plus_attack,D_oracle,P_no_containment,21,0.5219135101010102,0.9136918246858697,0.8526632447203906,,0.0,0.7743055555555556,0.0
v1.0,v1.0,v1.0,A1_grid_cap_plus_attack,D_oracle,P_no_containment,22,0.5476679292929294,0.9199703515115863,0.799444037782056,,0.0,0.7173611111111111,0.0
v1.0,v1.0,v1.0,A1_grid_cap_plus_attack,D_oracle,P_no_containment,23,0.5253683712121213,0.9145340660893194,0.8455240828140287,,0.0,0.7666666666666667,0.0
v1.0,v1.0,v1.0,A1_grid_cap_plus_attack,D_oracle,P_no_containment,24,0.5564621212121211,0.9221142387203675,0.7812716256567712,,0.0,0.6979166666666666,0.0
v1.0,v1.0,v1.0,A1_grid_cap_plus_attack,D_oracle,P_no_containment,25,0.566198547979798,0.9244878281300898,0.7611521693752055,,0.0,0.6763888888888889,0.0
v1.0,v1.0,v1.0,A1_grid_cap_plus_attack,D_oracle,P_no_containment,26,0.5379315025252526,0.9175967621018641,0.8195634940636216,,0.0,0.7388888888888889,0.0
v1.0,v1.0,v1.0,A1_grid_cap_plus_attack,D_oracle,P_no_containment,27,0.5058955176767678,0.9097868872698751,0.8857629953771599,,0.0,0.8097222222222222,0.0
v1.0,v1.0,v1.0,A1_grid_cap_plus_attack,D_oracle,P_no_containment,28,0.5065236742424243,0.9099400220705023,0.8844649659396395,,0.0,0.8083333333333333,0.0
v1.0,v1.0,v1.0,A1_grid_cap_plus_attack,D_oracle,P_no_containment,29,0.5420145202020202,0.9185921383059412,0.8111263027197392,,0.0,0.7298611111111111,0.0
v1.0,v1.0,v1.0,A1_grid_cap_plus_attack,D_oracle,P_no_containment,30,0.5567761994949496,0.9221908061206812,0.7806226109380108,,0.0,0.6972222222222222,0.0
v1.0,v1.0,v1.0,A1_grid_cap_plus_attack,D_oracle,P_no_containment,31,0.5319640151515153,0.9161419814959054,0.8318947737200648,,0.0,0.7520833333333333,0.0
v1.0,v1.0,v1.0,A1_grid_cap_plus_attack,D_oracle,P_no_containment,32,0.5665126262626262,0.9245643955304034,0.7605031546564452,,0.0,0.6756944444444445,0.0
v1.0,v1.0,v1.0,A1_grid_cap_plus_attack,D_oracle,P_no_containment,33,0.5215994318181818,0.913615257285556,0.8533122594391509,,0.0,0.775,0.0
v1.0,v1.0,v1.0,A1_grid_cap_plus_attack,D_oracle,P_no_containment,34,0.49678724747474756,0.9075664326607803,0.9045844222212049,,0.0,0.8298611111111112,0.0
v1.0,v1.0,v1.0,A1_grid_cap_plus_attack,D_oracle,P_no_containment,35,0.5633718434343434,0.9237987215272673,0.7669933018440469,,0.0,0.6826388888888889,0.0
v1.0,v1.0,v1.0,A1_grid_cap_plus_attack,D_oracle,P_no_containment,36,0.5256824494949495,0.9146106334896331,0.8448750680952686,,0.0,0.7659722222222223,0.0
v1.0,v1.0,v1.0,A1_grid_cap_plus_attack,D_oracle,P_no_containment,37,0.545155303030303,0.9193578123090773,0.8046361555321375,,0.0,0.7229166666666667,0.0
v1.0,v1.0,v1.0,A1_grid_cap_plus_attack,D_oracle,P_no_containment,38,0.5159460227272729,0.9122370440799108,0.8649945243768342,,0.0,0.7875,0.0
v1.0,v1.0,v1.0,A1_grid_cap_plus_attack,D_oracle,P_no_containment,39,0.507465909090909,0.9101697242714432,0.8825179217833592,,0.0,0.80625,0.0
v1.0,v1.0,v1.0,A1_grid_cap_plus_attack,D_oracle,P_aggressive,0,0.6893669191919193,0.9992816175235215,0.3990645842242993,,0.8416666666666667,0.009722222222222222,0.0
v1.0,v1.0,v1.0,A1_grid_cap_plus_attack,D_oracle,P_aggressive,1,0.7017141414141415,0.9992816175235215,0.3814743064465216,,0.7916666666666666,0.009027777777777777,0.0
v1.0,v1.0,v1.0,A1_grid_cap_plus_attack,D_oracle,P_aggressive,2,0.6662094065656566,0.9992816175235215,0.430972096850562,,0.9243055555555556,0.011111111111111112,0.0
v1.0,v1.0,v1.0,A1_grid_cap_plus_attack,D_oracle,P_aggressive,3,0.6748789141414142,0.9992816175235215,0.42084425594147107,,0.9097222222222222,0.011111111111111112,0.0
v1.0,v1.0,v1.0,A1_grid_cap_plus_attack,D_oracle,P_aggressive,4,0.7036904671717173,0.9992816175235215,0.3768590918000568,,0.7652777777777777,0.009027777777777777,0.0
v1.0,v1.0,v1.0,A1_grid_cap_plus_attack,D_oracle,P_aggressive,5,0.6646036616161617,0.9992816175235215,0.4343833973556125,,0.9423611111111111,0.011111111111111112,0.0
v1.0,v1.0,v1.0,A1_grid_cap_plus_attack,D_oracle,P_aggressive,6,0.6893669191919192,0.9992816175235215,0.39892569533541056,,0.8402777777777778,0.009722222222222222,0.0
v1.0,v1.0,v1.0,A1_grid_cap_plus_attack,D_oracle,P_aggressive,7,0.6996295454545455,0.9992816175235215,0.385190846850562,,0.8055555555555556,0.009722222222222222,0.0
v1.0,v1.0,v1.0,A1_grid_cap_plus_attack,D_oracle,P_aggressive,8,0.6763877525252526,0.9992816175235215,0.4181548620020771,,0.8979166666666667,0.011111111111111112,0.0
v1.0,v1.0,v1.0,A1_grid_cap_plus_attack,D_oracle,P_aggressive,9,0.7120790404040405,0.9992816175235215,0.366803851901067,,0.7486111111111111,0.009027777777777777,0.0
v1.0,v1.0,v1.0,A1_grid_cap_plus_attack,D_oracle,P_aggressive,10,0.6769852904040405,0.9992816175235215,0.4167587130121781,,0.8923611111111112,0.010416666666666666,0.0
v1.0,v1.0,v1.0,A1_grid_cap_plus_attack,D_oracle,P_aggressive,11,0.701748547979798,0.9992816175235215,0.38053712210308727,,0.7826388888888889,0.009027777777777777,0.0
v1.0,v1.0,v1.0,A1_grid_cap_plus_attack,D_oracle,P_aggressive,12,0.7122731691919193,0.9992816175235215,0.36640138977985487,,0.7465277777777778,0.009027777777777777,0.0
v1.0,v1.0,v1.0,A1_grid_cap_plus_attack,D_oracle,P_aggressive,13,0.7017548611111112,0.999246083249328,0.3801567834341397,,0.7784722222222222,0.009027777777777777,0.0
v1.0,v1.0,v1.0,A1_grid_cap_plus_attack,D_oracle,P_aggressive,14,0.6953002525252525,0.9991126372087813,0.3903479161575433,,0.8118055555555556,0.009722222222222222,0.0
v1.0,v1.0,v1.0,A1_grid_cap_plus_attack,D_oracle,P_aggressive,15,0.6996974116161616,0.9992816175235215,0.38470631402227917,,0.8013888888888889,0.009722222222222222,0.0
v1.0,v1.0,v1.0,A1_grid_cap_plus_attack,D_oracle,P_aggressive,16,0.7016547979797979,0.9992111370127688,0.38015989316043514,,0.7770833333333333,0.009027777777777777,0.0
v1.0,v1.0,v1.0,A1_grid_cap_plus_attack,D_oracle,P_aggressive,17,0.6662094065656566,0.9992816175235215,0.430972096850562,,0.9243055555555556,0.011111111111111112,0.0
v1.0,v1.0,v1.0,A1_grid_cap_plus_attack,D_oracle,P_aggressive,18,0.6754786616161617,0.9992816175235215,0.4195500640222792,,0.9027777777777778,0.011111111111111112,0.0
v1.0,v1.0,v1.0,A1_grid_cap_plus_attack,D_oracle,P_aggressive,19,0.6779707702020202,0.9992816175235215,0.41382878876975393,,0.8729166666666667,0.010416666666666666,0.0
v1.0,v1.0,v1.0,A1_grid_cap_plus_attack,D_oracle,P_aggressive,20,0.6769852904040404,0.9992816175235215,0.41682815745662266,,0.8930555555555556,0.010416666666666666,0.0
v1.0,v1.0,v1.0,A1_grid_cap_plus_attack,D_oracle,P_aggressive,21,0.6810783459595959,0.9991126372087813,0.410368433834311,,0.8673611111111111,0.010416666666666666,0.0
v1.0,v1.0,v1.0,A1_grid_cap_plus_attack,D_oracle,P_aggressive,22,0.6958037247474748,0.9991126372087813,0.3897749994908766,,0.8111111111111111,0.009722222222222222,0.0
v1.0,v1.0,v1.0,A1_grid_cap_plus_attack,D_oracle,P_aggressive,23,0.6866102904040404,0.9992816175235215,0.4038698241232893,,0.8597222222222223,0.010416666666666666,0.0
v1.0,v1.0,v1.0,A1_grid_cap_plus_attack,D_oracle,P_aggressive,24,0.7013568181818182,0.9992816175235215,0.3820746852344004,,0.7916666666666666,0.009722222222222222,0.0
v1.0,v1.0,v1.0,A1_grid_cap_plus_attack,D_oracle,P_aggressive,25,0.7014871843434343,0.9992816175235215,0.37961793018389545,,0.7708333333333334,0.009027777777777777,0.0
v1.0,v1.0,v1.0,A1_grid_cap_plus_attack,D_oracle,P_aggressive,26,0.6893669191919192,0.9992813235047042,0.3981621592691024,,0.8326388888888889,0.009722222222222222,0.0
v1.0,v1.0,v1.0,A1_grid_cap_plus_attack,D_oracle,P_aggressive,27,0.6756301767676769,0.9992816175235215,0.4193291044263195,,0.9020833333333333,0.011111111111111112,0.0
v1.0,v1.0,v1.0,A1_grid_cap_plus_attack,D_oracle,P_aggressive,28,0.6759464646464647,0.9992816175235215,0.4188739276586428,,0.9006944444444445,0.011111111111111112,0.0
v1.0,v1.0,v1.0,A1_grid_cap_plus_attack,D_oracle,P_aggressive,29,0.6891055555555555,0.9992816175235215,0.3975203923051075,,0.8236111111111111,0.009722222222222222,0.0
v1.0,v1.0,v1.0,A1_grid_cap_plus_attack,D_oracle,P_aggressive,30,0.7017141414141415,0.9992816175235215,0.3814743064465216,,0.7916666666666666,0.009027777777777777,0.0
v1.0,v1.0,v1.0,A1_grid_cap_plus_attack,D_oracle,P_aggressive,31,0.6887693813131313,0.9992816175235215,0.40025239988086514,,0.8451388888888889,0.010416666666666666,0.0
v1.0,v1.0,v1.0,A1_grid_cap_plus_attack,D_oracle,P_aggressive,32,0.7017018308080809,0.9992816175235215,0.37933383927480435,,0.7701388888888889,0.009027777777777777,0.0
v1.0,v1.0,v1.0,A1_grid_cap_plus_attack,D_oracle,P_aggressive,33,0.6806616792929293,0.9991126372087813,0.41085454494542206,,0.8680555555555556,0.010416666666666666,0.0
v1.0,v1.0,v1.0,A1_grid_cap_plus_attack,D_oracle,P_aggressive,34,0.6672700126262627,0.9992816175235215,0.4297031574566225,,0.9222222222222223,0.011111111111111112,0.0
v1.0,v1.0,v1.0,A1_grid_cap_plus_attack,D_oracle,P_aggressive,35,0.7016547979797979,0.9992111370127688,0.38015989316043514,,0.7770833333333333,0.009027777777777777,0.0
v1.0,v1.0,v1.0,A1_grid_cap_plus_attack,D_oracle,P_aggressive,36,0.6872416035353536,0.9992816175235215,0.4031690665475317,,0.8590277777777777,0.010416666666666666,0.0
v1.0,v1.0,v1.0,A1_grid_cap_plus_attack,D_oracle,P_aggressive,37,0.6920332702020202,0.9992816175235215,0.39389823321419837,,0.8166666666666667,0.009722222222222222,0.0
v1.0,v1.0,v1.0,A1_grid_cap_plus_attack,D_oracle,P_aggressive,38,0.6766244949494951,0.9992111370127688,0.41602352952407134,,0.8805555555555555,0.010416666666666666,0.0
v1.0,v1.0,v1.0,A1_grid_cap_plus_attack,D_oracle,P_aggressive,39,0.6763034722222223,0.9992816175235215,0.41830858674955185,,0.8986111111111111,0.011111111111111112,0.0
v1.0,v1.0,v1.0,A1_grid_cap_plus_attack,D_oracle,P_conservative,0,0.7131002525252524,0.9994505978382616,0.3745729189577225,,0.8409722222222222,0.008333333333333333,0.0
v1.0,v1.0,v1.0,A1_grid_cap_plus_attack,D_oracle,P_conservative,1,0.725061994949495,0.9992816175235215,0.3577445084667237,,0.7902777777777777,0.008333333333333333,0.0
v1.0,v1.0,v1.0,A1_grid_cap_plus_attack,D_oracle,P_conservative,2,0.6981819444444445,0.9993520980342742,0.3983594268033154,,0.9236111111111112,0.009722222222222222,0.0
v1.0,v1.0,v1.0,A1_grid_cap_plus_attack,D_oracle,P_conservative,3,0.7004565656565657,0.9992816175235215,0.394711048870764,,0.9090277777777778,0.009722222222222222,0.0
v1.0,v1.0,v1.0,A1_grid_cap_plus_attack,D_oracle,P_conservative,4,0.724922474747475,0.9992816175235215,0.35507152866874364,,0.7645833333333333,0.007638888888888889,0.0
v1.0,v1.0,v1.0,A1_grid_cap_plus_attack,D_oracle,P_conservative,5,0.6885077020202022,0.9992816175235215,0.4099238013960164,,0.9416666666666667,0.009722222222222222,0.0
v1.0,v1.0,v1.0,A1_grid_cap_plus_attack,D_oracle,P_conservative,6,0.7131128787878788,0.9994505978382616,0.3744214038062073,,0.8395833333333333,0.008333333333333333,0.0
v1.0,v1.0,v1.0,A1_grid_cap_plus_attack,D_oracle,P_conservative,7,0.7222930555555556,0.9993520980342742,0.36188720458109325,,0.8048611111111111,0.008333333333333333,0.0
v1.0,v1.0,v1.0,A1_grid_cap_plus_attack,D_oracle,P_conservative,8,0.700819633838384,0.9994505978382616,0.39279103764459095,,0.8979166666666667,0.009027777777777777,0.0
v1.0,v1.0,v1.0,A1_grid_cap_plus_attack,D_oracle,P_conservative,9,0.7331248106060607,0.9993520980342742,0.34511794953058805,,0.7479166666666667,0.007638888888888889,0.0
v1.0,v1.0,v1.0,A1_grid_cap_plus_attack,D_oracle,P_conservative,10,0.7006096590909091,0.9992816175235215,0.39257878876975394,,0.8916666666666667,0.009027777777777777,0.0
v1.0,v1.0,v1.0,A1_grid_cap_plus_attack,D_oracle,P_conservative,11,0.7253998106060606,0.9994505978382616,0.35612752754358096,,0.7819444444444444,0.007638888888888889,0.0
v1.0,v1.0,v1.0,A1_grid_cap_plus_attack,D_oracle,P_conservative,12,0.7342630681818182,0.9993520980342742,0.3437713586214972,,0.7458333333333333,0.007638888888888889,0.0
v1.0,v1.0,v1.0,A1_grid_cap_plus_attack,D_oracle,P_conservative,13,0.7254376893939394,0.9994505978382616,0.3556729820890355,,0.7777777777777778,0.007638888888888889,0.0
v1.0,v1.0,v1.0,A1_grid_cap_plus_attack,D_oracle,P_conservative,14,0.7179666666666669,0.9993171517977151,0.36688052895385287,,0.8111111111111111,0.008333333333333333,0.0
v1.0,v1.0,v1.0,A1_grid_cap_plus_attack,D_oracle,P_conservative,15,0.7233195707070708,0.9993520980342742,0.3604440227629114,,0.8006944444444445,0.008333333333333333,0.0
v1.0,v1.0,v1.0,A1_grid_cap_plus_attack,D_oracle,P_conservative,16,0.7254503156565657,0.9994505978382616,0.3555214669375203,,0.7763888888888889,0.007638888888888889,0.0
v1.0,v1.0,v1.0,A1_grid_cap_plus_attack,D_oracle,P_conservative,17,0.6981819444444445,0.9993520980342742,0.3983594268033154,,0.9236111111111112,0.009722222222222222,0.0
v1.0,v1.0,v1.0,A1_grid_cap_plus_attack,D_oracle,P_conservative,18,0.700775441919192,0.9994505978382616,0.393321340674894,,0.9027777777777778,0.009027777777777777,0.0
v1.0,v1.0,v1.0,A1_grid_cap_plus_attack,D_oracle,P_conservative,19,0.7051099747474748,0.9992937563004033,0.3861194621364857,,0.8722222222222222,0.009027777777777777,0.0
v1.0,v1.0,v1.0,A1_grid_cap_plus_attack,D_oracle,P_conservative,20,0.7006791035353536,0.9992816175235215,0.39257878876975394,,0.8923611111111112,0.009027777777777777,0.0
v1.0,v1.0,v1.0,A1_grid_cap_plus_attack,D_oracle,P_conservative,21,0.7096386994949495,0.9993520980342742,0.38096517175281036,,0.8666666666666667,0.009027777777777777,0.0
v1.0,v1.0,v1.0,A1_grid_cap_plus_attack,D_oracle,P_conservative,22,0.7185285353535353,0.9993520980342742,0.366207280338669,,0.8104166666666667,0.008333333333333333,0.0
v1.0,v1.0,v1.0,A1_grid_cap_plus_attack,D_oracle,P_conservative,23,0.711520643939394,0.9993520980342742,0.378319338419477,,0.8590277777777777,0.009027777777777777,0.0
v1.0,v1.0,v1.0,A1_grid_cap_plus_attack,D_oracle,P_conservative,24,0.7250556818181817,0.9992816175235215,0.35782026604248135,,0.7909722222222222,0.008333333333333333,0.0
v1.0,v1.0,v1.0,A1_grid_cap_plus_attack,D_oracle,P_conservative,25,0.7251645833333333,0.9992816175235215,0.3553849756384408,,0.7701388888888889,0.007638888888888889,0.0
v1.0,v1.0,v1.0,A1_grid_cap_plus_attack,D_oracle,P_conservative,26,0.7129912878787878,0.9992816175235215,0.37398188220409745,,0.8319444444444445,0.008333333333333333,0.0
v1.0,v1.0,v1.0,A1_grid_cap_plus_attack,D_oracle,P_conservative,27,0.7007817550505051,0.9994505978382616,0.3932455830991365,,0.9020833333333333,0.009027777777777777,0.0
v1.0,v1.0,v1.0,A1_grid_cap_plus_attack,D_oracle,P_conservative,28,0.7007943813131313,0.9994505978382616,0.3930940679476214,,0.9006944444444445,0.009027777777777777,0.0
v1.0,v1.0,v1.0,A1_grid_cap_plus_attack,D_oracle,P_conservative,29,0.7127930555555556,0.9992816175235215,0.3732773367495519,,0.8229166666666666,0.008333333333333333,0.0
v1.0,v1.0,v1.0,A1_grid_cap_plus_attack,D_oracle,P_conservative,30,0.725061994949495,0.9992816175235215,0.3577445084667237,,0.7902777777777777,0.008333333333333333,0.0
v1.0,v1.0,v1.0,A1_grid_cap_plus_attack,D_oracle,P_conservative,31,0.7130623737373737,0.9994505978382616,0.3750274644122679,,0.8451388888888889,0.008333333333333333,0.0
v1.0,v1.0,v1.0,A1_grid_cap_plus_attack,D_oracle,P_conservative,32,0.725095138888889,0.9992816175235215,0.35538497563844074,,0.7694444444444445,0.007638888888888889,0.0
v1.0,v1.0,v1.0,A1_grid_cap_plus_attack,D_oracle,P_conservative,33,0.7094676136363637,0.9993520980342742,0.38120570205584065,,0.8673611111111111,0.009027777777777777,0.0
v1.0,v1.0,v1.0,A1_grid_cap_plus_attack,D_oracle,P_conservative,34,0.6986952020202021,0.9993520980342742,0.3976378358942244,,0.9215277777777777,0.009722222222222222,0.0
v1.0,v1.0,v1.0,A1_grid_cap_plus_attack,D_oracle,P_conservative,35,0.7254503156565657,0.9994505978382616,0.3555214669375203,,0.7763888888888889,0.007638888888888889,0.0
v1.0,v1.0,v1.0,A1_grid_cap_plus_attack,D_oracle,P_conservative,36,0.7116917297979798,0.9993520980342742,0.37807880811644673,,0.8583333333333333,0.009027777777777777,0.0
v1.0,v1.0,v1.0,A1_grid_cap_plus_attack,D_oracle,P_conservative,37,0.7147359217171716,0.9992816175235215,0.37064002614349145,,0.8159722222222222,0.008333333333333333,0.0
v1.0,v1.0,v1.0,A1_grid_cap_plus_attack,D_oracle,P_conservative,38,0.7011327020202021,0.9992816175235215,0.3908751902849054,,0.8798611111111111,0.009027777777777777,0.0
v1.0,v1.0,v1.0,A1_grid_cap_plus_attack,D_oracle,P_conservative,39,0.7008133207070708,0.9994505978382616,0.39286679522034856,,0.8986111111111111,0.009027777777777777,0.0
